hp_gvm_estimations_step1 = [
    (np.array([1.0680075767120607, 1.3145561472167626, 1.4542609816856331, 0.8603579500122079, 0.40338861206645227, 0.360019738578894, 1.0727358181224556, 0.7725357670583668, 0.1770935675259583, 1.5135614356259355]),
     np.array([[0.08196226681461881, 0.004516629503386265, 0.15746926087315177, -0.6500391581633109, 0.41391915883429625, 0.4325260791563173, -0.010113462767111999, -0.0419449154732013, -0.10556453746757676, -0.060310725900553745], [1.3294036937074105, -0.5296362781851436, -0.2941050871401261, 0.17282806443260487, 0.2710174289661624, 0.31144259792025986, -0.1489566366568511, -0.11533823006419387, 0.054879965690555206, 0.043292494239250794], [0.2467250788597708, -0.9745391536413559, 0.8262536942898958, 0.015979021881970066, -0.10062135799279266, 0.3518069298166342, 0.039058799402218264, -0.018775653334226743, -0.05149014557309881, -0.0746322563209854], [-0.49768393140463096, 0.07276523623179493, 1.079311245126328, -0.7254098375705348, 0.17513467661887105, 0.27900654174985984, -0.1467955715835255, 0.03799003302287396, -0.06363049463196109, -0.004544342603396733], [1.179655690363205, 0.49138530714628764, 0.28531849581032026, -0.16415087550054286, 1.4199551555769983, 0.16236832812161206, -0.15093855441402468, 0.09811677074310006, -0.062457702106781705, -0.08157291895282606], [0.002377253014838494, -0.17044555909785916, 1.0890342345071524, -0.8228917487496464, 0.15561532361979796, 0.24229890434209642, -0.05422056190404209, 0.03377502959965742, -0.03518201102545934, -0.010867163034646226], [0.04729754583133856, -0.016720196539060463, 0.11629946006485517, 0.14161739433050788, -0.14477439365390654, 0.6421395129394807, -0.37567148912653847, -0.18721353032355367, -0.10781612421603279, -0.05474865753650281], [0.12251389255951847, -0.046469048331533334, 0.034019931981275696, -0.011432467213052501, 0.0787747648589106, 0.06404146174810048, 0.2004240067444909, 0.6325486222158715, 0.7052695671523377, 0.07804015090387875], [-0.04437089549524393, 0.04130948156928445, -0.08766519733043682, -0.030088111800425886, 0.011336474715161906, 0.34167949802266695, 0.3487424201803517, 0.4131039333430524, 0.3437701295450552, 0.06637245368373601], [0.10472090171172775, 0.031573692068434966, -0.13047820901335028, -0.047284960783020365, -0.14164821852881654, 0.14823567203604393, -0.21565471761297272, 0.07754794620419835, 0.3927961749064513, 0.4392696042785993]]),
     np.array([3.9229037002964757, 4.401086035216386, 2.0507691825025587, 3.306899748031942, 8.193743648848315, 1.411381937020067, 4.154365245370064, 2.373438860565933, 1.406302136709343, 2.8317466551546646]),
     np.array([[-0.10643357486932031, -0.2183271345179135, -0.10373260597757919, 0.053074390474941946, 1.0922710946009804, 0.724591156428512, 0.04595502239026977, 0.6014549519003305, -0.21667189763470385, -0.36551056281910793], [1.0498795878540668, -1.030083493258762, -0.7663905873189447, -0.08626055007861022, -0.1062999637564212, 0.7011880622452807, 0.2817537467650341, -0.1258601214925311, 0.5216828531797512, -0.16402135888028574], [0.059867498661885364, -1.0339458127373473, 0.4522240919830109, -0.08715816786403256, 0.03759560847381987, 0.33261882074667076, 0.23939705376754858, 0.03270763046373982, -0.12519331061513114, -0.058120489442307036], [-0.36777588951652423, -0.2530171749350833, 1.4306000391647546, -0.983724839065545, 0.42125715748717346, -0.1602469065682242, 0.16118631500054428, -0.09271659271765506, -0.23485712486617327, -0.021724644776745725], [0.6423613583610778, 0.04556648154266353, -0.23127816427286801, -1.440356485747769, 0.42302326668194523, 0.0016233733129421741, 0.8580663965176982, 0.4792702832007079, 0.261201849093628, -0.10256205350809695], [-0.20494985656028158, 0.023442481055333263, 1.0363669914708034, -1.0265548887397535, 0.16500273476563554, 0.2756139254998177, 0.00617400805671396, -0.08994230845829272, 0.06847862986678027, 0.011143193782579094], [0.1843270059515, -0.21173075539830036, -0.16472861002366013, 1.1209414216265463, -0.22011245418047143, 1.124003660780263, -0.041244847114071774, -0.6738413069203335, 0.11990751113902094, 0.0866261609797974], [0.16331172138823238, -0.12378525156715281, 0.07289464789043125, -0.2718701749739015, 0.09282109392818583, 0.046587344117060614, 0.10902005829464397, 0.3608588702612172, 0.8394867423088342, 0.03367755184373339], [-0.12428488822494359, -0.18277367372357847, -0.09656062728156765, 0.02777624206018742, -0.03809470380927129, 0.3124694860381061, 0.30703558957624516, 0.5924576749241737, -0.39514345989484795, -0.06873983854064382], [0.175369388193174, 0.517839073099558, 0.15444523606366248, 0.3387125518927975, -0.32178562871668576, -0.008048293043081686, -0.0562729491325364, -0.025988903567053332, 0.2033081480357813, 0.7991528005999449]])),
    (np.array([0.9685323850338057, 1.588748275787897, 1.2606575489648777, 0.7497100719303232, 0.5537236879002718, 0.27413879869144536, 1.052364693253698, 0.9372655379236072, 0.3618308213597176, 1.4126506146253905]),
     np.array([[0.3613637203146101, 0.04263680628191394, 0.39008100604151835, -1.0495608189975199, 0.5418344682962729, 0.4985793395445271, 0.1002975083379689, 0.06639674860552051, 0.1643074885365563, 0.00040414654177427017], [1.1821890371362103, -0.8889588886469213, -0.08625849180852305, -0.2837540219111297, 0.13404349837280735, -0.1992509113423491, -0.11501670024367018, 0.0013408357463633414, 0.036297144812106684, -0.13153091439894243], [0.22146615041825524, -1.0061751550331937, 1.223323585463526, -0.01980143345713929, -0.271271989971449, 0.4665492936021568, 0.14689567955570657, -0.0017502360172111176, 0.05738242832403169, 0.021868941412152162], [-0.3740191123552921, 0.0278682890998886, 0.7974904017569249, -0.731170436128047, 0.26675220960512264, 0.25359877112248014, -0.11949777283661704, 0.10321419416479707, 0.05614019429825647, 0.015455839645520416], [1.3671202494320913, 0.11261275019387129, 0.2951013907664418, -0.447918827418124, 0.9499223478817548, 0.04369463128913156, 0.05516803269712627, -0.054447451815438086, -0.024974438901568585, -0.05603892137278192], [-0.028725109875589173, -0.10147901141835462, 1.2662625050526646, -0.9554632618147835, 0.09725772437464814, 0.17042315401561609, -0.02325320366687319, 0.044343636521325364, -0.046289483006441645, 0.0226819805377167], [0.16646329032727072, 0.05166952216796866, -0.08348840399835862, 0.1450401748847588, 0.06246083996599607, 0.6599796479442364, -0.6037137821626458, -0.30062018204847324, -0.07912959219713254, 0.007664465447567147], [0.08980820430616525, -0.05015079718136235, 0.004895605534089058, -0.06863787101204719, 0.033278224980228074, 0.0372406316077694, -0.1111687725286188, 0.570433060042748, 0.4861615423363107, -0.06705852652403965], [0.051629988901428614, -0.005539024067801182, 0.053818607499827004, -0.09984000966589152, 0.011329779621233915, 0.23126363122581964, 0.4042497136209546, 0.552867986046251, -0.18730034927507347, -0.05545312259333966], [-0.2479606673883236, 0.07959950904309772, 0.014758297472011041, -0.206515995180226, -0.00993603876356263, 0.12310560774051298, 0.20144718915570678, 0.10249927017643129, 0.5887693640256758, 0.6875275465110767]]),
     np.array([5.451200418617682, 3.2457898781599086, 2.1565549733030225, 3.2603222608694593, 6.381529548748815, 1.6930353710027233, 4.050234748321128, 1.237039645118386, 1.7836394564930957, 2.391657114673231]),
     np.array([[0.18142757288365605, 0.43721752909524525, 0.3276983208244275, -0.2574532857028046, 0.34677295435592553, 0.4762240040536226, -0.15726554958705, -0.07733821987764579, 0.8002030590611579, -0.09314821479761949], [0.8720385349062532, -0.9134535222215757, -0.10675926824503833, 0.2032096705386365, 0.3655964941877939, 0.07140684447328569, -0.035063700868159235, 0.011739722532241577, 0.1696083654631299, 0.06906963152452651], [0.2176584668060216, -0.6512761947652683, 0.7365489079961126, -0.14170108067323425, -0.3266062741431459, 0.29677545539874123, -0.035366456788318956, -0.2082112985624379, -0.3493354777266766, -0.10257754543726912], [-0.1343417215604645, -0.1331535204930067, 1.4094270551268628, -0.9530994886917001, -0.04503732914146573, 0.45087825495566486, 0.20304909017296413, -0.08444186909149491, -0.20499461563775234, -0.0274426791717602], [1.1481415464177687, 1.2430456061519748, 0.47249294825242844, -0.9845306124286571, 0.3341821640786304, -0.7680054368692897, -0.6077385127693594, -0.4168872421572084, -0.15607158208432007, -0.15287414612373657], [-0.10163278679459428, -0.0341568989535231, 1.1320881438380817, -0.8300477781807685, -0.1757797548459623, 0.39988241291721954, 0.001685561781800937, 0.049879560176993215, -0.04362450155058853, 0.14643789229324572], [0.3300937410873516, -0.22814101325213318, -0.3057815550852367, 0.4312740959370055, -0.01964309187793026, 0.5578504561480752, 0.04131308616861696, -0.16370241543156558, -0.12668085395092263, 0.28503010406539786], [-0.15784928442522816, -0.026110300343206844, 0.20570138724468048, -0.18522968634027323, 0.30127092504328884, -0.23714010266116203, 0.057447689824447035, 0.1449975404814284, 0.4512873924690931, 0.036202891388645526], [-0.1266214038406298, 0.13043341927474236, -0.024775252560896438, -0.2123262223122409, -0.0709843567371017, 0.38911150439391323, 0.3396271683240323, 0.7879854127113584, -0.0825108327040492, -0.010041046260206797], [0.19452173112088328, -0.10170297927519624, -0.17755671062175882, -0.21993041890036039, -0.007011188349432664, 0.03137034717153803, 0.16422317845469803, -0.11495476057396993, 0.5766057117336492, 0.7570455911937374]])),
    (np.array([1.0008979098976298, 1.3225374905048821, 1.3832290771357165, 0.7241451717554702, 0.46992667167377, 0.31135315791002793, 1.1048733381779565, 1.0511649364835272, 0.45739819311678925, 1.4049861387350817]),
     np.array([[0.8674434695632788, -0.04523290022879704, 0.18963197038125548, -0.70001113470027, 0.75619255229744, 0.7553669410560888, -0.13614441437685182, 0.04803241126643444, 0.0071774129780106605, -0.1601737332802282], [1.2485509785027786, -0.24711854762461768, -0.49609161236623706, 0.22462961603950038, 0.23560666947098707, 0.12245894730977558, -0.05765831036097926, 0.030445881203479557, 0.04483957264217882, -0.005445355352006373], [0.19684794380211776, -1.0388432148686584, 0.2883518303683693, 0.062473850999347, -0.16592780754886963, 0.41727855174847955, -0.014415138893818706, 0.01225608760505699, -0.05875829178872665, -0.023973888533079326], [-0.4289653175810653, 0.002079528853170985, 1.2546415768129993, -0.6150733126182757, 0.34167050833068807, 0.30549894927093063, 0.03642303849269956, -0.05586047726967191, 0.02722908174311039, 0.029273506070571366], [1.5103730315788069, 0.291639968302416, -0.05849565638508733, -0.25760733764115185, 0.9267471603111668, 0.15486904837937734, -0.05400262267357216, -0.07588007906605167, -0.00761062313511671, 0.008171669844064209], [-0.03926597848371185, -0.1681970331826434, 1.0474314345533238, -0.8276482755697234, 0.19284870911122734, 0.42626883426307643, 0.020006728267644866, 0.0023616829176559347, 0.02713847776080512, -0.018073196246271732], [0.11846467576364168, 0.07690710304555637, 0.045058213735718486, 0.033639614060531606, 0.10397034410575741, 0.45514042687222883, -0.21268005629229197, -0.3663371708692443, -0.004499348263700468, -0.024810948584192746], [0.1438980883062984, -0.01730571955624712, -0.04635769759612555, -0.013196573515745316, 0.06464491560254727, -0.019789025353319584, -0.09420802183668, 0.4571198562506026, 0.3404550858220972, -0.008916322927738926], [0.0874577726906162, -0.12706777425491542, -0.028106758566037865, 0.016259232101171438, 0.13414021558698128, 0.2540749798054267, 0.16132669283086845, 0.4972050158698669, -0.2800387472622104, 0.018260524685188215], [-0.1668438336099749, 0.045357236385394926, -0.010827217773786297, -0.1991894373750631, 0.036684618314354475, 0.13923283318969526, 0.17595456901280468, 0.05186881898105797, 0.51390893888863, 1.169182321781134]]),
     np.array([5.626934602103119, 3.652368318826566, 2.3367447472673497, 4.189911973995414, 5.589115406232811, 1.2246690746351718, 3.297453628300886, 1.857625568598672, 1.7505561832726675, 2.7306065131335093]),
     np.array([[0.48518674209668283, -0.24655242653836384, 0.581299832005543, -0.8449355833431133, 1.2361202898896417, 0.44723009051312385, 0.3518571255586965, -0.7399076925513558, -0.12071080149334015, -0.3139116076722585], [1.0288691821206482, -1.1946758726989117, -0.7011424179502264, -0.07173093426855419, 0.41439921757676385, 0.32675266658752755, 0.01567957115203053, -0.12541910048927107, -0.3461347150894976, 0.040565958520944474], [0.4042117106688232, -1.1073323397778314, 0.7163198885858462, 0.12530143655998902, 0.1871803079399208, 0.22156475107487322, 0.36560870459802053, 0.13054312575709998, -0.31604733087463316, -0.06183151906655555], [-0.39462338940702046, 0.007191961403406527, 1.5301718011749639, -1.2180487687548294, 0.05866086753251322, 0.41384793089785, -0.3319422461408534, 0.09333066563567778, -0.16798211711368569, -0.07388349748435762], [0.26857003395363616, 0.014044114230993965, 0.39759206849988044, -1.627305288783584, 0.18324850692035488, 0.5171959014551873, 0.3299384625968524, -0.5380801379420851, 0.7294590750527811, 0.2965420530579448], [0.09941012666790641, -0.08421088149402102, 0.8470893678010416, -0.8789472357511651, -0.05946846180321125, 0.03817489216629142, -0.03790879478840012, 0.012604881711511374, 0.05494942671890747, -0.03475715724076093], [-0.047345035422099044, -0.03990454793842849, -0.03227320470226449, 0.13957821002231532, -0.14435882235867636, 0.5659051225957892, -0.008810042926184541, -0.4289106109348294, 0.15822376307785946, 0.07661519928893222], [-0.1713217770980378, -0.021861776166796566, 0.19091599786486482, -0.3162569665102717, 0.015344098319166003, -0.00875337471795979, 0.11913529898172329, 0.46484448718204324, 0.6762994090075222, -0.016281584515186822], [0.07056850750284699, -0.13513730182576142, -0.06804024286782728, 0.2901660493037733, -0.08563810822004979, 0.305649953714891, 0.4800505078410361, 0.6518173204851817, -0.283202267412255, -0.05564651128203277], [0.20505293894733664, -0.3396359838252423, -0.05981717469412504, -0.306670577461037, -0.37063389322530566, 0.004098102890067832, 0.11217567470959904, 0.12996848777239592, 0.2776023182329902, 0.6200307047385339]])),
    (np.array([1.0328330520057931, 1.2814404755757753, 1.311756082132204, 0.8835983620490729, 0.384371380293817, 0.36433579225892704, 0.951748469625712, 0.961897125432472, 0.2415219697314362, 1.4931955923000355]),
     np.array([[0.4845582712916135, 0.05907587850789171, 0.29328833940723975, -1.0907440669084272, 0.5020986980997619, 0.6955964162284931, 0.06132246107425527, -0.01828705419018796, 0.007264704985047805, -0.07570594767005219], [1.0636227677766168, -0.355914987939827, -0.22210392234227547, 0.048160326430254294, 0.19429209419575016, -0.005794996995601044, -0.03585571568171467, -0.037099603694042076, 0.09548728784520984, -0.08267012315522082], [0.10394303752479851, -0.8765577316296965, 0.6601095629477391, 0.13555626738519092, -0.10553963501076925, 0.3018879988863087, 0.0129126537716846, 0.006136365428799815, -0.0740124442774962, -0.044559831891405895], [-0.3878107750516794, -0.12713477382590924, 1.3505532526406785, -0.9592959277771561, 0.23311367541932143, 0.23439278027507018, -0.22326558784005102, 0.00541950358400805, 0.02126904993396462, -0.010796096136275328], [1.0889184189586738, 0.13776837178747564, 0.04493133432130244, -0.13941488809835698, 1.0258251376411665, 0.12788308459677117, 0.037633908546921585, 0.0818096013506557, 0.0665534155202049, 0.03739092363766574], [-0.07998590224883423, -0.11466181470909467, 1.0536340711777872, -0.86869233857963, 0.17899063641399635, 0.2949571133354846, -0.050394672510388656, -0.04767582462522759, 0.034176362321858104, 0.010201295103620495], [-0.08012659374913811, 0.1338847145098951, 0.15274480515164213, -0.18020176650887196, -0.047997870371257016, 0.5851352419417374, -0.027872363928296128, -0.11683048577339883, -0.021972662371240948, 0.00849620716820995], [0.10329465453836863, 0.08412725920512519, 0.25648975323474404, -0.16058765176780931, -0.06882081403509178, -0.19172996993639496, -0.05225113663939941, 0.7744530022226981, 0.6380828895992015, -0.03646719175180276], [0.10175731892670918, -0.08942350096677837, -0.03020791583181415, 0.03513256834135212, 0.16318961374701227, 0.40190755456801974, 0.3369478721116423, 0.47686210670686274, 0.1997475394077642, -0.002736207271491102], [-0.00042299718781451073, -0.014904778030783229, 0.01918925376285758, 0.03957348350624491, 0.16120300995911774, -0.11679357405738448, 0.24041588426098376, -0.023576285002399684, 0.3865862168185416, 1.0243245507060013]]),
     np.array([6.711222612503708, 2.7756056800709943, 2.030858444445083, 4.203127524767201, 5.661917579501957, 1.5217581894335972, 3.064909964448668, 2.662631032675065, 1.5243804633293245, 3.3310258824579804]),
     np.array([[-0.21706862851076422, -1.2898359023970527, -0.1864982382230036, -0.8007364579045725, 0.9885260681948876, 0.6907725988658555, -0.2726487307748077, 0.28315084144544034, 1.466628432290803, 0.09034093645938401], [0.7298955894792054, -0.6519087361761112, -0.0052522973546598245, -0.26265792667160803, 0.29402708784197334, 0.03170657533341667, -0.04537155513986282, -0.009100520876930437, 0.036552678854630066, -0.059759922552728904], [0.2553753939509876, -0.6727810897361556, 0.9552654671582401, 0.04065894533508044, -0.30647508488184944, -0.12074235013655552, 0.032570316333590206, -0.0408968578104709, -0.01764985577145142, -0.1770874286939051], [-0.3943347856211446, -0.19511100055336159, 1.4592571247410482, -1.0562285603988966, 0.4990634680485966, 0.3164605246015578, -0.3272811062929529, -0.05547292050337173, 0.2503410832247431, -0.27690686122948077], [0.5423229455950258, 1.5217221873048623, 0.15460886037893845, -1.1628637832165516, 0.027476068891585822, 0.23214813954836705, -0.5238710720692369, 0.24412395808722026, -0.7009191940498016, -0.0968047968266849], [-0.1794471120871506, -0.33676248364412437, 1.0310650427453112, -0.8378044218564508, 0.3714342139758194, -0.011214499532219561, -0.038619887684534504, 0.011322337320176679, 0.04974520412707238, 0.09950671926533472], [0.04911981803788434, 0.38854330046000446, -0.16421857700072248, -0.2579389865340853, 0.24887134136758335, 0.9966504432955672, -0.6324773601533341, -0.25983397423664717, -0.19804204984696938, 0.123740137173195], [0.3351866995100392, -0.11333473710249165, 0.0593889819121313, 0.2636337283469836, -0.18502292126529013, -0.18192425700411594, 0.33507887977289497, 0.7916528765279663, 0.2734888477557615, -0.2882781119388246], [0.17744846734952008, -0.1329286007459791, -0.16298783931780217, 0.004191973894880394, -0.04715466543879792, 0.43363201498586157, 0.22930105177371843, 0.4924264279908705, -0.4035439814412843, -0.00547722145934699], [-0.32573071458686914, 0.14735605849159877, 0.5464848337543183, -0.27577954608650246, 0.1234969369118073, -0.2825499875636623, -0.3236343114997635, -0.11080502853085522, 0.6262061121537985, 0.7169264441083919]])),
    (np.array([0.9537477515765714, 1.2994345236854246, 1.1579143837997035, 0.7885456542354521, 0.38442780605016846, 0.3253313373816798, 1.2004679974097145, 0.9314960390862481, 0.2598955898169829, 1.4527641753366507]),
     np.array([[0.9918508418019754, -0.0019157643851423483, 0.5399033504377219, -0.9313992172002655, 0.6132292783506785, 0.611172521896911, 0.19836597658545643, -0.15735146672027422, 0.17164803431450254, -0.04138428937621745], [0.8670089247942648, -0.19220381333910275, -0.16517231929331894, -0.12466856118844034, 0.36168604239097707, -0.03635077219191116, 0.00023713886179527917, 0.08811442331701384, -0.034166377544373, 0.04517434022928338], [0.2616956429971509, -0.9446832328404334, 0.620193824956233, 0.2726788828193528, -0.13892276794296948, 0.18346696075269914, 0.049706184581366795, 0.03705210248701536, -0.02073807602234951, -0.0087751432148008], [-0.3749052117180963, -0.003782661771817352, 1.3981689365381227, -1.0258786419474288, 0.273748749635066, 0.417702001016661, -0.00806795266191288, -0.036493480211938954, -0.00927669566508957, 0.043270898370223417], [1.283367632560166, 0.34410876223298426, 0.13510913178928646, -0.27749383643678804, 0.3786393184522762, 0.04332219659038655, 0.11817602707935643, -0.05314742274954226, -0.03989957708628713, 0.050684508481138396], [0.0029087445985844797, -0.10240406810347986, 0.9416940113566103, -0.7638177898866507, 0.041242408641860594, 0.30555465183501185, 0.01732061004086983, 0.022976404862788888, -0.058783659227664126, -0.006435696728649991], [0.01328865686017056, -0.013348777404305772, 0.009942023095092938, -0.25215889250043844, 0.09491284609336637, 0.5557176832923534, -0.2845289149150551, -0.2924360701594737, -0.2240547659032233, 0.0021137868190893383], [-0.025172870947259337, 0.06478573708674626, 0.015075074185992474, 0.024960333357551746, -0.0032253554308876143, -0.05334725540611899, -0.005175331652042034, 0.6141728010663289, 0.34531573686635575, -0.09850229726896922], [0.03600701423832531, 0.014762024051113407, 0.01957997323812918, -0.06782466358516061, -0.01619592770981742, 0.39659645809266786, 0.4104662651815955, 0.6273172190860745, -0.2381344718997313, 0.0554889189087646], [-0.01212852641957491, 0.12082952026414458, 0.016900893384691883, -0.26388361011903505, -0.0426156691656297, 0.018329904392800665, 0.14627474560436776, 0.02368814998182235, 0.2031805379996658, 0.8580127315462295]]),
     np.array([7.635413224125972, 2.9633734015419524, 2.0878639388041957, 4.446818477188939, 5.3745261379273765, 1.4099844214238304, 3.4228213550744044, 1.4649633254560415, 2.2056151169567753, 1.7194504382119917]),
     np.array([[1.7691947764633131, 0.19588414985924468, 0.5322697260797031, -2.3287188710131774, 1.3069563808122893, 0.6081331421188837, -0.6955678464497398, -0.3937779131170747, -0.5283169395788391, -0.6041197450699959], [0.8458378703375801, -1.1765597352087094, -0.31326371511163115, 0.08504860686422759, 0.5837963826641414, 2.8797211989329806e-05, -0.29507833204480177, -0.11701908302315525, 0.0013368078255061764, 0.05797496769936353], [0.14986381658532222, -0.7185538502716416, 0.6501846373362236, 0.10823945326071482, -0.0981780987050179, 0.05896769173987607, 0.13100479950525287, 0.2058128418218046, 0.11703702515463786, -0.1330784210272132], [-0.8426092473429757, -0.003044994763040689, 1.460462389382566, -0.5656750528594162, -0.1949893524005112, 0.2834312767186896, 0.05471481115839779, 0.23535935993175833, 0.24807086096230077, -0.3195418136135705], [0.984468934657512, 0.5988287882342179, 0.3263527369665167, -0.28559417328602205, 0.26697094786156655, 0.15541130950122709, -0.22523422183626607, 0.6662760199336284, 0.5172253770531642, 0.37830487690930686], [0.12098150565955303, -0.08421843194117601, 1.2048058689469723, -1.0168620000637627, 0.06897083406855008, 0.18374036291345017, -0.011788431872210297, -0.092206270993254, -0.16664948207884991, 0.0065576681056497025], [0.38796840926301257, 0.3817135425339383, -0.19878336409935723, -0.4528846942137652, -0.5309781139571387, 0.5834336940441439, 0.1059220542778172, -0.035321499576869815, -0.21337392871383115, -0.14885953161630472], [0.1802750041834997, -0.11643850155214654, -0.021886143274005013, 0.0325000765750525, -0.243516798779023, -0.06195359395090098, 0.051646677384291496, 0.18283246384808016, 0.5850964946699874, 0.09217895494482324], [0.2815146316284604, 0.17439541947620235, 0.057089613321206094, -0.1011730201250308, -0.0795181089119022, 0.25003252783444296, 0.47447252266561096, 0.8211656318174921, -0.19989239755790464, 0.04571082645228304], [-0.06852614904470185, -0.022551267808364757, 0.08117223668565121, 0.08454250649235655, -0.29684859294367033, -0.1465115435813218, 0.15209407914265477, 0.026247855528986525, 0.36256769398841593, 0.25491131356610186]])),
    (np.array([0.8882809826180288, 1.442397287777723, 1.291777481175684, 0.8603443007364363, 0.4004731593475651, 0.368578117992969, 1.2103956674784508, 0.9825681985701636, 0.3432560200936087, 1.389215676147021]),
     np.array([[0.6826507512326272, 0.0369471496664145, 0.10605459011990583, -0.6958658483968939, 0.3092848360953655, 0.6759873729704362, 0.14493271153991796, 0.026954151267088673, 0.09764439688057325, 0.07203259621476986], [1.0045228701561981, -0.7875778765822344, -0.24153740797135473, 0.06879685438766579, 0.07061176527950835, 0.1856587053157441, 0.006697291553086595, -0.025393582786204943, -0.04322864415370957, -0.04323835549524277], [0.08108276837962293, -0.8135664322970612, 0.6405640710109185, 0.06699722666488801, -0.07644189306672006, 0.18059411861010163, -0.12840635666707817, -0.0018074781011596557, 0.04886089998978331, -0.02448534178045757], [-0.38178402495333613, -0.1227997058335969, 1.5175217904754381, -0.7847740945397907, 0.2644519826648427, 0.0011588307913515438, -0.04268738502941345, 0.007709630337009294, -0.09819589392102258, 0.07372014935054327], [1.0552765628727594, 0.09318884232142592, 0.186709676404419, -0.32808992177581825, 0.8300625311511143, 0.31131143930274313, 0.049948141779384156, 0.10075408508657914, 0.030255030923097295, 0.04843786896166413], [0.018018279461810612, -0.16583237921911964, 1.0936443580351771, -0.8224313490442249, 0.10167752812906608, -0.14420537267478242, -0.010224428381242172, -0.06152571006669459, -0.037438157443218996, 0.046474726347813425], [-0.026665177367835736, -0.01602942702547864, 0.046104628042789364, 0.11284481965659797, -0.12424622366214165, 0.4019691189537327, -0.4261506610433694, -0.3148245169548573, -0.15378475646455475, -0.027653558611620544], [0.07998205748817634, -0.07936626768073743, -0.11538817926543997, 0.21169192869367698, 0.20700470166428397, 0.1450844756599221, -0.07708896733839575, 0.1794807320479648, 0.4259886784913957, 0.06062995858334262], [0.017695052908220595, 0.05301801827546967, 0.0003274655952388103, 0.029154549059542036, -0.1357442128218271, 0.41285345048809247, 0.38332081413906444, 0.6025002975151943, 0.27139406052895815, 0.05792160259935478], [-0.1445666904409429, -0.014681795041703636, 0.1932615623771326, -0.18294508845926133, 0.08690670645815039, -0.12418697960677652, 0.14954423933697616, 0.0979147918263515, 0.538367505446564, -0.060868103556400245]]),
     np.array([5.272927084240355, 2.353719550079206, 2.086072411311073, 4.079993625862004, 5.623407578792554, 1.3305964926162035, 3.435220741463543, 2.25440854617176, 2.5081459011754474, 2.2847789425265352]),
     np.array([[-0.2336548265472089, -0.23737421766792957, 1.208712888769154, -0.8740819475319505, -0.048899973090371376, 0.3044089101572846, 0.5406982186683915, -0.27658187189894806, 0.31242946145825506, 0.17683543094020798], [0.9066630674046213, -0.6543188428869698, 0.09692433886437551, -0.2033424142704845, 0.2427299000721679, -0.11503564882798367, -0.08757164156253046, 0.013142912675003632, -0.08102716375506473, 0.13774584884815197], [0.21746506501715934, -1.2462413162672237, 0.8856505576023476, -0.197602125469662, -0.05023108708456432, -0.19233749744632497, 0.10798472386508663, -0.038804009662554505, 0.35154865376085953, 0.04297678187709327], [-1.2177334417150902, -0.04251165570920297, 1.622655918759405, -1.0494603413845196, 0.7026872934064259, 0.28898755982798074, 0.09850923378717276, -0.27544210672967506, 0.47520974262195614, -0.2796335272540005], [1.410405072031757, -0.03469580877182212, -0.18170663290281483, 0.23005454850242618, 0.9117383259422664, 0.24218962796668267, 0.4550035102625037, 0.42701969197128287, -1.2926420149264426, 0.19959423975662285], [-0.005542273610541268, -0.17497996195158208, 1.0410538691414837, -0.8318147540956022, 0.3064020130988087, 0.22267913591184424, -0.06387134986313824, -0.13102809638722826, -0.07232589634924486, 0.15433824771974466], [0.06786042144967543, -0.038166553771111285, -0.22063269316789572, 0.2128205520061764, 0.6458025553893065, 0.6844586339181831, -0.016294648989965965, -0.23018362297925427, -0.09926216313438141, -0.2779862883321701], [0.23317540974029918, 0.010756983655284937, -0.13138436871768266, 0.5881579911965393, -0.0010539288187509381, -0.24624536010555603, -0.4350579725507165, 0.6985251262647103, 0.7649907507914903, -0.03334121523117465], [-0.28507901552074205, -0.061563957650804545, -0.1780557037896521, 0.036979573217118464, 0.2701248039243391, 0.49041901428982604, 0.5406073434444121, 0.5997704826072779, -0.31273148854968186, -0.06941180428952312], [0.30379628951679566, 0.07620509465808673, 0.3199710385219752, 0.034788884308668416, 0.188170513596783, 0.09560830063736274, 0.0633954370449516, -0.04427179890532931, 0.9059296278467434, 0.6347615586283865]])),
    (np.array([0.9768162058270348, 1.2436614775934185, 0.959500019295204, 0.8534864307819784, 0.41414490882270044, 0.355017351207911, 1.1965934588471168, 1.24462203228506, 0.33640747728450965, 1.4778078156094274]),
     np.array([[0.7450708983613291, -0.07844494644080849, 0.20905486027344666, -0.834048136919801, 0.9012626569393594, 0.3874003718982861, 0.13657976072659175, 0.04695643549388886, -0.15188392428772235, -0.01694098793225435], [1.0206938010053397, -0.507890503095944, -0.21370362665682627, -0.10924160906649687, 0.11564793188286614, 0.07486714002218185, 0.043230239498372715, 0.08047515539146709, 0.28564198489091497, 0.024381731183072457], [0.3254386393613795, -0.8893572805128861, 1.6109733307252325, 0.1248430193798502, -0.12518929497572232, 0.1082910156153222, 0.037834050067198165, 0.03119157800970045, 0.13763161117990352, -0.05690541879469861], [-0.46181880584465207, 0.0023765414991494547, 1.5429915856973175, -0.9883257218178781, 0.22383414853287237, 0.26273636323534433, -0.06061266077022543, -0.08273438334451123, 0.013465642788082644, -0.03765893670557546], [1.303168569863088, 0.16106798445695372, 0.25590040910126866, -0.29106564699030546, 0.8092235345582298, -0.0005398318877656254, -0.012413236585165993, 0.051550551599468315, 0.07731843420138251, -0.00698099415466914], [0.018201783009800895, -0.10905845409641299, 1.006471062973313, -0.8833565023993943, 0.08283779182939478, 0.15536166690426867, -0.034218504857264444, 0.04192338694941418, 0.004191939076245965, -0.011813184096436325], [-0.18172031502307984, 0.04486552172804347, -0.12290717576315337, -0.04455999725337129, 0.030343849515928497, 0.5380437414926792, -0.37852708456709344, -0.31603139478385966, -0.050020190724570625, 0.08332755940531902], [-0.010800040126918702, -0.11687244361759686, -0.022780579316677624, -0.14837166542893804, -0.22858409390460824, -0.038225194407454664, 0.06870478338763263, 0.17885053344321003, 0.6491660559972897, -0.003200129070349984], [0.06668930920347374, -0.016501564819619507, -0.060302513078780894, -0.07258758605551757, -0.010585960504124525, 0.3046453088908897, 0.3523229937342362, 0.5480895396679777, 0.02049229150131526, -0.03744021504550249], [0.0215595547132357, 0.18325419090007036, 0.010987103814279055, -0.029904106066081976, 0.043169260168743506, 0.05550197852310133, -0.05954289320651318, 0.13117387013387968, 0.6341035764740667, 0.5458547498411581]]),
     np.array([5.924273830846931, 3.4311445441098183, 2.4031943946377727, 4.300355209230563, 6.759001639812739, 1.3625111045036784, 3.402639765477103, 2.4089522407789645, 1.6062148280713493, 3.1074226749824487]),
     np.array([[0.25547510063844486, 0.4700978906138414, 0.46101906925174524, -0.8878284359819717, 0.294201637345358, 0.9163252097267784, 0.10782426763094141, -0.7960967451950697, -0.4920662879872445, -0.12704180561084166], [1.4132025606534182, -1.1845017890052796, -0.3855091672330738, 0.4208598147839716, 0.06483517928993705, 0.0613137134743728, -0.07700471973041162, -0.10373571782867365, 0.1079279949795091, 0.10210668583833954], [0.08954234568997094, -0.9450017909038267, 0.812907068896251, -0.16418704231534348, -0.110457926912716, 0.5409181983723117, -0.4983172976239581, -0.06068494070996904, -0.022094041884642104, -0.05575100022981657], [-1.0178321997142272, 0.19120943464374032, 1.593629125163925, -1.0538191053264752, 0.616174782137746, 0.17807431624826722, -0.24612470772991976, 0.0640055843139849, -0.7713220286077048, 0.15575895616870414], [1.7581730600637173, -0.09144454667976427, 0.45761069141071753, -2.1202683647249523, 0.7459608394927253, 0.02393421095710682, 0.7765009976781, 0.30648223720251394, 0.5055514547497982, 0.1143698917066365], [-0.0965126116851776, -0.13757720659252698, 1.0886998168178246, -0.9565415009558131, 0.1289236001381884, 0.2101274285008991, -0.024657239330131944, -0.08233004284752284, 0.12764982112308385, -0.01533776183653606], [0.09242462587794305, 0.19004464456949255, -0.05964409181906935, -0.11352427383657114, -0.058164310067444394, 0.8949752114379037, -0.1704197831494388, -0.30773615612919986, -0.10937248748416055, -0.018999488116111945], [-0.12120784159764993, -0.0032056741480151045, 0.02060507887258952, 0.6989206947440066, -0.21069298555386481, -0.005136026987101846, -0.2975844190227518, 0.6147145583945354, 0.5764887543413845, -0.06093875163566286], [-0.0968247382015165, 0.05009048819080024, 0.028401246140470085, -0.13554446879726298, 0.29479090263037644, 0.25089818195356783, 0.2615349390669822, 0.5382917440263215, -0.029698600245964636, -0.16292530806677571], [-0.07570665687989676, 0.18173620462927728, 0.1338712651890028, 0.2639277115796797, -0.21500731737488976, -0.2663408652451523, -0.4768718263433148, 0.25073997749317467, 0.5467675138757887, 0.7338629771330213]])),
    (np.array([0.9754651898776273, 1.3941185256868143, 1.2780539988046338, 0.8151989552979545, 0.4651069547671281, 0.5249467454791301, 1.070718553714313, 1.029700741017765, 0.5152747042954272, 1.5031704601588063]),
     np.array([[0.8327595244017304, -0.018614686854194137, 0.26028617793478354, -0.9473936567602951, 0.7967483941616239, 1.0074064953866784, -0.020184950765986358, -0.038213523239404724, 0.14334849303687858, 0.008920682321866288], [0.909894614187813, -0.5629826129675496, -0.17640295722349897, -0.17870044405929028, 0.12990585090913337, 0.18539572190976567, -0.02547693842082922, 0.05905051357739114, -0.064031585065631, -0.09550554073741237], [0.2568363628003322, -1.114011529399893, 0.6942751507783413, 0.046740246778434094, -0.02180881058965578, 0.31523712967859574, -0.06644232629153181, 0.018682203508699716, 0.05201696853124202, 0.026437743825175067], [-0.5457500927527291, 0.02137041791623757, 1.2791501200042306, -0.9509873005373893, 0.2942260970975497, 0.40381161674189797, 0.03632475037311837, -0.0928377431011136, 0.04924836548615281, -0.022185662211529858], [1.1825726787895021, 0.2891614951679788, 0.1652838925199563, -0.14519993887203514, 0.6182420014493637, 0.06428178195258825, 0.05767455886594729, 0.07589052635804328, -0.20005476794414484, -0.02349679995869496], [-0.007742105790083884, -0.13761935317377935, 0.8924343005312309, -0.7468436066814845, 0.15500623168675548, -0.005068925076206483, -0.08702212500764255, -0.011166396461138657, -0.07060997010052712, -0.04095732592684998], [-0.11403103134850151, 0.004734999955955595, 0.15268501410032503, 0.09536887716594346, -0.012317747622079362, 0.7190737664559043, -0.3271871663720488, -0.29713323694232907, -0.1696301466868396, 0.02561567477838813], [0.21254256501457164, -0.07415340308091234, 0.09451136986997928, -0.09123303468486618, -0.1368429616507854, -0.28987241854465395, -0.013417293095172632, 0.7500995813037304, 0.7473059762648275, 0.05590130637513872], [-0.17649185158654532, 0.02137977319630457, 0.04042645007846515, -0.07085911070752132, 0.030684157917596985, 0.2897113636582035, 0.32259687289119177, 0.4710976085290099, -0.6192460138955996, 0.009435267506713852], [-0.005227547224034862, 0.14232417926936744, 0.13711327285600358, -0.1077696713581355, 0.1387101039111411, 0.198452982761369, -0.13658140932541588, -0.02236988049963128, 0.45765724588361195, 0.7025779169319321]]),
     np.array([9.906942158707666, 2.59802517284287, 2.1992735174467013, 4.695010147353434, 6.4739203662551805, 1.3677895038502763, 3.5616589726526833, 2.3907227616147417, 1.947009897310946, 3.342862392595121]),
     np.array([[1.7798616036495278, -0.6697019062826328, 0.13948392510929988, -0.8430601503576722, 0.984466335284856, 0.5084839572421489, 0.5789194504792824, 0.2246166717262938, -0.041088048483506605, 0.3808892225155963], [1.0291669009297757, -0.5510043139158827, -0.08402472210432674, -0.08214075540859607, -0.08653992872261235, -0.11874554782679778, -0.38924060351750056, -0.14155764008835986, 0.4668915346559976, 0.08945437635862614], [0.12054663401731106, -0.9442049229337859, 0.6790921257186817, 0.5016543441385951, -0.07319998473114468, 0.501508448453904, 0.1865553827011402, -0.1777200871383878, 0.06420239622524863, -0.08729055666750256], [-0.3619763662548797, -0.34314608391550466, 1.7640329255050362, -1.548880527434599, 0.31933091190131024, 0.7557376073461215, 0.2642931184788966, -0.23042253617861863, 0.239203826403586, 0.11464466395961967], [2.079007552641955, -0.7586830547097655, 0.38602283421559797, 0.368767781570543, 0.5144510674980409, 0.031058523836958264, 0.3199242769942113, 0.496500864911879, -0.16901394245832277, 0.5833573068402361], [0.09427829682141006, -0.31816327105130054, 0.9264452942085982, -0.6555147266089506, 0.1492211476462554, 0.30175801890024856, 0.05273338709698965, -0.019078896133550575, 0.04899448816394567, -0.0828246991786475], [0.12756093571441765, 0.17101446877512663, 0.2416644239332085, -0.03119624273484946, -0.14560489728223056, 0.6837262249769439, -0.33294672100078426, -0.5839495254069264, -0.08141497167011877, 0.20455428983056895], [0.18128760335438213, -0.22843577343953164, 0.16647706085484693, 0.02924963894779079, 0.0013745812223264764, -0.10182198558062847, -0.5210699563741658, 0.5978453349665989, 0.9143947042901771, -0.10281329028916952], [0.0739408935935846, -0.18576012386383878, 0.005456675297362588, 0.288860633211827, -0.14887685574790308, 0.4100113340742, 0.4687981434270124, 0.8927030650129345, -0.5272248005008028, 0.07798752666426743], [-0.07884445495758406, 0.20769173289563522, 0.24377195805674773, -0.6906306020560063, 0.04945847837854599, -0.36473555268792107, -0.1057438141118184, -0.3672962495064214, 0.8438477697665595, 1.1253295026354087]])),
    (np.array([1.109419649972073, 1.4872480089567348, 1.1646311745183928, 0.8634361710000477, 0.1853121362613065, 0.4463771726827636, 0.9721379867986938, 1.043420057082972, 0.4247554513283606, 1.3432436967863421]),
     np.array([[1.028349614641071, 0.05018950979665952, 0.30893525433678115, -1.20885631827307, 0.4700434646160122, 0.5150003153772312, -0.1627363599791181, 0.01711268554743047, 0.1709616183210093, -0.08141465672080908], [0.8883718441926556, -0.4206740108175388, -0.38575942234538535, 0.1273283702008688, 0.24109460189122806, 0.0887363010804393, -0.009161199829997965, -0.07925218704081886, -0.13864620836230304, 0.016983307704385255], [0.09423249852873455, -0.807530473398334, 0.905581214257666, 0.12269285219543592, -0.02675537699580806, 0.2769762523590548, 0.013359214320392719, 0.005037900120964015, 0.03239360623442307, -0.0031486974332089104], [-0.42123748967677327, -0.026852333303609706, 1.1075133735040623, -0.9060000476919937, 0.12637216139449103, 0.14442195960698942, 0.001651804681507171, 0.10036258151981661, -0.15585001427577183, 0.09878849491182226], [1.0086916272857547, 0.45632910997377124, 0.18604343647088536, -0.07389183353300298, 1.2735559281294564, 0.035866316023938874, 0.014540554257398001, 0.019443248326804764, 0.05040654245284379, 0.0971632865254636], [-0.014264648440947242, -0.17554490352456853, 1.0189668025580283, -0.8268466671788612, 0.11992047762018608, 0.12504426319318446, 0.004322503416959998, 0.013480005053427899, 0.009096839928085161, -0.056243175853968055], [0.05129074971168305, -0.05881476964703276, 0.0435733317585626, 0.052929256520545365, 0.002065237743247029, 0.18215140381833214, 0.5869462828151215, -0.048383857156753515, -0.043652856983772165, -9.672779339188628e-05], [0.017993877351605, -0.06917650770877537, -0.10984671099806284, -0.048586291971369634, 0.0980164182718784, -0.06754432059283381, -0.03902028761444244, 0.8308288562782831, 0.5640329457773761, -0.003210688522378702], [-0.06913838899864755, 0.0677478021122277, 0.03100622713629606, 0.012648677823444072, -0.007805667933877605, 0.2424503751828737, 0.38144116304225256, 0.4594496027824306, -0.39247976495030246, -0.061310937284408756], [-0.13597799820731593, 0.21915584324297382, 0.3121964463131441, -0.10357336357604646, 0.19640819902779494, -0.355723799244409, 0.3151908083719406, 0.07983966950031114, 0.5956520859475418, 0.7664431743676509]]),
     np.array([9.150487772044906, 2.660650215577662, 1.9915930303749436, 3.208798482394356, 3.9903602157694045, 1.4565272975522188, 0.3537140484845891, 1.8580204108061997, 1.719048188562134, 3.090814439466982]),
     np.array([[0.26263401352313454, -0.7849071989998693, 2.1052730251003586, -1.7937622737217294, 1.533186716645403, -0.23842875467352354, -1.281276299156041, 0.31884107735375355, -2.505357723379069, -1.3307408181138258], [0.7329620394423667, -1.0053095431389496, -0.10334005598165759, 0.22020810371486893, 0.1744759928238696, 0.034973528989569805, -0.26889120362506974, -0.10723487043200765, 0.23315317894056292, -0.1488911133529689], [-0.020326917022263365, -1.0488026774120476, 0.6729970413922838, -0.28334159334242737, 0.27655541052003163, -0.1058139235428824, 0.4209182106801991, -0.017340024009787798, 0.16521157996126787, -0.10168806912632297], [-0.22049588783778643, -0.21375552964800182, 1.288116356183954, -0.8492566341831201, -0.14263340509598493, 0.2337826797253012, 0.24449029929897031, 0.32828459065001253, -0.5338635594279548, -0.1279677021220986], [0.9461493869660896, 0.2457584738031537, 0.5118259828191443, -0.3696467644166384, 0.10168378330505246, -0.25627864691679453, 0.01572882624543929, -0.3544818950405858, 0.09448473388680308, -0.044182855621950595], [0.009220036577719394, 0.03206462725982941, 1.1764604146199518, -0.9711054718393889, 0.012443349039174509, 0.15451048740815476, -0.04566768104388365, 0.004190459139550495, -0.09810381283185551, 0.11739254118749473], [-0.03836485840982319, -0.021697166663417134, -0.04643898693033369, 0.10657358955039026, 0.04093619980416861, 0.07596566429341836, -0.1168655450184927, -0.0032826143651148534, -0.17270239138690344, 0.00577633034672998], [0.1355237171680093, -0.24178515745087834, -0.0970249031735495, -0.047034799221959286, 0.022134762772499803, 0.1492894549059344, -0.09453337464593418, 0.17683708339564938, 0.713538214303131, -0.007916614996271018], [0.0228122517717619, -0.01292997686656366, 0.11594277230471983, -0.27098519556295114, 0.0010588907020645832, 0.4486249209930691, 0.5154640315664004, 0.561178565610687, -0.10188167618988898, -0.10674086076586739], [-0.25584970101055343, 0.24189325540657136, 0.695353440080551, -0.27957531273387626, -0.1548557408642857, -0.3621157132964071, 0.0960387484762674, -0.04860642203163039, 0.271384976889174, 0.7275650465126086]])),
    (np.array([0.9918104442195981, 1.1609235089884808, 1.2454452356860275, 0.7305481315708146, 0.4282205257988219, 0.32356332654173114, 1.1559403625235862, 0.944998238895145, 0.5060559218624207, 1.4453511314283702]),
     np.array([[-0.06616064418976728, 0.01743179272499541, 0.21670258810754253, -0.7529092192459425, 0.5427110784022575, 0.7297630757018216, -0.01996838563930926, 0.13661067442916444, -0.012125869217226163, -0.04640341640373873], [0.9723699085064523, -0.43624812132799234, -0.17467434359922102, 0.1685349307824876, 0.2592959473338178, -0.11308237396154026, 0.07414518790917937, 0.20042713789759878, -0.2113824263117507, 0.019322647692549003], [0.17566980687988812, -0.9494825256016842, 0.5106244748439974, 0.04600332084027176, -0.17366697181247367, 0.174187415314393, 0.07940627880710605, 0.05212126376792303, -0.05308379960415552, -0.008922818018741467], [-0.298627937184302, 0.005761131707413059, 1.2906717919058222, -0.4190662350048671, 0.28150917119131874, 0.2209772597254483, -0.08204014207023325, 0.010573762634334977, 0.06504907752055096, -0.05344154033996493], [1.3788841957758216, 0.2481024722007321, -0.08385528971275483, 0.16416040959797246, 0.9911908346958849, 0.022636733799827793, 0.011908934848216288, -0.002776934476618906, 0.008029474986425941, 0.03592544948179836], [-0.009597571501673206, -0.10218877179825135, 0.90593589854518, -0.6762535412374673, 0.08917820901391973, -0.007609709359862283, 0.10190349294162997, -0.013899993170652297, 0.03379892143848264, -0.04291921862423821], [-0.10585255717243588, 0.05155431214829872, -0.03140311091071031, -0.0844163141017409, -0.00923238852600059, 0.5871981349559339, -0.16621594482329205, -0.28932541918099386, -0.08255030908939108, 0.003519182942294592], [0.18260526637569832, 0.11396669999418123, -0.03261780521864672, -0.0315684101878487, -0.022410587467310665, -0.07134017707907564, 0.015611331721562458, 0.16388345668546936, 0.6048859170976015, 0.09495561314647957], [-0.022879910802994296, -0.06244837356859198, 0.04193209905303477, -0.06099553748815781, -0.02483693123363588, 0.5002222974521121, 0.158976239965635, 0.5631275659618268, 0.09750255502577239, -0.07643513190742597], [-0.022027126724400124, 0.022698347958816718, -0.03140239849460015, 0.05342094978828081, 0.13206195288425768, -0.05125304311995074, -0.049115102240301745, 0.006153490752524887, 0.3959973519839541, 0.2725739350421313]]),
     np.array([6.492980729543934, 2.29478253591441, 2.2178871994021483, 3.6222792504628907, 6.909028739992916, 1.2257210857980734, 2.8369688187553552, 2.1770592256530823, 2.084047863706006, 2.4524922571365724]),
     np.array([[0.7949619613464712, -0.1538562599299027, 0.29379325097191267, -0.8828453719784164, 1.844179311316908, 1.781165517857856, 0.13915862467216814, -0.6725628854859277, 0.1643845245277459, 0.33493598446320205], [0.9106935353857684, -0.7373790799409053, 0.021204543968291106, -0.13322917845216767, 0.23939776983584646, -0.014835564004245965, 0.24502142908123886, -0.028579410146445952, -0.1636496198460904, 0.15120582199666857], [0.19004708572050918, -0.8011617122288277, 0.5553602437687536, 0.07280754256273174, -0.25185231778734946, 0.4536660566214388, 0.047855400986913474, 0.11408850906246715, -0.007928745695243725, 0.14019861691019583], [-1.3711521608838477, 0.15570540967884663, 1.4511566708488413, -0.9225173367260557, 0.07691516704444609, 0.6814921970646897, -0.06109272088493855, -0.011439698754820489, -0.29484468186297436, -0.20983581278968724], [1.4960898908181721, -0.1179910888993841, 1.0279863016869148, -0.10671214743571635, 0.32468954938728795, 0.7043171482066869, 0.1933601772421741, -0.22726222413392572, -0.02073998776626499, 0.25062051908389826], [0.16188905097721143, -0.15989051156300627, 0.7782419620382761, -0.6613178215228911, 0.10582179275953447, -0.019355534737059466, -0.012703156584964329, -0.009360170457561745, 0.10648016328116956, 0.04978469085938213], [-0.6799886494714041, 0.09635072851368982, 0.009631168555498892, 0.38116997086011184, 0.2722187286200339, 0.7688783867243351, -0.22928270209960946, -0.3771913554860087, 0.3075953243336219, -0.04063474570909597], [0.2586618247619543, 0.00035905825880044737, 0.18989397729288326, 0.04253676809478035, 0.09873870778184354, -0.1278524864778512, -0.03474386018218202, 0.6052925147458903, 0.44337618864154393, 0.018412185007064097], [0.07814072294792705, -0.1612411391581034, -0.06965802802198018, -0.04374545310622493, -0.36214876183013045, 0.7049220658107266, 0.22684321261167384, 0.8208925215856423, -0.22742076984587792, -0.16068604482839857], [0.05582734993811706, 0.49628380709318, -0.11949376620280729, -0.11173606940771307, -0.21489600404193254, -0.027245079932151403, 0.0005892736621466545, 0.11477144770593625, 0.28967459001325474, 0.7927233908621352]])),
    (np.array([1.0038518533380443, 1.4488848839724973, 1.3391355291285896, 0.812279910169961, 0.3000193821081827, 0.47599659689914386, 1.0896443916499392, 0.8696203349249861, 0.41247836657304393, 1.1370831925259308]),
     np.array([[0.5082275184830428, 0.020317503417138026, 0.2807790275835768, -0.8848142187665741, 0.5847183647532253, 0.5935479594242854, -0.010795864217536389, -0.0032675659098937546, -0.04437737274455118, 0.03709026851373257], [0.9511578429799388, -0.48766672567581687, -0.3901238836792793, 0.09159705387303325, 0.3432991902818678, 0.10718348291305628, 0.12471843774762037, -0.10886872869892912, -0.1182827913092636, -0.06592633333344565], [0.21905484988314128, -1.0385830664656113, -0.2286678360474498, 0.14937336016714187, -0.17607420528160178, 0.3641833041868846, -0.014411788954391358, -0.0033652595613832444, -0.03605649600509743, -0.06450539126449836], [-0.40009386355455684, -0.032540435991457575, 0.9570891979420865, -1.0418116971549671, 0.2062559594650505, 0.2528247373285805, 0.09928735261627579, 0.15265660902324238, -0.11034261657941295, -0.06265087213349609], [0.9776599758373684, 0.25169113444721053, 0.17712402243327985, -0.13601578384296842, 1.222760302247761, -0.11031487534551353, 0.08388119943662226, -0.014495481053205566, 0.2164878743894552, 0.07353040400768478], [-0.020098668507302107, -0.1237870193262499, 0.8523477888157508, -0.7557597948880097, 0.10366429551827092, -0.21386893771171891, -0.057925621145024864, -0.011202049709716711, -0.025289855929787858, -0.017876020363547556], [0.03466808524893968, -0.04375610813405549, -0.049939947907592444, -0.008563073473878954, -0.06313999101948249, 0.6987799630150032, 0.09523830172708658, -0.3316241415193261, -0.04080431500486537, 0.1087166066696018], [0.10902833298992272, -0.011741617275054246, -0.09905298966522161, 0.12003521532182522, -0.13424107908423794, -0.04359836397914521, 0.13475123895649557, 0.4200541386712827, 0.2713980433144017, 0.03428091991752457], [0.01765903476895242, -0.08464431492542497, -0.05477219561491488, -0.002856703535700417, 0.07072479856574886, 0.23459486006821648, 0.28686588271895774, 0.5963483558211625, -0.4195101394282045, -0.002712835341609054], [-0.030527943433834852, 0.15259839785683366, 0.04064189591719386, -0.002961730814862736, -0.04555240095818117, 0.07702692877404864, 0.16291162521853722, 0.065372642440818, 0.6787729069126129, 0.8684781815665013]]),
     np.array([5.679203935672016, 3.780834322552237, 2.405756577512243, 3.141107029658053, 5.058848094843445, 1.1319380770295862, 2.7847482501830743, 1.4251692074031694, 1.6831354933027245, 2.363713448429766]),
     np.array([[0.47340790719466874, -0.24581399341298732, 0.24054113990264525, -0.4557483114372029, 0.9744773931887609, 0.23354554761634608, 0.39948469450737256, 0.11480808391918931, -0.2632680960478763, 0.10763261363556227], [1.513220743437998, -1.0666303252510567, 0.0032419896441985615, 0.10155548965434226, 0.08373372582513114, 0.5033938115955016, -0.10521856167785577, -0.1959781555900232, -0.45922776981399116, -0.052475726517996], [0.37955240400416357, -0.9673537325247659, 0.6917876142470334, 0.4132155386121971, 0.26805389148670816, 0.7494106364434758, 0.017909199127831125, 0.20542646018916674, -0.10399593235476431, 0.20621155893570794], [-0.2547269772411491, -0.060757724029869634, 1.3904038307147133, -1.048495629305362, 0.1594784490847482, 0.08555860074959644, 0.10404918949341505, -0.10817310004646992, -0.1675440502072763, 0.2720590256447752], [0.889803789715512, -0.02515454968251601, 0.020253890517417654, -0.176143255670616, 0.7863057725893623, 1.8326962599351926, 0.14770948384748186, -0.32595390409478464, -1.193191827980672, -0.09389803142387206], [0.019690075902965044, -0.02106344933658962, 0.908352755681933, -0.7749480505291672, 0.07352067710545991, 0.10019035926721546, -0.2077919145170778, 0.03805113297994508, 0.1793899633561874, -0.0417402998162949], [0.22580054989889356, -0.00648236718444748, -0.19881080230990789, -0.10466982029045495, -0.16378698204436545, 0.7729490553432793, -0.3017351480362086, -0.21268456424342966, -0.35049247689966456, -0.040563464624056106], [-0.3298466834120861, 0.25713193971871906, -0.07381318229476257, 0.046092233497708704, 0.22214040069779395, 0.171227262034076, 0.0163329170089231, 0.45702952421572424, 0.46629270799059325, -0.09988717621987313], [0.009673382141511814, 0.06824062998841036, -0.0031312910767679093, 0.02000639296639587, -0.03432128629575283, 0.24079600385434002, 0.23937167409187388, 0.5077532267693499, 0.02103581061231474, 0.11512299166188046], [-0.03279100200828848, 0.09706218110778983, -0.22442319428305088, 0.16881173820221596, -0.1630375440704126, 0.03962674816699975, 0.3223980474809495, -0.0298441507597697, 0.6643304835515289, 0.43972594258171444]])),
    (np.array([1.0012763327330598, 1.4532923209257809, 1.2078841153704116, 0.9244289896884538, 0.4027944857484565, 0.2121945246990424, 1.1300338677048776, 0.9796909082680644, 0.024668028302290434, 1.2768578092983391]),
     np.array([[0.2899519081944243, -0.11845030652121774, 0.08824771534321607, -0.8780907367920948, 0.6363773612427197, 0.8427085687649537, 0.08113242689744786, -0.10614385291062563, -0.0006850132967080707, 0.09014613958384846], [0.9332326563354428, -0.8241273122765881, -0.25236293360554957, -0.029570422397095304, 0.03784039307391755, 0.07224630061127285, 0.010657297952786787, 0.2109142012568563, -0.10560764725624822, -0.07929619244453132], [0.20538633771169512, -0.9141926339246935, 0.580648701514643, 0.02647720111228286, 0.03649970219971522, 0.11399869387216816, -0.020149382882621348, 0.007165785363167353, 0.041508745405245545, -0.003918140360702522], [-0.3419044208821651, -0.1036069293420841, 0.9063452609648123, -1.0089838544275167, 0.2085448722098716, 0.1556131677035473, 0.12629361296723945, -0.11350704287964691, 0.08528930655935214, -0.1298502947632531], [1.3189585109345439, 0.25373533092382367, 0.11436186948175213, -0.22405735478034228, 1.2129584884366362, 0.05524462808413253, -0.10419524790569529, 0.08732218493386884, 0.12190694430236042, -0.05442850345091885], [0.00772722926067872, -0.12024469813403675, 0.98299706318162, -0.7660296118264064, 0.10498000812864565, 0.27532518003433554, 0.010565452060809853, 0.05108143440991372, -0.002380430979746765, -0.004263929250906179], [0.07003307979236892, -0.025090583109841625, -0.021986877311771603, 0.07483610244799128, -0.044647842866540985, 0.4427189697986418, -0.7134348116387612, -0.20908558105346092, -0.1656559218758515, 0.03307860850754374], [0.01624763959447934, 0.24971857901965513, -0.038233057007914496, -0.11154897300610177, -0.09867307401632833, 0.06250722515851054, -0.06963208132248909, 0.9642849820356211, 0.44061851202571073, 0.003970422621399778], [0.13117844152702124, -0.0657473787074267, -0.004663401304806671, 0.20151991506362915, 0.10575602539400361, 0.40278989322925046, 0.29205032545301157, 0.6639713581821518, 0.46802999588987804, 0.06296803131272546], [-0.02012292074309698, -0.04642913012383958, 0.12335296360427903, 0.08777378938229104, -0.016182597429371778, -0.09154260083449042, -0.012981760671828201, 0.021632233941873694, 0.5103986155699372, 1.0575990187624293]]),
     np.array([6.688830339461891, 2.7703894395727606, 2.194900775434268, 3.444920736506319, 5.160660263167405, 1.2172229608382947, 2.0816879790386666, 1.8931992913517366, 1.764628115846845, 1.9506921164849096]),
     np.array([[0.388018791606439, 0.5657376807916021, 0.026555706983032997, -0.753168649475846, -0.011904271873326547, 1.628603595088693, -0.4807892094030072, 1.0264435049768958, -0.17052675729553854, -0.41933803334212677], [0.8724164488410262, -0.7338587304753087, -0.29737989462695513, 0.10415859410621003, 0.38071172854299823, 0.2093126229682365, 0.08558641343019936, 0.028512377756947753, 0.06545867679417026, -0.0705851372899267], [0.13317985351947675, -1.0034270006567156, 0.7406357233784951, 0.08662634734366885, 0.023544615813372145, 0.21873834149213273, -0.06137680276668792, 0.040145820630035994, -0.055668060550608675, 0.06748735937793296], [-0.2970858359885378, 0.2458403198958377, 1.4770360472203226, -1.241417542893825, 0.15766983824775876, -0.06449387585767889, 0.03844933145278363, -0.0013947690249999033, -0.1342442700122734, 0.09167587079321579], [0.8738314066842257, 0.23711608175782217, -0.07942924828629282, -1.5481716353413824, 0.7656021477096452, -0.26608533218425306, 0.08671720347095455, 0.10254559105090048, 0.28245182689016474, -0.8403490301047711], [-0.05390171659555084, 0.062353625167352295, 0.9124044248944503, -0.8265369313516885, -0.062168974666388536, 0.21516094607386396, -0.1364364442346184, 0.013680312452892184, -0.09873804388767246, 0.08959861377812159], [0.12409706982290582, 0.12835468061220862, 0.24969888336211973, 0.13021835805911167, 0.06669626062947341, 0.06443563399358376, -0.04298550383191523, 0.09935839617078096, -0.09928980966662085, 0.08599649374520697], [0.368411012859968, -0.21924537162936492, 0.24925039882873756, -0.1846264996748086, -0.40905257594526434, -0.06436391217717774, -0.026913292635457848, 0.40823449066613476, 0.284571841066124, -0.13863068912091045], [-0.15855866357894793, -0.20988594199205268, -0.2183638085655847, -0.039362774858938736, 0.026840296023275388, 0.3635680208124074, 0.34423610187448056, 0.5777185368390684, -0.037515125018105624, -0.07772480864093378], [0.32749479506397167, -0.18395768322721226, 0.07675432319611918, -0.09402049158239947, -0.06666389658194233, -0.011021423976702754, -0.17896423550831594, -0.02105343967157436, 0.33833599293955335, 0.40626214294638185]])),
    (np.array([1.0918336425099358, 1.2514852859306207, 1.2513339642244217, 0.8676813553234566, 0.4458427365094968, 0.43035610574717564, 1.012417898356116, 1.0929327218858316, 0.17174092810288308, 1.5828089782591837]),
     np.array([[0.3644773562023993, -0.12174725249772274, 0.22255532153027155, -0.9119803823171384, 0.3190000231541414, 0.8472382908630043, -0.06641403272011999, -0.08964559291927125, -0.14331601874024338, 0.003267844714328407], [0.8182628895969262, -0.30234145226020603, -0.29443328514156586, 0.006499665523063758, 0.37282142504296906, 0.19876313163554743, -0.05802053936955973, 0.019616337178791157, 0.03745000872825674, 0.060705841552959786], [0.20169024503464728, -0.924337843131819, 0.9121454602312052, 0.03586784662791815, -0.037423443085501384, 0.3737828037415174, 0.011463525637261794, 0.022388981641537766, -0.02891575887630736, -0.008742392287579758], [-0.5910821026495608, 0.04873581719394811, 1.2599661087445773, -0.8910050511089239, 0.24045106781938527, 0.4946098617728776, -0.05270266733651352, 0.024723432917182115, 0.007000757495275166, 0.008996157516734977], [1.2558620523547495, 0.1374394993664648, -0.04435145324964359, -0.26718167758836625, 1.614216902377273, 0.1453131343415285, -0.0016021635663022633, 0.021052162151387256, -0.03324403548609714, -0.016154161831376503], [0.07305591629117054, -0.1493963161982843, 0.9463219797734012, -0.8689600494200393, 0.056109908145081135, 0.2355535351307024, -0.10381564723589576, -0.013637043837708609, 0.04612992881317737, -0.008987091242405352], [-0.18227104972681107, 0.06906737260510723, 0.03399589495149972, -0.059077380206368234, -0.030106530741801692, 0.47579072696675095, 0.5726953077033787, -0.16559811329251045, -0.056751372541119775, 0.09023002482462512], [-0.08197283097639523, -0.04299366957660405, -0.03581582697770351, 0.09115012992482284, 0.10848945105100427, -0.05413378326170378, -0.10940992780211296, 0.912417314949621, 0.9093306059314188, -0.04393415216411561], [-0.03933754247139056, -0.029816780310083262, 0.06833664206292377, 0.09697865091400833, 0.07566006552438855, 0.30647619079470206, 0.31850664507019194, 0.5595881896201544, -0.3130348826429638, 0.0711904505546274], [0.09412589648537897, -0.010868229912264446, 0.17283295115925268, 0.22719004392760647, 0.27031710526803665, -0.14820464779290465, -0.16308178852229285, 0.01804162406447425, 0.21674699304373163, 0.17426580159205043]]),
     np.array([5.097366250155973, 3.5765583183912533, 2.2859444237111997, 4.178952829457816, 6.43761519310804, 1.4226559325905632, 1.8507482764216605, 2.573958875191118, 1.7231833741834885, 2.2567241442722663]),
     np.array([[0.8233686694663346, -0.4024498120132975, 0.45574616483638136, 0.1277053006377014, -0.43205637943152503, 0.4904290410891193, -0.8106972709590425, -0.8785301665540381, 0.7361337040266744, 0.5401824512861307], [1.1545613133132848, -1.1514835022522718, 0.342163702655817, -0.232008906343446, 0.01669844624410551, 0.23610920833724974, -0.2315113498680425, -0.1703463554108279, 0.4082464371233141, -0.04558770581878547], [-0.08717794914137661, -0.9354301368558348, 0.39583443827265385, 0.19809883016136498, -0.0007601477425152268, 0.7395472132009759, -0.4380373799627058, -0.04405945682005879, 0.19013818099197136, 0.05218866572640214], [-0.25027042424693174, -0.12272453840823602, 1.463296465754547, -1.2455598677527058, -0.43873402689725977, 0.3827113684224139, 0.34506420283480616, -0.1342241996632907, 0.0027916102328528003, -0.11608021567069252], [1.2683501837971987, -0.9039163590120307, 0.33865088677133276, 1.1271092322456833, 0.4182004894179803, -1.4245018504080258, 0.008075520492162093, -0.560635037691419, 0.5430648679866804, -0.40099659344793864], [-0.10442930610670778, -0.11404451479299066, 0.9846077771549407, -0.7780987574078296, 0.15033342461807586, 0.42956890417579924, -0.14213695472021626, 0.018991902098336007, -0.16096024209733667, 0.01564033397259107], [0.013411230504683819, -0.20729148708113418, 0.0482665588531948, -0.30379341986876635, 0.04037681765030323, 0.5600515271113229, -0.3578566305412311, -0.35616651804681554, 0.09223138548634133, -0.10358751483343155], [-0.10091374490896945, 0.2854834045537725, -0.12608471534872864, -0.7907652664455902, -0.19304803182008448, -0.005173998626411, -0.016847998123681398, 0.5552121919027094, 0.9412389566345764, 0.0244597761877189], [-0.031185414027255456, 0.16646703865171675, 0.19770404875274983, 0.10206640119458289, 0.04443052112632545, 0.047498644867106296, 0.3429938013884569, 0.5842405759384509, -0.025155891223694965, -0.009218598320185893], [0.051198858756315906, -0.13632762733734047, -0.027537829820237357, 0.49681243426088384, 0.08517712262765957, 0.07672386445468302, 0.0628638001158548, -0.1570255993181641, 0.1463086553278607, 0.6764349880885014]])),
    (np.array([0.9536086399515727, 1.2645419662878474, 1.3973653039162846, 0.7536066784581944, 0.33092137941225097, 0.3525637275874759, 1.1869634196487953, 1.1429847796102104, 0.14928244918016248, 1.3859806128763226]),
     np.array([[0.20926167342672503, 0.13847499229182356, 0.3398914513974201, -0.7738640337702567, 0.7273259164686409, 0.7179689974903439, 0.20792211354317658, -0.09979385180780675, 0.11401251163511854, -0.10428301872638464], [0.9340632922965474, -0.7647616353560399, -0.09888983815877482, -0.2300367377832485, 0.3193553251497223, -0.2405590767892409, 0.19356150017521379, 0.0016175883522343065, 0.04293028114548164, 0.08269703230075759], [0.17154679867200726, -0.9173133445492173, 0.34002555174816307, -0.08762855353645667, -0.10779499151675408, 0.4287120529571727, -0.2127890280599671, -0.011995762004047754, -0.0026823451743673136, 0.03625191245510073], [-0.35423520247477497, -0.0015405861395931897, 1.5338250852533801, -0.8608642183771639, 0.3060703659317773, 0.06995871023977249, 0.06751542105387694, -0.04114662066002089, -0.08177179217710548, 0.10976715141316819], [1.0550953575762831, 0.22791720460767603, 0.17149261230724394, -0.24398851945754763, 1.0958052049816511, 0.0956420435480534, 0.005248009999288826, 0.032890761102988796, 0.0958308955731163, -0.020802964468891696], [-0.00778489476727308, -0.06563998681465184, 1.0410071702804873, -0.8670890806717194, -0.006487579531477656, 0.5450185297326771, -0.02324017221089317, -0.0226874576271244, -0.005183422489712655, -0.007164736462539138], [-0.005703844151487371, 0.05468534953402006, 0.014252945786277954, -0.056321521581670524, 0.10654223951777057, 0.586646787837954, 0.0483009678093022, -0.36949216307438165, -0.0013976031496662558, -0.03604379653625494], [-0.04011987590144281, -0.005055960237429418, -0.0897435040082746, -0.10455825874840137, -0.01652722166087396, 0.04899313327626304, 0.10013007372384011, 0.1471462981277794, 0.5784638745280171, 0.020321754984633872], [-0.03431731194903889, -0.007163187764459525, 0.0381179202358119, 0.031212693055714943, 0.03416716017342557, 0.2104261601325654, 0.35618563863090047, 0.5167183895774855, -0.27635966263222533, -0.01915241527226648], [0.2905684173804549, 0.18114057511140272, 0.09281927977445366, -0.1730274200388283, 0.1136154283562374, 0.20032073104122694, -0.015990893160517942, 0.16268746237082848, 0.3612577025054798, 0.5911366682099927]]),
     np.array([6.735820171636876, 3.9454786661205343, 2.1509294059639146, 4.637601383894616, 4.339053069681763, 1.409852192611202, 3.292591732706259, 2.385976033719571, 1.3835664735437232, 3.936985548155556]),
     np.array([[0.5105180437476288, 0.028971168754747294, 0.6056233264738148, -0.9178276236777918, 0.5202038213754349, 1.4122771073697369, 1.195055703151703, -0.4800948446376261, 0.24676476407681577, -0.4496770881531791], [1.4640074851187093, -1.3513949791495519, -0.02829454120261168, -0.32825921809960495, 0.6055370430302671, 0.173093781634407, 0.05122353969592955, 0.31743581122788345, -0.537153365685028, 0.45938032965839154], [0.2157456828855744, -0.7490694629375141, 0.4264560649607978, 0.35862536276276685, -0.31577536396556105, 0.4569928944801657, 0.23076148612271088, 0.07021043499112166, 0.0618155514408332, -0.17351254287275977], [-0.6246527924042626, 0.058427287972276226, 1.5417979742370775, -0.7608180490938911, 0.7289420288267429, 0.4741101527647571, 0.3774231433032948, -0.27879674268837007, -0.13787745565130044, -0.2960542607562317], [0.6836746781748959, -0.3001229078062328, 0.015323860143721998, -0.660982486430553, 0.2827063858447832, -0.6030743737371247, -0.2306853490255865, -0.8811709998996128, 1.0474528998841917, -0.07383549627254857], [-0.207938123957893, -0.24584874820799058, 1.0834457451677293, -1.077290059532825, 0.13002639104546998, 0.323390081425914, -0.030038333443963824, -0.15403427380661838, 0.03975215023143793, -0.009165610932689234], [-0.4127105871238168, -0.06127629073091774, -0.18151528035265507, -0.4544791414436761, 0.6230110965967659, 1.131243773375091, -0.20419045756885928, -0.1755045304302623, -0.4195618759414387, 0.055646264070706115], [0.2790988585820852, -0.10997382051739231, -0.34421883579008433, -0.28183077969308057, 0.21078474008302783, 0.18064105626498106, 0.33102441506665403, 0.5312933782782386, 0.7812895576337877, 0.054786175794256625], [-0.0875698380837145, 0.18579419569753494, 0.05718900668672213, -0.0517611813281634, -0.0011203384003588338, 0.45832059285071414, 0.48978388685632446, 0.5765569110968611, -0.3723557335619139, -0.00048127381249008194], [-0.32879026640013287, -0.2980079087981473, 0.16233048100548164, 1.4423028331934855, 0.5001908476498848, 0.08370494351810728, 0.1555960070016963, 0.0025940282608300975, 0.6926437130699873, 0.860169729069707]])),
    (np.array([0.9876844369614313, 1.2748890216949504, 1.239947684145331, 0.8118562853381335, 0.4576980840017018, 0.19417368594180676, 1.3133481583855344, 1.0118844263540439, 0.366875830376595, 0.8534599265733384]),
     np.array([[0.6790504695360272, 0.11042791870989557, 0.06679195684162591, -0.992494299712275, 0.674574316934463, 0.7374726986255409, 0.0286119817887044, -0.06889562885323386, 0.05671067005963105, 0.055701826774501584], [0.8438911106555081, -0.5065089472758559, -0.27080087933839675, 0.05998961702968021, 0.20715553825702285, 0.1550715736157704, 0.002347682461650078, -0.06235374263035871, -0.11333365638701955, 0.020500485665119462], [0.20784357854618332, -0.9482197237188132, 0.9546210567090079, 0.07249072036898563, -0.14078183127077054, 0.29624060954907205, 0.11745573993994365, -0.0010800993552573922, -0.0001883046515472458, -0.07050071838997175], [-0.4896255740994846, -0.06058463228985681, 1.2245747210786513, -0.9030677542617395, 0.269572968577469, 0.3768560206658558, 0.1798251747907823, -0.005606241581550312, -0.12824504845795237, -0.018114106882872582], [1.3810957150666734, 0.20212482513918276, 0.2539008471176154, -0.16166657131021256, 0.8126562367921112, 0.05864478211109386, -0.13515639413554956, -0.057097442408845796, 0.20271598684598705, -0.16599358936745215], [-0.014581785209989465, -0.09638472051480662, 0.9230338910843298, -0.792714866191234, 0.20347309413378079, 0.7811391460577897, -0.03393642670628607, 0.0408172708794726, -0.005907207338549729, -0.01156435726652676], [-0.09044704752449045, -0.027866053053085354, -0.07879813122192766, 0.08101456784407171, -0.09421180514813733, 0.5112776722038179, -0.7581009951787856, -0.21905988237333787, -0.12825438066673572, 0.03341835890544092], [0.12695213573635536, -0.04850659796923456, -0.17212763126117953, 0.17309036235565797, 0.11527918086271009, -0.008110934898061913, 0.3597305021481157, 0.601543760086322, 0.7021200598883119, 0.03716551424508113], [0.06899822846953922, -0.020240968716002578, -0.07014941688967384, -0.027436225720455537, -0.026583297333400206, 0.34345066978881944, 0.2863762025105737, 0.48256202016074057, 0.03431694217253495, 0.019378920597666674], [0.09986841247797051, 0.13390377951577118, 0.005811005371674633, 0.20832129570839444, 0.02176902683962657, 0.1816640250115008, 0.030723843367560105, -0.037437210906845, 0.3600230794396909, 1.260920070321743]]),
     np.array([5.495974389253742, 2.7711103353530033, 2.3459499125908354, 3.921143859830311, 4.795713408892838, 1.4893428370428068, 2.12865382606034, 3.781988720467461, 1.5873244733974057, 1.3955401211095009]),
     np.array([[0.26555435984720444, -0.25831560567651435, 0.5450695904572946, -0.9321386043432615, 0.699143896243242, 0.9215089424189377, 0.09428926908289052, 0.14868971332693456, -0.8442969527577368, -0.4670076715653977], [0.8436616416482198, -0.57455575193627, -0.05021658397341004, -0.15000295047894416, 0.23189588809747183, -0.10940694660900684, 0.4098557736210216, -0.13150952955658987, -0.029405773078088608, 0.051997815907174665], [-0.04614043395757875, -1.2299310566300201, 0.42929534576266654, 0.6059375070557405, -0.03053939203942959, 0.5005763628012281, -0.09655936014013115, 0.15356715445441121, 0.06843659911164142, -0.006615783900604174], [-0.6953013141936009, -0.24828696998310942, 1.7226407624062514, -1.1478955781817688, 0.14040837644450144, 0.3579212020554761, -0.3538259908687895, 0.40820834087957814, 0.2989496713010009, -0.21487640536573896], [0.5689124482071296, 0.4040313030231978, 0.1859847704286899, 0.07868203023847793, 0.4418673476301923, -0.5129158876105161, 0.3823873717581591, -0.4391140825267559, 0.6665268095878181, 0.42119720289066853], [-0.1617069993756514, -0.20608329266190098, 1.2384982929644628, -1.01306314249879, 0.08315234564215225, 0.127655015098933, -0.05693608689550991, -0.09082368174110513, 0.07759306714264594, -0.03888500906226323], [0.28380620608972335, 0.11996647270695436, 0.09943244487402174, -0.007682951439103889, 0.3310603296738622, 0.26286984649973355, -0.26108683441866826, -0.20345396215257, -0.017141394889524028, 0.10781835561814218], [-0.11106531051238755, 0.021905861050789194, 0.39211542542725786, 0.5286508377904245, -0.09675303468748717, -0.7038276517092427, -0.024000823562102893, 0.8188447884704091, 1.200606050519291, -0.0673498615074137], [-0.10029583740730343, -0.2598275609564899, 0.03976583542353271, -0.06783997692162683, 0.03160559653994093, 0.3905358957231923, 0.14194069042927135, 0.6011417690542188, 0.028167374048464085, -0.0373932741484869], [-0.1383404660585056, 0.012799302744612258, -0.08333164882042697, -0.060428984897164896, 0.0651772470291658, -0.0198153344922425, -0.21773207155060936, 0.17754761721897544, 0.21792794341930097, 0.29227765283703644]])),
    (np.array([0.9341750931720285, 1.5957322746442304, 1.2039732201457132, 0.6852325493198026, 0.4443230027318373, 0.22403802839129722, 1.0187875071307775, 1.0714251529206515, 0.22315515375786343, 1.293562938369824]),
     np.array([[0.6551785431234451, -0.062176136459680884, 0.438383651700195, -0.6591364792062192, 0.516980954290635, 0.5607453847174554, -0.16008917915061693, 0.14936546233076176, 0.05066704364110483, -0.04632439886732897], [1.06954590492506, -0.6513224100248436, -0.3403563537505846, -0.08856945907416096, 0.2914301847873607, -0.04832440043088806, -0.11596619510665808, -0.1323345994863107, 0.007417150399882124, -0.12488724459802891], [0.2240375977248417, -1.0463559788130845, 0.9089975843109582, 0.12174683028229544, -0.11000475609172576, 0.394093084590106, -0.08271857365798946, -0.0019269173831160363, 0.06290391527656371, 0.04077240340620411], [-0.49692456288891085, 0.0021317208939974123, 1.4415340318418675, -1.005325100684568, 0.25970440908552284, 0.38001014031726327, 0.050497329896018746, -0.12261084694331187, 0.10261925653909341, 0.08886785368990331], [1.4416639439392438, 0.23877513484085666, 0.15813039876592408, -0.1486694731492845, 0.9278761956325411, 0.08228915684816245, -0.09287311754998452, 0.0453762384046696, 0.08700194355902408, 0.04382226487844972], [-0.08237639438581949, -0.10019782679157627, 1.151447186974376, -0.8251709405532717, 0.10336261392433073, 0.1467887674875309, 0.044056023969222334, 0.008701360787437273, -0.003225178517821931, 0.05539615812451484], [-0.0038193932733875747, -0.0790350929855624, -0.04952892266729379, 0.18633911348228638, 0.05515139405034485, 0.6913732084027939, -0.5258926285768589, -0.27054648033459394, -0.14725414208751358, 0.0522452958557579], [-0.17780934955893213, -0.11325520090517129, -0.04283401018835401, 0.04724395684953691, 0.2469214386703268, -0.08105543652044118, -0.10184337115702156, 0.5470478765856464, 0.5751749811436155, 0.08480808264291535], [0.032733648534866336, 0.031016649723622898, -0.012260344686273596, 0.0198320270980836, -0.07110151553335486, 0.25726413287394684, 0.17422915935937386, 0.5228833518039558, 0.32213068245668947, 0.04093313710257611], [-0.19137180138363696, 0.38489435873298883, 0.06257452680369263, -0.06006024103768644, 0.16145404080999542, 0.02671071647421009, 0.17152899500632487, 0.15105628585992562, 0.43653553939656475, 0.8822744184334906]]),
     np.array([4.167148424534927, 3.3192048925869506, 2.3600403502472473, 3.3173390562482945, 6.217139672742383, 1.7242807082577993, 3.476789729646213, 2.472510325167882, 1.4831293276112218, 2.8257922619470106]),
     np.array([[0.8158254903853515, 0.12838210901211575, 0.1023015636696338, -0.2064054530445089, -0.14901712517819432, -0.09556440488561645, -0.2781095916335609, -0.2852628452536899, -0.012811605710848469, 0.06663295903621277], [1.4121991638088511, -1.104686944781553, -0.02560187971366166, -0.5834117314652627, 0.11140620672368531, 0.006633107410538915, 0.010278263666829329, -0.12855325179707794, 0.2771063231015354, -0.0654118870925364], [-0.17818659078430332, -1.2204849014771793, 0.8877022446825956, -0.009997389059661627, 0.2813167427869928, 0.31909121941213897, -0.2905580960751849, -0.03431332157059217, 0.11801342990508457, -0.025454389471678374], [-0.164583192288752, 0.22062528161580108, 0.9644722305418902, -0.5038641561893719, 0.31294191351125206, 0.19457377682243934, 0.13839885090342316, 0.013439970494825815, 0.23373649009324646, -0.019929522060518602], [1.1089772577935642, 0.9677380935038314, -0.46202841037448095, -0.19678561172671083, 0.19105875835171912, 0.35568491002292935, 0.4539688607210393, 0.6604936361251035, -1.4073195537047396, -0.046322679625157195], [-0.08439548709360138, 0.1258232619464862, 1.3290946684926253, -0.7671982162406875, 0.24071764023863537, 0.2682951243272517, -0.12163142661835429, -0.13251482389524186, -0.06782553737288491, -0.09030661176982874], [0.4946597802066222, 0.056945164445844486, -0.026559106035376052, 0.5098610746956644, -0.01147011473518903, 0.7526787763972282, -0.04738889637189182, -0.23947557169047054, -0.08731003427889905, -0.05891135086900734], [0.007497663541706337, 0.014668011096135948, 0.16609325293706673, -0.10347696101279032, 0.017765510669992237, -0.4028361350732596, 0.28589914104217395, 0.7104222799599625, 0.30300053422087136, 0.01170773393606581], [0.035857313137901255, -0.22827424517332548, 0.14490961211008255, 0.01274142691062817, -0.1260953446862057, 0.04281375169291843, 0.24047415001056188, 0.4737238737827147, -0.22028304660550707, 0.049733936068817985], [-0.09050940387100534, -0.045542051272324725, -0.09514909188843125, 0.10494345863192049, -0.3102918112142188, 0.4118907125602251, 0.010471529786880089, 0.0317061824533622, 0.725431120375887, 0.5301860574481851]])),
    (np.array([1.090451088177038, 1.2974749863091923, 1.2993259417797205, 0.9103990398997023, 0.4287412647934414, 0.27559542301184414, 1.2447927229116202, 1.0194081167052336, 0.4399223347191726, 1.5738123638041066]),
     np.array([[0.22767490480828398, -0.1817378389348219, 0.1163932648059161, -0.8135492589704622, 0.6646989322356388, 0.9151978167018197, -0.23114030703392466, -0.07722424048543101, 0.04588263364235016, -0.17323413514824765], [1.1395914240716498, 0.2301990290486291, -0.4622395234565626, 0.12224926487655932, 0.16497755060160038, 0.08426510510732736, -0.13474960832884356, -0.025855169644254578, 0.12315031793748223, 0.05986826603716032], [0.09370318948188096, -0.9644696710252052, 0.21225157169361109, 0.08871840235972965, -0.04670964612787268, 0.43649453352617645, -0.06573449845581852, -0.012662894749573432, -0.008029775228596468, 0.010807014785772291], [-0.4961319700615148, -0.0787846548199948, 1.2210445169659172, -0.9867560860449461, 0.17261343320355138, 0.05576565395679527, -0.024302212562760477, -0.002338979514746853, 0.07570095896696538, -0.07219305838478332], [0.9812747409780745, 0.15946702981066874, 0.14000678557957796, -0.19054988712856216, 0.3533844191542414, 0.11543684704458199, 0.080323427555791, -0.016220954621434483, -0.02940177912806254, -0.009489725960990158], [-0.08846247401922142, -0.1437754828890358, 0.9850140000007546, -0.7453204500962942, 0.10571144202270254, 0.19714293406002317, 0.07245575587289069, 0.04864686285928965, -0.0023059551008984018, -0.007342271225084382], [-0.013155725405183488, 0.05437778576317298, 0.033817821803210454, 0.07129593216218981, -0.030177051050946625, 0.30707558793156126, -0.3716966851766789, -0.19789785458028544, -0.19556767538975905, 0.028111009191549872], [-0.10670180961962715, -0.07766671858658411, -0.11243427365107161, 0.05776738844310021, -0.13053150479232173, 0.06015322036308948, 0.02023833580999263, 0.5689106347742964, 0.37865226500244553, 0.05886189090322508], [0.07533494151631492, 0.1677689987867549, 0.08411749758418971, 0.0009554426510949794, -0.1521791746229032, 0.13081224268329741, 0.2302285682662685, 0.5454663005589594, -0.12154450348776964, -0.06624419519600852], [0.04448709790973556, 0.01402435836141795, -0.15453218672901553, 0.201351629014467, -0.031118916802275732, 0.08587555585827787, 0.2076992156373673, 0.14956977649869058, 0.24730019279395382, 0.37005605783515744]]),
     np.array([8.219837409943224, 3.963650135327181, 2.376271943087867, 3.5539409416376224, 4.983363701840547, 1.5272477780064162, 1.373271816303933, 1.4741953912169896, 1.5028922304183343, 2.915406078235889]),
     np.array([[0.9677807623396565, -0.13917663130836969, 0.978415457963595, -1.9561430669879127, 0.21250141832017297, 1.0796382048014768, -0.9049886727508398, 0.4856003974115139, 1.0626954154461616, -0.4001193124673653], [0.9017482087224449, -1.3210597069565329, -0.5042128639419942, -0.013160999418572667, 0.13041062938722095, -0.10276062233670752, -0.3506739954898009, 0.19358463440438511, -0.1717337980759258, -0.3330751897089903], [0.19674423606012156, -0.2885099010771266, 0.8748609666848423, 0.22031200171285664, -0.3514783141093843, 0.04114005324548526, 0.08243877685089593, 0.17771046746205207, 0.21903773017079425, 0.08929442245810329], [-0.6900016771450664, 0.20042695839829786, 1.0358881792655672, -1.2191156914325938, 0.18894725296754647, 0.6893051537732131, 0.16162264110018082, 0.018151974181945425, 0.23567562552426674, -0.0818776132155212], [1.4210664688816717, 0.9866436400825388, 0.1875143307125253, 0.4801950286913477, -0.20415845580846304, -0.14027383887820194, 0.7065850838662964, 0.025952854528355558, -0.12280793802743994, -0.15811396566070104], [0.22685639239961644, -0.27847571767338397, 1.0051023971950894, -0.7171727007467026, -0.006721390872915123, 0.17847966080995065, 0.09269380682723949, 0.0006500136583097606, 0.18625197185400238, -0.08183538905871254], [0.2380094570582232, 0.08601022584425064, 0.018335630758757677, -0.14257331390293984, -0.07424279646428238, 0.34100258920037446, -0.20770012294173423, 0.03364754009944346, -0.12184441051311518, 0.007541748471002078], [0.06966156783392029, -0.012072291231288095, -0.29522023135257397, 0.009956083288709857, -0.052463905259560545, 0.060666431267616186, 0.047607690497279996, 0.551158681480536, 0.14841917325575887, -0.04380421727267576], [-0.22041663698248087, 0.12616955037770852, 0.07664307599010294, 0.11654146169605505, 0.16838159283524748, 0.10709189235575685, -0.02884745203413386, 0.4509087855015569, -0.14723837897422218, 0.02169824051382891], [-0.21015114047552327, 0.1500137510155256, 0.1798958218652363, -0.27349657344114126, 0.24764199038884122, 0.12865899987410456, 0.12988989798657055, 0.08003030014021789, 0.11479547139172237, 0.9019670576904885]])),
    (np.array([1.1384526786602083, 1.2055678928396774, 1.1417419517313134, 0.7506827891173382, 0.47332733187075615, 0.2553308947429345, 1.0264800721122729, 0.9870396867049135, 0.5883248106033698, 1.448196808067457]),
     np.array([[0.2292829043981561, -0.13842923208219188, 0.17188377402588095, -0.8041036942170361, 0.30170154622109646, 0.7408834212443296, -0.038189534531280586, 0.0314191411752592, -0.3011873638064844, -0.059299141988534844], [1.0282722030551468, -0.4931574974896069, -0.05378525700017577, -0.02548600105398108, 0.12062267675493746, 0.045654924607450284, 0.18427819382712218, 0.029548526732348077, 0.024103697664516414, 0.0018393933895855252], [0.30131801491700333, -0.9873912355930436, 0.44958543968250786, 0.11254328791965328, -0.05703519434911249, 0.41771408972633917, 0.043056162686773924, 0.025552316891299588, -0.05607043895403489, 0.01485100982268121], [-0.2826251906957275, -0.022948084625050873, 1.4632243160631195, -0.5945164508298911, 0.25697642327627007, 0.04920134225521495, -0.1806185038884652, -0.0068793437697453625, 0.021934169805546307, -0.05780012563379255], [0.7198321863493453, 0.20533212576564935, 0.12116132213156033, -0.27761463637833367, 0.16467775394894477, 0.04992283805051982, -0.07929318512800942, 0.006968738108674733, -0.03292312329589418, -0.07158729047613198], [0.01293873831832103, -0.07727884329954024, 1.1105883707706181, -0.7772751615671181, 0.05831273811884212, 0.12603305808588253, 0.013954839724961414, 0.02434453334216739, 0.010508253724519379, -0.04092892055399124], [-0.023968561104273107, 0.01580872195509333, 0.06466341535318253, 0.014515249376158673, -0.06966525732378406, 0.3354508576077128, -0.17581314532527995, -0.07703721300358238, -0.122114211188877, -0.02346420481716868], [0.025204119557607815, -0.015805619669849405, 0.03118396382432639, -0.06958842622216839, 0.1757151830223844, -0.09525508647061208, 0.07218930905884126, 0.5589518349528217, 0.6112280079513933, -0.11795225582555226], [-0.09651765729291813, 0.030947468138410216, -0.014634725421613018, -0.11009548945165999, -0.049662035734209166, 0.38588357340091883, 0.252886977767303, 0.5134886832186276, -0.5358473412401167, -0.029627661505936858], [0.2320600852278906, -0.06903127944740552, -0.11864230387397241, 0.31346891271057653, 0.022686320034817485, 0.10117413994966382, -0.04986936753705975, 0.03286498163217387, 0.5972935562098669, 0.9865538596663375]]),
     np.array([4.70810729580628, 3.9259560090127, 2.575204071564308, 3.4815976704643923, 3.9259301855407274, 1.6136252593358367, 1.4561008123601076, 2.2609400035204157, 1.7476964276763343, 3.8847746186725534]),
     np.array([[-0.3223195770601327, -0.2976256262094336, -0.11723934947219437, -0.4649437206412194, 1.2234938455231947, 0.3911297337168453, 0.0492077152777801, -0.13168780322182133, -0.3577196569692806, 0.21257158434844], [1.3672566324735165, -0.9831862181069555, 0.32256112047028085, -0.49519599713131185, -0.033613872855449686, -0.03988056092917852, 0.0672408845451574, 0.012082889955323703, 0.16669113841492864, -0.14897306145362593], [0.7136822366813936, -1.1799186250893765, 1.2056528604862387, -0.24858470523942588, -0.12004185868075316, 0.11094857706845397, 0.020582622890538853, 0.04998524071272299, 0.13044998876000644, -0.08218305672575411], [-0.2217843510480365, -0.22094092305270852, 1.406602705652222, -1.0488363757530046, 0.349345242097749, 0.4213019508832507, -0.30818627671044546, 0.05925458653819374, 0.21699480016135028, -0.2317805870019989], [0.8980376954563217, 0.8141813063827416, 0.4338636897343738, 0.24196300957010466, 0.39018924864437304, -0.05590516645146444, 0.1974815466200987, 0.1984983610276499, 0.10546299239167922, -0.2576920537592671], [-0.04394176680031977, -0.1598946588728736, 1.0930249398331473, -0.9728401256326654, 0.5314631578910989, 0.25279143948251886, -0.07149321223047148, 0.1305035477958409, -0.07426686246562673, 0.0548640593305423], [-0.11490978216974508, 0.16070014886987477, 0.03266758032191891, -0.16027774130144518, 0.092486657436934, 0.34948419964817024, -0.1131620820514243, -0.041295475359761545, -0.27273064324238444, 0.1496717561051803], [-0.10568604928195656, -0.03657033740710419, -0.07183476682883976, -0.03377413165999147, -0.06360095414241568, 0.008851605997947374, 0.11887944668345295, 0.40587563321907566, 0.9746658410201674, -0.0027666645628509332], [-0.043231580282374976, 0.01243567995051917, -0.18683272529246384, -0.06715391518809764, 0.04973670624010526, 0.3819776959991609, 0.4300376061094291, 0.5410601474273804, -0.0666092137524904, 0.06316650049738287], [-0.7182660306189212, -0.1249577573271631, -0.09184306436019182, 0.8386629007203492, 0.347779223963514, -0.17815685764327013, 0.1771734943153962, -0.06905741439444073, 0.4370110779480977, 0.7866592316077428]])),
    (np.array([0.8123696784413776, 1.3685785632089003, 1.1778002426502743, 0.7344646034358444, 0.5297075378272054, 0.2128773975047004, 1.1133393739266306, 0.9390442138404096, 0.24504884042139677, 1.7537255049435874]),
     np.array([[0.9581139720672261, 0.02820050639056622, 0.26468187097903, -0.7920941771770649, 0.9090617948368589, 0.5491461738144011, 0.1939010857988635, -0.06474049599435545, 0.014479119163108723, 0.15771153164365967], [1.1581609532295256, -0.6190295834031919, -0.20865106194137029, 0.17290479805717754, 0.2314156507414167, -0.2663491579119803, -0.06666500834387287, -0.17869884550743342, 0.15944122446888773, 0.12099750811538607], [0.19818744475799874, -0.8520343093713159, 0.8077372695433869, 0.1133878251058838, -0.043818510442502435, 0.17698887396832078, 0.055184285915615944, -0.13397265804367486, 0.21538606373693284, -0.018002437288233475], [-0.36271130967245735, -0.03496000603054178, 1.0435036869137586, -0.7923946566108402, 0.10406696061167127, 0.1761116291899463, 0.15514142077740203, 0.10249962879080082, -0.09753083258208403, -0.004172358838018694], [1.338649188628998, 0.1257334312809084, 0.21346689543935085, -0.3814604947560304, 0.9519658153756551, 0.13394043630956184, -0.10334653614016384, -0.057843057444272726, 0.0688489827264376, -0.059616808914169477], [0.07434774738212094, -0.08820317969531484, 0.9895116709599316, -0.7746037805137095, 0.08083071977925463, 0.14607972793873952, -0.013446607185448711, -0.01049328348406529, -0.000970032617802966, 0.03279747236279214], [-0.04629195275221321, -0.06812757940162807, 0.01290043780545816, 0.0034001942825045922, -0.15302985763839067, 0.660202002795255, 0.20216051629060863, -0.15814013464340754, -0.09590262694303982, 0.05897307263372435], [0.09661460096359947, -0.06558957141794101, 0.019374379720728488, 0.06160948891830545, -0.004371004125519812, -0.09097683227812718, 0.006796235140020417, 1.0790527519810607, 0.7737742916828093, -0.00021558284813250053], [0.018911872113139813, -0.05242861560460788, -0.01605008397031551, 0.05487217778267395, -0.022648193296361516, 0.31253915582507535, 0.44017005293970757, 0.5446906625764355, 0.6149153809415828, -0.04450381671895667], [0.24867184375682952, -0.15270810390075854, -0.07744265681740797, 0.016115503637953152, -0.1271518854494592, 0.0995897947973472, -0.007741148265683812, -0.06465621506712822, 0.26007068523017596, 0.6245253196882135]]),
     np.array([5.278357769547227, 4.464418953757779, 1.9977077281486468, 2.620934890541693, 6.623329618000319, 1.575807867964129, 2.566758111631234, 2.0875640261091526, 1.6798459042507148, 2.7947632843698416]),
     np.array([[0.9721513346040183, -0.3343964867992238, 0.5948289131831518, -0.4096330805341498, -0.019175414639544457, 0.3391016705635705, -0.002988181546275678, -0.6886075609966971, -0.1006871002251927, -0.4806858930480095], [1.3575266804464103, -1.4039635888322448, -0.6450580450664388, -0.2140094567266261, 0.1816664462251695, -0.39284884249075885, -0.22153011858037797, 0.3173568439520012, 0.43798317471476184, 0.06356035976896901], [0.0014564563245031492, -0.8466000657465822, 0.7302838467593973, -0.21150688142201785, -0.3321023248892504, 0.19763910783869862, 0.09522782554840839, -0.046772568886390205, 0.06372813551868979, 0.08491682317558596], [-0.12153345423383165, -0.03605638487914139, 0.9277504481473309, -0.646475237318197, -0.09105355696525406, 0.07440220052529578, -0.1840401511032605, 0.04445150877367272, 0.033594036949948856, 0.032510081566013774], [1.628856707303568, 0.21364772391403977, -0.08890835875770133, -0.7293384077298961, -0.1708560255098672, 0.25520145081258355, -0.37605928881247874, -0.3460469261017973, 0.2525907191657795, 0.17064275982092186], [-0.30920403567340543, 0.21859157238320948, 1.4014406571934834, -1.447027381042603, 0.17835919832995872, 0.2465528329729694, 0.03337476171493619, -0.20224802153324917, 0.23412417046880413, 0.034331014164612914], [0.07670536872623873, -0.1774861330110686, -0.15892110895328665, 0.13574607432662408, 0.05831270301872782, 0.5231156821169595, -0.2310100926566078, -0.22963800926589545, -0.49259852823282546, 0.0827531350733742], [0.046581083321944314, -0.14918766743001544, 0.3221204181116379, -0.29893808588233706, -0.22282810046379276, -0.33040835405108376, 0.04843415577416563, 0.44557742017910784, 0.5133339618639146, -0.14595940403334293], [-0.04946608705371553, -0.13368767173232207, -0.029095802922434556, -0.024201920990527325, -0.007649235545037152, 0.16264711753419994, 0.2889518874527195, 0.3314374270915847, 0.01280205587143405, -0.09445813780956273], [-0.24716209896154345, -0.15774385876802163, 0.012270981110543722, 0.09184119513565116, -0.02019020244792277, -0.04549781996444208, 0.32632836408587185, 0.017690454797148737, 0.1806101190783465, 0.6412521634150736]])),
    (np.array([1.1423676644245584, 1.4870754817455982, 1.1652349415545264, 0.9096228722659211, 0.5196891286800496, 0.27230029300969916, 1.177563056920237, 1.2179255078540145, 0.3964334691040632, 1.5742746744053357]),
     np.array([[0.9235803073833985, -0.11804459659326161, 0.37010148166087065, -0.8379469425654722, 0.49915793946799963, 0.9875375487105685, -0.2458367326154588, -0.22889011521830932, -0.056576301844928525, -0.07085264845926066], [1.0254153578557499, -0.7404537365766773, -0.23546488553559064, -0.041754145228418776, 0.19598479170466754, -0.046922088012996466, -0.11124612755256659, -0.04584061874753059, 0.07546233190493767, -0.0768353881887069], [0.29144891452858956, -0.9521329913278621, 0.9686691346374099, 0.03725006927214671, -0.1693693260077217, 0.12203557528583915, -0.08381857749534175, 0.043010529748897915, 0.010836546747280521, 0.04794993016694207], [-0.4262756652173468, 0.011794821168120515, 1.2521678951117954, -1.1871704065682023, 0.12531288700687138, 0.1500352657716422, -0.07755262709016943, 0.06660556260720552, -0.11870218220070793, -0.03995950732764789], [0.9458540663474796, 0.1368841749130302, 0.07750025354201268, -0.30778239121569495, 0.525542433591795, 0.08513695794962685, -0.10250816909600864, 0.0644752387764682, -0.02992465111327674, -0.0777976336260555], [-0.006774094931068598, -0.15294002388390926, 1.1673718610194979, -0.8082900466902563, 0.08789908825879734, -0.292572643623204, -0.015770483791496086, 0.029155502325407888, -0.006202145584494566, 0.0014408548660854307], [-0.11418607347810676, -0.026852736114626585, -0.07028862692216639, -0.05814055283690134, 0.057223300270515344, 0.4691586032678258, -0.30729040097159926, -0.27794010051337203, 0.025565790598313966, -0.0001824716210044353], [-0.04264181077915378, -0.1266527030529516, 0.01862681145768931, -0.18996139077387153, 0.01397896927734331, 0.2579752979132657, -0.07572178807648262, 0.5034480149035832, 0.5270961076443836, 0.05467538977325614], [-0.06327478183109872, -0.1116384417788413, -0.06659392736246195, 0.09345137239021548, -0.07051816835329053, 0.29712520446458685, 0.349705649177469, 0.5145685723550305, 0.05759237495116273, 0.031029259677496923], [-0.11123935467984497, 0.10877896354533284, -0.044890952713403286, 0.16101147471214397, 0.15236621852041435, 0.014580994903008529, -0.12963182554008834, -0.12975668839074225, 0.3309325692210487, 0.63681848783894]]),
     np.array([7.7795827219898825, 2.7633432133294393, 2.2782953585889745, 3.2789158483271588, 3.9000601537901542, 1.6251713695842767, 2.2719470877638757, 2.3188409316522374, 1.6980546422145149, 2.2238105428024237]),
     np.array([[0.5856866886935499, -0.7383678486978469, -0.2978206217137293, -0.8739399812075181, 0.45237151589608005, -0.27241552641079847, -1.476250602812781, 0.3627985175879091, 1.0124305719354056, 0.15338412238350282], [0.895847169089035, -0.7049914262535313, -0.3771702040938782, 0.013717133836922028, 0.07157311008294887, 0.35209364366337376, 0.2653065189780829, 0.008799736263052233, -0.04996690091978611, 0.04635402173763473], [0.31268046322382886, -1.352913835579926, 0.602110948627511, 0.11488956288950318, -0.4586206164945397, 0.5107143063674009, -0.028782236851169055, -0.05953585856502573, 0.15194477616504531, -0.036679810234292586], [-0.5025954073827918, 0.07231152015692277, 1.371544761563757, -1.0371451351472019, 0.33094766821427885, 0.3895935575201038, -0.05519065753906524, -0.049247303227396906, -0.06798063119610039, 0.17491061467282804], [0.6725516855629096, -0.32389703255208996, -0.35049833881441594, -0.2145379292327097, 0.6501567574532042, 0.22281674573381374, 0.18763208828681155, -0.08259448251118892, 0.32493064711692665, 0.5246384365342806], [0.019897623142659773, 0.00021576094319931033, 1.2750009882988853, -0.7186995332758029, 0.08272594236247473, 0.06518930651098015, 0.13417138843471435, 0.017777898144027426, 0.11313351582182968, 0.02242171281560502], [-0.026640875521869094, -0.22613790428770986, 0.08222932577614374, 0.11918206223695728, 0.012817578255522159, 0.4789891755255232, 0.16230626585741847, -0.15903581709639225, -0.23253134348144625, 0.1531473777121877], [0.03901172849184728, -0.11280431624661018, -0.17790703013707582, 0.19143557813052645, 0.09976404727954412, -0.2019173018805517, -0.2896728870330619, 0.5327699236232908, 0.40096536655697035, -0.08192721621311598], [0.2964103084908154, -0.06171680992386007, 0.14123699513465687, -0.020452724167903665, 0.14586488921536211, 0.19465395002228136, 0.14615621491196482, 0.46276748311938737, -0.28912793505168355, -0.09956444175423038], [-0.3229901792797218, 0.13903752122416677, 0.08709246965627036, -0.3008958667338117, 0.1365317875074501, 0.28255080489782575, 0.267773938209463, -0.014823410283513618, 0.23845522624727367, 0.38905693445377537]])),
    (np.array([1.049538967464846, 1.3728501962363682, 1.3004443431490817, 0.7269999193250432, 0.3232146806775045, 0.3278037996348277, 1.0200180280025302, 1.1045969583305812, 0.2504235860290515, 1.4635972779805912]),
     np.array([[0.14745207828349355, -0.0739651001956726, 0.32204249470761653, -0.8310369739670818, 0.30859772013516545, 0.47965755690182243, 0.07899345014270646, -0.11766663675586972, -0.040551449193287584, 0.08468818568940906], [1.09164902802839, -0.581027277998415, -0.09208213466443295, -0.10546346094670828, 0.25779140864408073, -0.053059774647820114, 0.09706367853514501, -0.13726515791496605, 0.06499413993402052, -0.05133807109431646], [0.2439162266111945, -0.9548518344495164, 0.38284641082774723, 0.01089192081757317, -0.13386438266092313, 0.3041036065983855, 0.04048289135777375, 0.07002239393688056, 0.007964299429505724, -0.03505521201861296], [-0.4627405180803045, 0.1479249945563877, 1.22069299023388, -0.6875324564965418, 0.09722225517742097, 0.2402157947741884, -0.09267017641111332, 0.055277057818918396, -0.0642605524596889, 0.08855002352828602], [1.0484076370153252, 0.12039887447755801, 0.12260668143247364, -0.2593039323057273, 0.49160284611183586, 0.06988044735234963, 0.03263198136291282, 0.005761256439209267, 0.0633400741937095, 0.0069250142021279005], [-0.030699569430933733, -0.19860526398431627, 1.0314398194274732, -0.8358957790025281, 0.05188740014324739, 0.48772700158809945, 0.014849204054063151, 0.017232903364714232, 0.020732115662219063, 0.03664749250532351], [0.07811988878709807, 0.023287538421831257, -0.0315805128464141, 0.06304223909760863, 0.1125777946936995, 0.5939820381620221, 0.6554521718770393, -0.2655283308270157, -0.08989278479904468, -0.008010800457398458], [0.016664362670863814, -0.1513914537843203, 0.02466064016750981, 0.12215213003399018, 0.12233889098988493, -0.10407739869409119, 0.12987169125618117, 0.5948663072471949, 0.36526250558196693, -0.11283519000487469], [-0.02936007551412934, -0.07933843082865036, -0.003645942369151054, 0.05800372085484758, -0.07927336979719501, 0.30011238847774563, 0.4030472688447285, 0.5159055484227218, -0.47736806759124567, 0.006968915575667586], [0.07065928760700527, -0.018684391335284763, 0.04283940744587522, 0.27812182286065573, -0.010391592531390803, -0.15031195299771433, 0.017187292046008707, -0.013404934111154142, 0.3720104769369044, 0.44197844817908866]]),
     np.array([5.5489045063741536, 3.800084645842432, 1.9544326316222729, 3.4516775663518415, 4.094784952943184, 1.5103613895108956, 3.529029239813274, 1.8002939177071555, 1.5440242778806867, 2.300374189085546]),
     np.array([[0.15008209844509204, 0.5860802993357079, 0.07316354708217905, -0.2383347567896814, -0.03531362120874823, 0.4158456128496584, -0.4759959863489377, -0.15445325772269014, 0.609322197621573, 0.006689519082476325], [1.1118786306433552, -1.162669552942298, -0.10776669349652314, -0.31131456243287065, 0.5678964016168662, 0.2363115104403751, -0.07546703348421993, 0.2631183298552719, -0.028931184870977303, -0.035898115531237874], [0.1607931883047821, -0.9151930300949684, 0.6161633738255978, 0.30152751821370316, 0.035689915887235864, 0.4114090605837809, -0.19293658626512544, -0.18219917181039122, 0.17216913196063838, 0.053507980790621544], [-0.5698499418460936, -0.09011077974509842, 1.2127818953004998, -1.1490732623178646, 0.23705272625520019, 0.014745834158455469, -0.17197794444559428, 0.17873435891080228, 0.033912163648665054, 0.12361035985103477], [1.2361532438139462, 0.2181945830776318, -0.06487781484608018, 0.38629316564431543, 0.2847924015930388, 0.30256473031522, -0.4145199670828815, -0.0014568826580308874, -0.08287774808722295, 0.10116929070592676], [-0.19828787251232965, -0.05520011507540712, 1.3416140805663923, -1.4078396265625537, -0.05473159950767265, 0.02569111784031224, -0.14912118546952816, 0.13049168903535163, 0.1274999534665599, -0.04179585224283387], [-0.314227973714563, -0.39676955016443466, 0.2525786665775612, -0.3097740415906322, -0.07133666560064797, 0.9425542201272827, -0.7227905779013442, -0.530471122621868, -0.3976311844154434, -0.1035405887649416], [0.2364273901007145, 0.015172485344077667, 0.1586820185997738, -0.05387330350846216, -0.25078041636848525, -0.28674557084386815, -0.004123170479019422, 0.38572768961120774, 0.44798814838075507, -0.12716353442943093], [-0.0024434681261493196, 0.15618211117168093, -0.02364497816590877, 0.13854029275879737, 0.36732746619637485, 0.2989057224234521, 0.2607003688920911, 0.49298931490447884, -0.09468408654376853, 0.11318663506507544], [-0.026298264633898488, -0.01687055582488715, 0.026755032478823045, 0.25597994339229274, -0.1350515162383345, -0.01973704342228886, 0.031052053035937922, 0.17042918689421582, 0.3969909963241248, 0.5219428846534062]])),
    (np.array([0.9380597636369831, 1.2100007549456728, 1.112292818461574, 0.9415863092585872, 0.4551023369715696, 0.3330080086310961, 1.2192211997564815, 0.8659138703947706, 0.12757427746220373, 1.4354475627553007]),
     np.array([[0.317555932871014, -0.08056468622028107, 0.20323548322492963, -0.795893346334946, 0.5855169613063763, 0.6703958129380726, 0.1207308353680124, 0.012627162227725761, -0.05997834492870181, 0.12610511912473288], [1.331836160512637, -0.6081025919250117, -0.2657457536411308, 0.04013164148748713, 0.09473320384165164, 0.0009076425365234248, 0.06578791068881827, -0.03989939328981839, 0.2048045217844677, 0.15236715511004448], [0.05172221758582803, -0.7689264546652417, 0.9359598960828901, 0.08025614220945157, 0.02866502047055657, 0.3275773928576982, 0.09078602851691926, -0.018759402089296905, -0.05261588284897026, 0.05982293730630354], [-0.4923943289815743, -0.1318117346630189, 1.0984256711973035, -1.1059870741281175, 0.13159040063587799, 0.24893363740373545, 0.015351445710493407, 0.01266921037248187, -0.04718226550660747, 0.003818979272857586], [1.236298977069771, 0.33223772734316476, 0.1281604832022151, -0.2226667819017758, 0.7829335149871108, 0.03233302721725311, -0.1768228453976522, 0.003954102518249156, 0.08192068241259129, -0.01450933288759087], [0.024101801186835598, -0.1549321194174402, 1.0643726685074906, -0.778666368200804, 0.1330789694083471, 0.09114415461306406, 0.04689122787529704, -0.03102761503667064, 0.0009257283129880627, 0.0032342575541022033], [-0.051196674035619366, 0.04633056966061138, 0.006931263363049611, -0.04231478801773178, -0.0340726643230632, 0.4857601829981616, -0.03671768387850624, -0.21402726203642689, -0.06988981688602718, -0.004746593300617617], [0.24618186596582178, -0.07087482603800054, 0.14900884831000688, 0.08021483053128935, -0.22708396511446746, -0.04386662861781273, 0.10369330932353024, 0.7407608065119303, 0.4840940937559674, -0.028146015127152608], [-0.04020299110042787, 0.03346263379592575, 0.07203390217807301, 0.008444250903191834, 0.050707743807731076, 0.21765374681044602, 0.3486794615085309, 0.4817241387501251, 0.3412229555394659, -0.02154427413226493], [-0.026573655178693333, 0.0652580084082867, 0.11097444307650968, -0.20421505972887835, 0.04340061542693462, -0.07823169507941527, 0.1340567129988421, 0.08548846593233668, 0.3363394881818241, 0.3655877358715709]]),
     np.array([5.860297277741556, 3.0874253132293417, 1.9656139858807273, 3.2866728105610563, 6.0078762121986955, 1.3642637835594502, 1.476112544102762, 2.2375472943339085, 1.4445714829994136, 2.4659706792926546]),
     np.array([[0.04385815883570528, 0.29598899064574286, -0.21441237814812592, -0.21787571783862825, 0.16145960174078006, 1.8232551542985933, 0.054265160735517924, -0.7054724608993429, -0.2995867001280906, 0.4245023582091842], [0.8334765272871203, -0.8872713727888215, -0.19751232849689485, -0.048411829021984015, 0.6416932195345283, -0.026607544364059908, 0.21234460383126275, -0.0966175063754774, 0.18451628827805228, 0.12371759779208026], [0.16333527771397083, -0.8856022139337141, 0.6379941923631003, 0.10052251232764374, -0.24702975632047672, 0.1808823610396848, -0.0807576432191119, 0.21752619482837673, -0.14854497878557446, -0.018187359956333235], [-0.6903897646753885, 0.00977934936439909, 1.0704063623368787, -0.6090287840614272, 0.2846520847200526, 0.268800173503016, -0.6134425088814202, 0.20174339725284815, 0.039003872971078, 0.10379950087363866], [1.1403158151225918, 0.051270456316667545, -0.2905519038982422, -0.7910230110171889, 0.9552063846219667, 0.02534666887322612, 0.5291800052671349, 0.5330441247005241, -0.09342274778238482, -0.41965423169240335], [-0.2777345113284007, 0.22327982273073294, 1.1971789644417077, -0.7798494348612235, 0.0346682372268478, 0.07919848937910816, -0.05254993708709003, 0.1360973611475952, -0.18866192079278848, -0.09735593338638275], [-0.12478520199229005, -0.0070854446758880614, 0.1763489053694549, -0.18746162073477846, 0.10345212130337629, 0.347581843857557, -0.12582366473988169, -0.14902024401701292, -0.0705577941860324, -0.019093629894286087], [0.0684218307254229, -0.06975588306344924, -0.0882566522130405, -0.009548382833615433, 0.3890358621280315, -0.09488427344455198, 0.03425698168984276, 0.6083289056811685, 0.641846872696311, -0.08063313793064503], [-0.03850336490802739, -0.24448012629409757, -0.06639470608770423, -0.21591265341635085, 0.051503827942588995, 0.31539917827816316, 0.23112903187612835, 0.5285028664389944, -0.04931196519540554, 0.09026178564574461], [-0.11969182835455437, -0.03230743185938998, 0.48461991999579823, -0.10592459275412909, 0.32521146419209596, -0.28661311851022053, 0.05407921745266218, -0.09651385213482923, 0.497992815922719, 0.5887278037180406]])),
    (np.array([1.0475200330944472, 1.2291583098371588, 1.3729702055918611, 0.7648845657481789, 0.2559333628141854, 0.2626302711303733, 1.1666199439554974, 1.0230571460540925, 0.639612624891397, 1.4421935021313643]),
     np.array([[0.4294107907065671, 0.2542942487289538, 0.5315722541443322, -1.0321302775071914, 1.0275065972365347, 1.157234333931002, -0.029692676647182326, -0.14478276814456176, 0.045107175870388316, -0.04030669450587198], [0.9569699766947246, -0.9422022116781205, -0.29175105135902274, 0.16115277526857366, 0.03754196003469784, 0.15174193300170494, -0.1348524121835405, -0.026224515346819927, 0.02383700987001496, 0.0929127865139201], [0.11415682758932948, -0.9411227506805716, 0.5055041498795896, -0.11901449525913622, -0.12767848070579674, 0.1963387511263038, 0.0008034168473074476, -0.020064298093782556, 0.12647556691612455, 0.04037793826818446], [-0.3684315146310756, -0.07804419691637274, 1.0244261571509878, -0.34650051394291265, 0.1901193100249002, 0.18056157832522285, 0.13228886323479616, -0.023789562203468197, -0.009396296013284651, -0.05320969139126599], [0.7571041967120391, 0.19291149283693645, 0.038885998298823485, -0.16251735725988112, 1.311667520427524, 0.1583952256392146, 0.041438052336966624, 0.08249656499055158, 0.05290412918431442, -0.03672693508856224], [-0.02014320644235217, -0.1442650008547831, 1.0995934311484215, -0.7975674687869488, 0.10050639429863945, -0.7212531185396461, 0.08126523967374588, -0.006672048193916377, 0.07056487436188774, 0.0009297172745856772], [0.028765841208216708, 0.05057815017959864, 0.07406009643990814, 0.013267665705704921, -0.009892038548254812, 0.270502216422668, -0.7268050189690237, -0.22796767428210643, -0.17566289814182257, 0.01644944438364685], [0.07508414964127677, 0.019079824808885953, -0.07133804684462178, 0.19421525844637696, -0.08055093355453216, -0.03379065646522089, -0.13459853549033407, 0.6565308694306987, 0.4527917291474502, -0.087596521230126], [0.12175065674769381, -0.1444108374430205, 0.017354300794888, 0.20638673576347094, 0.08161967129471434, 0.17464793984570856, 0.24031842439391377, 0.45911606172866076, -0.1599015119101261, -0.09482121295963143], [-0.18818721198041885, 0.14419017433072473, 0.24150958551058632, -0.15860777258423875, 0.10632908998392114, 0.14899096634551026, 0.20083928406821963, 0.0010771912720931732, 0.27609765487014726, 0.7989255909310667]]),
     np.array([14.078243250462453, 2.477059347463223, 1.8716134537507265, 3.4437994454619267, 3.3997101065317277, 1.4670058998505149, 1.7425573841286026, 1.6628564613299477, 1.9169753132603258, 3.3472629744428173]),
     np.array([[1.1519784625985723, -0.6791594478792957, 0.4533409170133309, 0.30461330511991763, 1.3880143924095398, 1.1001780162634458, 0.4884198963790733, -0.3457658597988488, -0.21067809357901662, -0.6615738512384266], [1.0631042571991705, -0.6734540920465963, -0.16593159471497296, 0.2338668954628742, 0.10165922099185752, 0.22732542041560677, 0.32634177299536193, 0.07855117589005507, 0.23630774112667016, 0.023252356520052028], [0.0271777984396972, -0.7121218959862452, 0.6086246620770711, 0.03073801446452658, -0.1709575417269048, 0.46482436137095234, -0.2677123078835173, -0.03964057100259507, 0.05219730063974824, 0.08241936817992071], [-0.7493622622213878, -0.5028436461430753, 1.4792379794815358, -1.7164760528212757, 0.13764367754826623, 0.14757082463961932, -0.06109970031921363, 0.27891573626700494, -0.35253262871663893, 0.019577316745818862], [0.5712584024762839, 0.011629448083814898, 0.3933755374891995, -0.6379439437249578, 0.5670505256228989, -0.06496766188282195, -0.1457859245758666, -0.08459147477751958, -0.5134877503584301, -0.14950269371066252], [0.1590058763859885, -0.11652485696476479, 0.9770313834529524, -0.70614114812695, 0.10910830824882721, 0.23273022620794656, 0.1540322045360098, 0.029142346754704066, 0.26854962122420195, 0.19267535388871285], [-0.24137040394276288, 0.21833171701060797, -0.015743224908393423, 0.25834892589533703, -0.07111610616407345, 0.4443355276128544, -0.1040577455706605, -0.1910121707149505, 0.20150532798473778, 0.25281466605330044], [0.256479223723538, -0.19669592840265668, 0.06729940115683508, 0.07152951125361114, -0.12738014656245764, -0.0966366070067694, 0.020647690595557447, 0.21011283112411158, 0.6483394849543663, -0.052791321378794484], [0.006226697328465443, -0.026009968302671976, 0.010123400586954977, 0.08642275897000504, 0.27918515211251904, 0.2946930498597655, 0.1257770153790555, 0.4497914951617998, -0.14086246835932195, -0.14795076787855982], [0.10622922131094173, 0.5016489127755315, 0.33592943473891773, -0.9056982972119335, 0.123498971146604, -0.1126772097705078, -0.11580076942834973, -0.17317564490367326, 0.7921142306317918, 0.5310205261323521]])),
    (np.array([0.9867699398305256, 1.161624845105858, 1.3194916174686444, 0.6614321174657926, 0.3809366756278721, 0.2399787559449504, 1.106701688248271, 0.765414185658185, 0.28684125092776114, 1.725327518679429]),
     np.array([[0.17173707250323042, 0.008922302604987008, 0.20426043306016167, -0.762204060837615, 0.5714418259183643, 1.1281954496887474, 0.6659774346878422, 0.08150603910212507, -0.23704441839746, -0.07752420573499745], [1.2004187944554028, -0.2821998383749243, -0.22255161472168972, 0.14423016035659422, 0.13829501010043402, 0.01871212230696043, 0.12641472894400016, 0.10628027738315364, 0.07791906126636944, -0.036894190983331354], [0.1718965365218907, -0.9469926678674725, 0.436625733995651, -0.02953627699660914, -0.016026866801026992, 0.27419934618862757, -0.08298807230824835, -0.009226802977429066, 0.023932594608722768, -0.04169557688505657], [-0.3379805199642382, 0.07295894854253303, 1.2385996094033183, -0.38316535895348136, 0.314125099652191, 0.24283219581609164, -0.05789337532929089, -0.057900259765119165, 0.11871558127900028, 0.0732575214474989], [0.9992091192833038, 0.10982618034693621, 0.28123790929883136, -0.09822421555698693, 0.40683436688282215, -0.05453935786783617, 0.12852378558810196, 0.024643346932633408, 0.03159594396467458, -0.04233475992747962], [0.01271683926151016, -0.0548819722974413, 1.0119978997247419, -0.8980956140940667, 0.04435403213376443, 0.2734872073585363, -0.015549243469156263, -0.03596552537165919, 0.04247175859990508, 0.02418655212018618], [0.025982140958738, -0.051415315933240245, -0.031873296395754334, 0.041857131268125757, -0.06253622894816133, 0.5706776406758183, 0.3624628659367252, -0.20863190821237157, -0.16712327135353472, 0.09327660366116491], [0.08864451875974264, 0.06646131061517176, -0.0690387186693684, 0.08327873270781855, -0.11523397664823014, 0.06981889018897615, 0.020755013059693152, 0.7489735781679944, 0.42689144588289857, -0.023395491163283336], [-0.06639284279258524, -0.031441197545580335, -0.06957384848798578, -0.04605403155908902, 0.05071005957475927, 0.3654212998041352, 0.43691635758883235, 0.5224280332458098, -0.20334231182674414, 0.01263024832811137], [-0.06633505647909094, 0.22651344451822533, -0.0484722956359977, 0.20274480318456523, -0.17089593886943721, 0.08184195454822125, -0.2706910303397318, -0.15312025021981243, 0.5475153607061513, 1.1117361979078246]]),
     np.array([10.125009475895755, 2.7185640899559314, 2.178991244893085, 3.223498683893704, 4.645472665294354, 1.537627438574026, 2.2398542729452258, 1.4927012745326684, 1.4366001892399372, 3.3377509086611714]),
     np.array([[0.7559787918678226, 0.8949158060963465, -0.17663480270113482, -0.3450455661620285, 0.022866238401287747, 0.851140613008267, 0.391599885423109, 1.4113835621714865, 0.17130119642338476, 0.9248044329692016], [0.9597491876961703, -0.7085500945624189, -0.2423196237575807, 0.20879895318456293, 0.1646590186704334, 0.08003011982085022, -0.17346724067978184, 0.11994325722367596, 0.241121488911521, -0.2454966844689126], [0.49967558761927133, -0.8766629746303176, 0.8321749221518887, 0.19311229988395076, -0.014178403782206722, -0.26069987732090927, -0.31663592344563096, -0.018584349352562684, 0.02273477903115462, 0.17553873674800347], [-0.30812851270173136, -0.07191526938128079, 1.3333177992588292, -1.019169329179328, -0.019027602515867596, -0.16113899976738505, -0.2981802784888338, -0.08905275112334277, -0.006355056218901035, -0.13400816116906394], [1.0511368162056445, 0.04605427883293481, 0.17644810364089228, -1.0362321833801111, 0.015544636439901284, 1.2177278396190987, 1.0003401242600396, 0.7926392062231785, -0.39224263334201187, 0.18288501670489385], [0.11612238999339401, -0.017526933124824496, 1.1780663261545645, -0.8691112588924469, 0.19768990864972907, 0.10993126442315596, 0.061207201141213696, -0.41638716865343156, 0.14033509799332827, -0.06830792022059286], [0.012636191748540965, -0.08650382392936277, -0.08225304561168045, -0.27690048992846183, -0.2968949364387374, 0.4534486899998604, -0.266387635736689, -0.3759547799850515, -0.2166862420394121, 0.06261318706140998], [0.13840056805548012, -0.09613239741784639, -0.031759760985366474, 0.14452753571085403, 0.33840240432173263, -0.33728666433314286, 0.04213720042410719, 0.39908910902157135, 0.26608794550780085, -0.0781041867000103], [-0.05418687620237105, 0.11800942792347674, 0.07408789723388956, -0.1925687720461128, 0.07715548091798552, 0.15910827467095717, 0.3459184669996276, 0.46881272461780815, -0.17042685367535323, -0.005035319292062234], [0.2970874571605279, -0.44106018689328585, 0.24787304427307613, -0.18304446405899574, 0.12627439546653255, -0.34762295850728997, -0.6634351929680922, -0.5130927049154095, 0.6913580183373726, 0.6532964567844112]])),
    (np.array([0.9366849549866044, 1.3630869918848154, 1.1788771331511476, 0.8063296781644768, 0.5156398915644924, 0.29969458936773924, 0.9784585325267836, 1.327695082266072, 0.39110224140442934, 1.8707292705271488]),
     np.array([[0.2427353972983878, -0.10132490685309009, 0.24543977542030884, -0.6699857438584624, 0.3111058257441653, 0.7777405024403762, 0.002439671683392993, 0.04798561927588677, 0.013161943523043862, -0.0032975130460902438], [1.5296370770394412, -0.5786368954076428, 0.015106324186361816, -0.004340887294595886, -0.12145225971446862, -0.042279154270669354, -0.2916134727342801, -0.054128797601235124, -0.08159004872268298, -0.0880891688087709], [0.1829467236988785, -0.8891963343951985, 0.7760477949901818, -0.05208725137332911, -0.01921506444352887, 0.3068380852775816, -0.05266565174258075, 0.04866187446584974, -0.0740548248589234, 0.08816670078759192], [-0.4189948694915966, 0.016937131534264075, 1.1268659273906194, -0.810836322424943, 0.3593958852627592, 0.2227737815640881, 0.04775605515080638, -0.02546027076813049, -0.0542249488770982, 0.009672572632206392], [1.195751629314196, 0.3735591165689618, -0.007680015447685411, -0.3096696219608048, 0.10302775280135959, 0.05715469423837289, -0.06766801701060982, -0.046697286680472024, 0.04542042089553456, -0.11327419371006481], [0.010635312405297864, -0.14750500938707642, 0.9589151961523612, -0.7648033432554102, 0.07115476816334852, 1.0191282384329972, 0.004711180207564009, -0.014868489463339036, 0.0033526165352402598, 0.034123243293102054], [0.03607832368714947, 0.04230405123817426, -0.025798901700522694, -0.03751146162092064, 0.13911308468341751, 0.5918994717068329, -0.07918475660537498, -0.1736998934397126, 0.09132050929868504, -0.05685070575203669], [0.04506821877358505, -0.13211429866302649, 0.003834281871296108, -0.12419377611511309, -0.08320191436470933, -0.1682101566711316, 0.01858829648001151, 0.00964660899547124, 0.3501527296692947, -0.00887160678700763], [0.013525752093166156, -0.008265066826522583, 0.06568675603166979, -0.04135346107939178, 0.01066597528207386, 0.3221525314807184, 0.21204404987033573, 0.47947629353739185, -0.5243633140737036, 0.007291938749589859], [-0.04689764558780004, -0.19463968493520403, -0.13799238706148545, -0.0669248177811067, -0.01601249118496863, 0.2813377248988448, -0.12404310897253305, 0.14318058450883664, 0.5901547971754739, 0.12756019280524777]]),
     np.array([4.994932107004906, 4.498572971664899, 2.0638654342254026, 3.7520150206598943, 5.938918592730911, 1.29623401563985, 3.5078552370757765, 1.603070816716002, 1.5256336533546537, 3.4263632054396824]),
     np.array([[0.641728552101422, 0.0877442551724123, -0.001885475429840388, -1.1647504989587179, 1.2301033131269627, 0.5117408871916347, -0.45150744746868376, -0.041501623510230456, 0.31513068786279513, 0.3892856749276067], [1.7789369703822866, -1.031791517428008, -0.2660096714772402, 0.05753061498275462, 0.02894309354987019, -0.56657039334056, 0.11132898310000186, 0.10891125028339697, 0.24567415731322884, -0.02922128876006388], [0.28986461382888173, -0.9309633481956046, 0.4333191340683872, -0.009287876745658091, 0.00045105010881013325, 0.33741754175114813, -0.1033651501130743, 0.05296395998772463, 0.07005140550602254, 0.1226921236850757], [-0.5109168840206901, -0.27448068096281264, 1.4070285041347401, -0.8806819842039924, 0.3010921893781615, 0.30739307453092574, -0.05722446657618232, -0.035999576672922286, -0.23987229796189422, 0.21610589615354373], [1.2232507104300403, -0.042136484897313475, 1.1665768509221437, 0.6550455083521338, 1.209363378136929, -1.5255381262626462, 0.8912946347367093, 0.8181076609841067, 0.19617680000359491, 0.2324530578690309], [0.07754809946884561, -0.1890120973128973, 0.7919875723087351, -0.9602584327842877, 0.010414314520325901, 0.3281819478829681, -0.1908041541288745, -0.0444560797727263, -0.10341279365250003, -0.1414475148072499], [-0.09757927092469783, -0.5414609003626867, -0.4600537921398586, 0.6102402642297624, 0.3102409476727476, 0.8173905888528769, -0.2191442921936183, -0.16583361302840963, -0.22156396465286976, 0.18162084189256822], [0.23654657977507107, -0.12703857097048674, -0.013141442937389822, -0.1896613619923772, 0.03983637556781962, 0.18906580487270117, -0.031854652644789955, 0.2819371513466604, 0.45977513064719155, 0.014537530470009982], [-0.0760218040645672, -0.10174254326430537, -0.1872133768152578, 0.06995936644311294, 0.05019167881470517, 0.6640033960317849, 0.1885791693498546, 0.6405930596905318, -0.1240992866931016, 0.11068133004400349], [-0.3113357391811933, 0.44507657009235746, 0.34893819832319883, -0.17343293898831114, -0.1922742624659682, -0.24686992129911756, -0.2622014406579897, -0.13193963596061326, 0.5816779379059542, 1.0398329888055986]])),
]

hp_gvm_estimations_step3 = [
    (np.array([0.993380398012128, 1.3273633380362335, 1.366241363185384, 0.8347489674882657, 0.37083420576795956, 0.33499456771871305, 1.0752207293036273, 0.9279191824270275, 0.20692718991086723, 1.361825748182354]),
     np.array([[0.09924054391251946, 0.0, 0.1678674739473386, -0.7497693218526001, 0.5004786184255648, 0.5052937169639494, 0.0, 0.0, 0.0, 0.0], [1.2406354968639277, -0.500689292392427, -0.22265590208323913, 0.0, 0.31576291960275366, 0.0, 0.0, 0.0, 0.0, 0.0], [0.22605593125801401, -0.9771932537990305, 0.9490269624656772, 0.00027869511359629646, -0.09970265079700107, 0.3340774795216044, 0.0, 0.0, 0.0, 0.0], [-0.5014380059919703, 0.0, 1.107346693345911, -0.9071629737609788, 0.2164140972937384, 0.25500593646407993, 0.0, 0.0, 0.0, 0.0], [1.1568543209846458, 0.4947105186725337, 0.2791861155974087, -0.1649272980872609, 1.645215290237409, 0.1599014032534057, 0.0, 0.0, 0.0, 0.0], [0.0, -0.18054603959013057, 1.07671925190968, -0.8188773517109302, 0.1524208079083, 0.09096216136648418, 0.0, 0.0, 0.0, 0.0], [0.0, 0.0, 0.0, 0.0, 0.0, 0.6141358069707892, -0.13365547014504434, -0.16092857334279015, -0.10045166488728748, 0.0], [0.13194515677730906, 0.0, 0.0, 0.0, 0.0, 0.0, 0.0, 0.42958077746834933, 0.7175844167552964, 0.0], [0.0, 0.0, 0.0, 0.0, 0.0, 0.29886940144534524, 0.3527165343006529, 0.4241969913096112, -0.13742657930224061, 0.0], [0.0, 0.0, 0.0, 0.0, 0.0, 0.0, 0.0, 0.0640919282152346, 0.36753518642258176, 0.9577266143912103]]),
     np.array([5.096590509743995, 3.54381416025888, 2.0781635363510316, 3.529019726867898, 8.097868963014653, 1.3792428633780924, 3.4484798340340506, 2.236603863589661, 1.4374056389199692, 2.547158529770128]),
     np.array([[0.0010675777970996674, 0.0, 0.009250373964787098, 0.04414323561881415, 1.2393949772116961, 0.9351945663330271, 0.0, 0.0, 0.0, 0.0], [0.9163958813613762, -0.6624627524822564, -0.27924379726819576, 0.0, -0.031192631199083734, 0.0, 0.0, 0.0, 0.0, 0.0], [0.06138743368776526, -1.0706884164625163, 0.4646219887174242, -0.0663014342291288, 0.02586512571364654, 0.36950072442049814, 0.0, 0.0, 0.0, 0.0], [-0.35394544281938956, 0.0, 1.5050502254724956, -1.0450787012878158, 0.41610919082790787, -0.08922646099774764, 0.0, 0.0, 0.0, 0.0], [0.6130724462901698, 0.11093399983952436, -0.035499315002281, -1.6061479511832213, 0.38949112520641516, 0.09845765741449164, 0.0, 0.0, 0.0, 0.0], [0.0, -0.003940174440002958, 1.019218161055496, -0.965633080650185, 0.12459289697891121, 0.22909161395834582, 0.0, 0.0, 0.0, 0.0], [0.0, 0.0, 0.0, 0.0, 0.0, 0.9814091519211646, -0.035022746147223414, -0.5246931333851776, 0.07802952974679299, 0.0], [0.19236449084335178, 0.0, 0.0, 0.0, 0.0, 0.0, 0.0, 0.314051499164438, 0.8382294988768143, 0.0], [0.0, 0.0, 0.0, 0.0, 0.0, 0.19753675308757424, 0.36720692918669423, 0.5955254517653434, -0.3858906330638658, 0.0], [0.0, 0.0, 0.0, 0.0, 0.0, 0.0, 0.0, -0.038534443871876815, 0.25053845486627213, 0.7205421124077044]])),
    (np.array([1.0451204056464354, 1.3662210506476633, 1.3257720616551165, 0.8102594270809503, 0.5266571728330159, 0.29762718791579534, 1.1456362448823751, 0.7560706240087792, 0.2781561845133441, 1.3557530819670482]),
     np.array([[0.5016706616142889, 0.0, 0.37947760432161143, -1.0388130115881447, 0.4985212499195382, 0.5278140516374866, 0.0, 0.0, 0.0, 0.0], [1.1663361083743502, -0.46439486874676705, -0.20504339331808463, 0.0, 0.12710463436895952, 0.0, 0.0, 0.0, 0.0, 0.0], [0.23534074850295694, -0.9570186108106846, 0.7003432610495731, 0.03349327584592997, -0.23090378926415545, 0.45891043077262195, 0.0, 0.0, 0.0, 0.0], [-0.3402398014088169, 0.0, 0.7805307323169535, -0.8560270969201692, 0.23610522071575915, 0.24425654813625938, 0.0, 0.0, 0.0, 0.0], [1.4068685269710912, 0.10189693399053933, 0.29769223864155, -0.42861352954050963, 0.7397467357181898, 0.029843095509912456, 0.0, 0.0, 0.0, 0.0], [0.0, -0.1044899499362095, 1.2519054184578888, -0.9479820238981811, 0.092235130971963, 0.32346440379027314, 0.0, 0.0, 0.0, 0.0], [0.0, 0.0, 0.0, 0.0, 0.0, 0.6175063644395814, -0.5739986370866695, -0.27191131487303216, -0.0875910264276449, 0.0], [0.09791352132656009, 0.0, 0.0, 0.0, 0.0, 0.0, 0.0, 0.8932850809090354, 0.5041563976771194, 0.0], [0.0, 0.0, 0.0, 0.0, 0.0, 0.24352854296614918, 0.38748332353658593, 0.535931093596313, -0.1715787697449766, 0.0], [0.0, 0.0, 0.0, 0.0, 0.0, 0.0, 0.0, 0.08626012766393486, 0.5574072038650243, 0.6666462429111457]]),
     np.array([5.21524442308069, 3.0550649115244353, 2.1143639081346315, 3.170583869005299, 6.634319130188188, 1.6438141696303443, 3.953041861407996, 1.4728101432575318, 1.6761651412797929, 2.2572917315134045]),
     np.array([[0.22867094234830235, 0.0, 0.24209976024474408, -0.10140247838267692, 0.33341395002768826, 0.5026314225485149, 0.0, 0.0, 0.0, 0.0], [0.817229938305104, -0.8631450668416778, -0.0979957055255123, 0.0, 0.3523909400093863, 0.0, 0.0, 0.0, 0.0, 0.0], [0.14978376439357516, -0.6876258704251017, 0.7001375114284606, -0.13565207234008658, -0.282255248269763, 0.2635324276667341, 0.0, 0.0, 0.0, 0.0], [-0.2479442614124087, 0.0, 1.370236968262675, -0.9848255601829108, -0.05964940932437164, 0.434344718090172, 0.0, 0.0, 0.0, 0.0], [1.144451996985722, 1.257618694990356, 0.384314039913742, -1.2230358245562873, 0.3918180697714543, -0.6655758434431351, 0.0, 0.0, 0.0, 0.0], [0.0, -0.017587229086735823, 1.1074738305257095, -0.809262723901273, -0.29615368422219646, 0.38415474332950994, 0.0, 0.0, 0.0, 0.0], [0.0, 0.0, 0.0, 0.0, 0.0, 0.5313122076089278, 0.1217677545268861, -0.0845935637780947, -0.021802343353711808, 0.0], [-0.06240813564620908, 0.0, 0.0, 0.0, 0.0, 0.0, 0.0, 0.19885699315208782, 0.4963154292585387, 0.0], [0.0, 0.0, 0.0, 0.0, 0.0, 0.2900162581662561, 0.28170151987222053, 0.7144399181313336, -0.07332516721345766, 0.0], [0.0, 0.0, 0.0, 0.0, 0.0, 0.0, 0.0, -0.11127352704309483, 0.540555846245956, 0.724827302890363]])),
    (np.array([0.9178621990883601, 1.373259945774496, 1.3156627611439216, 0.7370519798815184, 0.4392969840485666, 0.28207824227328654, 1.230020170333822, 0.9298163226694196, 0.45681022457711407, 1.3772717368734837]),
     np.array([[0.5579034098750304, 0.0, 0.20228286974442378, -0.6948237625930709, 0.7626755668155758, 0.7619838334221631, 0.0, 0.0, 0.0, 0.0], [1.23254470778999, -0.41736274846557453, -0.38323525036485373, 0.0, 0.23656361017000171, 0.0, 0.0, 0.0, 0.0, 0.0], [0.2026337024022963, -1.029967721718072, 0.39366625212878975, 0.05704646144806034, -0.17068294319515606, 0.4390342796348591, 0.0, 0.0, 0.0, 0.0], [-0.42599467117974876, 0.0, 1.2521334965082132, -0.7384076616187003, 0.31537712961210584, 0.30993997611866975, 0.0, 0.0, 0.0, 0.0], [1.530456750491647, 0.30856321263804576, -0.06819546372589007, -0.25513445568756715, 1.0512920243944373, 0.15525902852468895, 0.0, 0.0, 0.0, 0.0], [0.0, -0.17007753396802644, 1.0429664306061592, -0.8071114010257213, 0.18599494430545432, 0.5362724899125784, 0.0, 0.0, 0.0, 0.0], [0.0, 0.0, 0.0, 0.0, 0.0, 0.43393844948592053, -0.37438282546174534, -0.31240754004271787, 0.005830865295740493, 0.0], [0.1608480412038818, 0.0, 0.0, 0.0, 0.0, 0.0, 0.0, 0.5301356472066568, 0.3300190798683875, 0.0], [0.0, 0.0, 0.0, 0.0, 0.0, 0.25004593479360165, 0.13975614128842442, 0.48222292822868096, -0.3713831921718841, 0.0], [0.0, 0.0, 0.0, 0.0, 0.0, 0.0, 0.0, 0.04251063771850109, 0.5219765762087775, 0.8868572132808172]]),
     np.array([5.849128172775739, 3.5803346249521675, 2.4199977590184325, 4.196950804147231, 5.7352063553098285, 1.2122243541669802, 2.4464527633322284, 1.804470868277805, 1.6169166510909652, 2.661724171460584]),
     np.array([[0.4481798333220076, 0.0, 0.7197572285127217, -0.7773583999188604, 1.2668785369206395, 0.47165103736268044, 0.0, 0.0, 0.0, 0.0], [1.0710078113812789, -1.1658845980772692, -0.5636978324834424, 0.0, 0.3180318811354114, 0.0, 0.0, 0.0, 0.0, 0.0], [0.40176852161276916, -1.112569007682722, 0.7537056185703475, 0.08816969390129452, 0.14847280302115817, 0.3120414225343412, 0.0, 0.0, 0.0, 0.0], [-0.39799649450489977, 0.0, 1.517490713391774, -1.2694766422018162, 0.03373684667629444, 0.4267029304239766, 0.0, 0.0, 0.0, 0.0], [0.29223490034875704, 0.09402594871823422, 0.4191097524172089, -1.4348634005631167, 0.2588744764353783, 0.564874234433248, 0.0, 0.0, 0.0, 0.0], [0.0, -0.11642150047406091, 0.8430603113830453, -0.8743323871633295, -0.021027762620424374, 0.031893640749720294, 0.0, 0.0, 0.0, 0.0], [0.0, 0.0, 0.0, 0.0, 0.0, 0.4559289055635859, -0.0023229670160069987, -0.29221123988975767, 0.177513746831705, 0.0], [-0.13582000740470618, 0.0, 0.0, 0.0, 0.0, 0.0, 0.0, 0.4589151974098634, 0.6822945819997089, 0.0], [0.0, 0.0, 0.0, 0.0, 0.0, 0.31861218157725274, 0.4967638379755249, 0.6009220739928993, -0.2721872391399687, 0.0], [0.0, 0.0, 0.0, 0.0, 0.0, 0.0, 0.0, 0.10025334658848309, 0.29835713669500163, 0.6247917971428867]])),
    (np.array([1.0201536834253366, 1.2194669549036883, 1.2213044495781933, 0.7867319467200562, 0.4386492229517933, 0.29878249608382046, 0.9616646528965485, 0.877755529230631, 0.3264531606770501, 1.5756347872343281]),
     np.array([[0.4855040627980684, 0.0, 0.3062051700182392, -1.116500178907145, 0.5340329130879927, 0.7359411493394298, 0.0, 0.0, 0.0, 0.0], [1.0404220113941665, -0.37767284489856434, -0.20480444015492796, 0.0, 0.18035710772936017, 0.0, 0.0, 0.0, 0.0, 0.0], [0.10161257077688213, -0.8566409083373192, 0.5389011765120711, 0.14158081184453974, -0.10635188752196072, 0.2834344361809749, 0.0, 0.0, 0.0, 0.0], [-0.40779633851959357, 0.0, 1.361601091092253, -1.0050226721564675, 0.2003488377993949, 0.22164277978940633, 0.0, 0.0, 0.0, 0.0], [1.0913248193811353, 0.13150614154469545, 0.04951826882172493, -0.14481435166436218, 0.7107785648424312, 0.14939812756887297, 0.0, 0.0, 0.0, 0.0], [0.0, -0.13747308354883847, 0.9947370554459891, -0.7777187220176615, 0.14671847390872192, 0.4950998708647934, 0.0, 0.0, 0.0, 0.0], [0.0, 0.0, 0.0, 0.0, 0.0, 0.5286294746722386, 0.1688952401345044, -0.1031127942688616, 0.0006506130400217338, 0.0], [0.091540943514661, 0.0, 0.0, 0.0, 0.0, 0.0, 0.0, 0.6949109041602105, 0.5729648786028936, 0.0], [0.0, 0.0, 0.0, 0.0, 0.0, 0.37404348423219014, 0.3264343599257629, 0.45546185058481664, 0.0005335469282344396, 0.0], [0.0, 0.0, 0.0, 0.0, 0.0, 0.0, 0.0, -0.013115388310314205, 0.3793092665058351, 0.8631117419404774]]),
     np.array([7.258390762114992, 2.5375784415141904, 2.0325917088403767, 4.140976447591761, 5.636400458012339, 1.532502204313395, 2.3049368312926273, 2.2386073928982873, 1.5003664842037376, 3.2892183989358945]),
     np.array([[-0.18546041721926557, 0.0, 0.07293195994366398, -0.9146164798395677, 1.1429484647076782, 0.8094542240373429, 0.0, 0.0, 0.0, 0.0], [0.6812287660480016, -0.5937604888466143, -0.08835506546577337, 0.0, 0.26292925380047727, 0.0, 0.0, 0.0, 0.0, 0.0], [0.2305719843554833, -0.6185077018237582, 0.9539103531998183, 0.07445847773826775, -0.3242387477481318, -0.17433993696995226, 0.0, 0.0, 0.0, 0.0], [-0.3310530461559941, 0.0, 1.3762856320264192, -0.8578459923702806, 0.42308105987310246, 0.21427716749630318, 0.0, 0.0, 0.0, 0.0], [0.5966929266448273, 1.5624638812704972, 0.3528001131156756, -1.2802921929335471, 0.03979534068683734, 0.23523542848871007, 0.0, 0.0, 0.0, 0.0], [0.0, -0.39936041088786417, 1.0110111956687327, -0.784969943090343, 0.24969590899472766, -0.00649955619357026, 0.0, 0.0, 0.0, 0.0], [0.0, 0.0, 0.0, 0.0, 0.0, 0.6128014446421172, -0.41178068532774953, -0.19512573511821793, -0.09906452267197056, 0.0], [0.19143451863412286, 0.0, 0.0, 0.0, 0.0, 0.0, 0.0, 0.727889275043575, 0.15497065437187685, 0.0], [0.0, 0.0, 0.0, 0.0, 0.0, 0.3392574560179102, 0.22618572847353852, 0.46668011108338114, -0.3313601319249929, 0.0], [0.0, 0.0, 0.0, 0.0, 0.0, 0.0, 0.0, -0.05381185187271679, 0.5649081208271062, 0.7212931998134584]])),
    (np.array([0.9665096309615921, 1.333084114872938, 1.2136411260990672, 0.7883332716606946, 0.3933720996082139, 0.30402077202253736, 1.1589588292801778, 0.8626478161774286, 0.31672011324276256, 1.5520767945403076]),
     np.array([[0.5461555355221472, 0.0, 0.5453495274424349, -0.9788703175299764, 0.607014823204521, 0.6030321010295219, 0.0, 0.0, 0.0, 0.0], [0.848032715100461, -0.3131574962764206, -0.1879656822688439, 0.0, 0.35412383437121586, 0.0, 0.0, 0.0, 0.0, 0.0], [0.24574196893065148, -0.9292729819480815, 0.6937473722197245, 0.2582698929323921, -0.15158142429671198, 0.15804680988357447, 0.0, 0.0, 0.0, 0.0], [-0.37303221910240963, 0.0, 1.3439145382270081, -0.8656746088605319, 0.2731196368326778, 0.3907551709616354, 0.0, 0.0, 0.0, 0.0], [1.2419947452517135, 0.32215484759107954, 0.14055337749052674, -0.28523935590475635, 0.7082877382474515, 0.03631255526054549, 0.0, 0.0, 0.0, 0.0], [0.0, -0.10053752214867125, 0.9343808654546633, -0.7528419417376807, 0.0441239035527695, 0.1923971838329076, 0.0, 0.0, 0.0, 0.0], [0.0, 0.0, 0.0, 0.0, 0.0, 0.5108586155874454, -0.38766521716022617, -0.28024376515819294, -0.20061349683705937, 0.0], [-0.010522549574049462, 0.0, 0.0, 0.0, 0.0, 0.0, 0.0, 0.6572235034323937, 0.32685942608551205, 0.0], [0.0, 0.0, 0.0, 0.0, 0.0, 0.4055012869998015, 0.42316170268330117, 0.6247556625026092, -0.0010617852932475304, 0.0], [0.0, 0.0, 0.0, 0.0, 0.0, 0.0, 0.0, 0.03639876461453372, 0.23329060210726466, 0.7136387493148029]]),
     np.array([7.59646822030147, 2.8955114192191784, 2.044820751283719, 4.169309718891112, 5.023685158157948, 1.4134959645534968, 3.2396877950002607, 1.560885944885132, 2.2306365386103613, 2.1663736592777743]),
     np.array([[1.7507779710412559, 0.0, 0.4194520588227858, -2.1769945446212677, 1.2147626763486583, 0.7662387710515685, 0.0, 0.0, 0.0, 0.0], [0.802532941588547, -1.1215118666390407, -0.30451939021634494, 0.0, 0.5636922122416584, 0.0, 0.0, 0.0, 0.0, 0.0], [0.16906921751189605, -0.7190180520939973, 0.6553846448673284, 0.062418343972790336, -0.05994507241527066, 0.07680059043098232, 0.0, 0.0, 0.0, 0.0], [-0.7591562265289024, 0.0, 1.3116838298514617, -0.6210702439820094, -0.30101386656046547, 0.2149166285303233, 0.0, 0.0, 0.0, 0.0], [0.9767224914739623, 0.533002305018638, 0.270179282125269, -0.2593485549670647, 0.3487138994913773, 0.2388094100621563, 0.0, 0.0, 0.0, 0.0], [0.0, -0.06572746567435864, 1.199475832082638, -1.0681055369396129, 0.10225450271921943, 0.19567581513500223, 0.0, 0.0, 0.0, 0.0], [0.0, 0.0, 0.0, 0.0, 0.0, 0.41765647586892035, 0.14076358691637847, -0.0049366464288452365, -0.10896756353783274, 0.0], [0.07863115253270192, 0.0, 0.0, 0.0, 0.0, 0.0, 0.0, 0.21838676325742273, 0.6102679044855774, 0.0], [0.0, 0.0, 0.0, 0.0, 0.0, 0.23602827589935857, 0.5096277951783938, 0.7794546732987743, -0.14109513213753938, 0.0], [0.0, 0.0, 0.0, 0.0, 0.0, 0.0, 0.0, 0.024853066030080362, 0.4579564694675097, 0.33880044088100975]])),
    (np.array([0.9772377410203746, 1.4019353213301047, 1.2057897007149303, 0.8305416603810976, 0.45155222387001426, 0.36363756304976697, 1.1897431028065473, 1.0975053265483248, 0.4157541320502839, 1.3705384706483]),
     np.array([[0.6711631686204391, 0.0, 0.10972121189763083, -0.6767104390922463, 0.29857184245442947, 0.6974553412685675, 0.0, 0.0, 0.0, 0.0], [1.048349225508971, -0.8112608852297105, -0.1957682764605607, 0.0, 0.10585422545434829, 0.0, 0.0, 0.0, 0.0, 0.0], [0.0949663135411497, -0.8215587881459891, 0.9282393934434331, 0.07506822292579932, -0.07304530076285881, 0.1598986548375478, 0.0, 0.0, 0.0, 0.0], [-0.3480498011444565, 0.0, 1.384593720884897, -0.870222834994027, 0.21693822236119048, -0.09639042939037232, 0.0, 0.0, 0.0, 0.0], [1.052517063540501, 0.09778756793797677, 0.18448208638677033, -0.30860234257253205, 0.8389008070594368, 0.31568567567668243, 0.0, 0.0, 0.0, 0.0], [0.0, -0.16478084509775276, 1.0881057909536505, -0.8245996434569313, 0.08942345773715639, -0.003955013241825799, 0.0, 0.0, 0.0, 0.0], [0.0, 0.0, 0.0, 0.0, 0.0, 0.41394330229606335, -0.43301541654532527, -0.31689477582811254, -0.148114697496903, 0.0], [0.08447079616130573, 0.0, 0.0, 0.0, 0.0, 0.0, 0.0, 0.05382859327328277, 0.41961988957249324, 0.0], [0.0, 0.0, 0.0, 0.0, 0.0, 0.3984774965635919, 0.3916617672937808, 0.6147802274447707, 0.0014716298887888515, 0.0], [0.0, 0.0, 0.0, 0.0, 0.0, 0.0, 0.0, 0.090511743431533, 0.5502443723650242, 0.4241426269109102]]),
     np.array([5.319178473028327, 2.546961960274258, 2.150727976516653, 3.216776497523453, 5.505862361404415, 1.3709139134823338, 3.396505086503548, 2.295720139805684, 2.6231354497486166, 2.241061530754765]),
     np.array([[-0.20823803335122676, 0.0, 1.177969436806549, -0.6930124642784965, -0.08838656430042037, 0.4052263084515642, 0.0, 0.0, 0.0, 0.0], [1.0135195731499411, -0.6504302209006856, 0.025494857296397225, 0.0, 0.19607798004755148, 0.0, 0.0, 0.0, 0.0, 0.0], [0.18151403089957313, -1.183526864762245, 0.9377668256883093, -0.22486478246412028, -0.008472811817052428, -0.14457983699087928, 0.0, 0.0, 0.0, 0.0], [-0.59322810881475, 0.0, 1.2293988485700098, -0.825298793912992, 0.5438019377226314, 0.33786240188133165, 0.0, 0.0, 0.0, 0.0], [1.4232210291652019, -0.14119827135771315, -0.22638546880453778, 0.5464888680683753, 0.8142388076036108, 0.21820443000417364, 0.0, 0.0, 0.0, 0.0], [0.0, -0.12989170557351315, 1.0573659498428203, -0.9786735855321069, 0.2536683786222594, 0.21947916290729683, 0.0, 0.0, 0.0, 0.0], [0.0, 0.0, 0.0, 0.0, 0.0, 0.6121741080692209, 0.04019539789897946, -0.23087138345200323, -0.12447023709363489, 0.0], [0.08207287187935693, 0.0, 0.0, 0.0, 0.0, 0.0, 0.0, 0.7841404565464223, 0.70446531453834, 0.0], [0.0, 0.0, 0.0, 0.0, 0.0, 0.42181751183882604, 0.5902687940047776, 0.6503806701103396, -0.3494077203705565, 0.0], [0.0, 0.0, 0.0, 0.0, 0.0, 0.0, 0.0, -0.03742752291382005, 0.9142318104534516, 0.6404254763394382]])),
    (np.array([0.9569258397246273, 1.3906249585784234, 1.0458785619644373, 0.7903287852357402, 0.4334124316729799, 0.36661800784405524, 1.1749199638648833, 1.100824469760124, 0.24035890850156225, 1.5323240860591738]),
     np.array([[0.5083849571116017, 0.0, 0.21190765280932397, -0.8350951356607832, 0.8989714536574066, 0.3759733394570075, 0.0, 0.0, 0.0, 0.0], [1.020675679651563, -0.5013607067985845, -0.233230395168742, 0.0, 0.11312022142216697, 0.0, 0.0, 0.0, 0.0, 0.0], [0.2804034719452376, -0.8254891937370318, 1.2070000452376761, 0.04126097189847907, -0.1252564535415177, 0.09184344322726698, 0.0, 0.0, 0.0, 0.0], [-0.4504043612267406, 0.0, 1.483163076878431, -0.867538559551501, 0.21647068469700728, 0.24672151336888215, 0.0, 0.0, 0.0, 0.0], [1.285640055342977, 0.1692584351889301, 0.26149361651770364, -0.3106900752949291, 1.1357437359005638, 0.032360988022755596, 0.0, 0.0, 0.0, 0.0], [0.0, -0.10243614182171008, 1.0143982854700062, -0.8751577031496747, 0.08988475965203703, 0.03931058762495837, 0.0, 0.0, 0.0, 0.0], [0.0, 0.0, 0.0, 0.0, 0.0, 0.4412422688988881, -0.32386591002197956, -0.31708964240749127, -0.04419362795676028, 0.0], [-0.09905492762643583, 0.0, 0.0, 0.0, 0.0, 0.0, 0.0, 0.39443763819038613, 0.6275061157730542, 0.0], [0.0, 0.0, 0.0, 0.0, 0.0, 0.2776441241767383, 0.37306616809634713, 0.5672468219096296, 0.023765574786480777, 0.0], [0.0, 0.0, 0.0, 0.0, 0.0, 0.0, 0.0, 0.12828675344083876, 0.6058572514649813, 0.36374424242927905]]),
     np.array([5.787637592541492, 3.4024323537456027, 2.2446850775967366, 4.073682413035155, 6.778708967205878, 1.3527441007231928, 3.39471039291426, 2.491993682890008, 1.69628138958652, 2.8666075422495583]),
     np.array([[0.31790090866162424, 0.0, 0.40548688012298506, -0.6750650858888568, 0.3389886766803173, 0.9374663137829803, 0.0, 0.0, 0.0, 0.0], [1.3396008005167377, -1.2328701541339682, -0.26904758874479384, 0.0, 0.09965292909372328, 0.0, 0.0, 0.0, 0.0, 0.0], [0.07073410212461505, -0.8266332269774525, 0.7953504797872581, -0.24025591710850439, -0.10717653773088692, 0.40130724398140727, 0.0, 0.0, 0.0, 0.0], [-0.6768408539409702, 0.0, 1.3215719416180665, -0.8410474455443755, 0.45310072855232414, 0.028733764372227057, 0.0, 0.0, 0.0, 0.0], [1.6561148314157668, -0.024122276884285507, 0.38931898352225436, -2.1718331228826755, 0.7201729072993617, 0.1970448826962203, 0.0, 0.0, 0.0, 0.0], [0.0, -0.16390118503739282, 1.0695814590498007, -0.9383136514656751, 0.13122615886311287, 0.20319568493038723, 0.0, 0.0, 0.0, 0.0], [0.0, 0.0, 0.0, 0.0, 0.0, 0.8183656259935742, -0.1536545275729386, -0.34286522378266937, 0.008675648927262797, 0.0], [-0.22824308149932274, 0.0, 0.0, 0.0, 0.0, 0.0, 0.0, 0.7025766645025427, 0.5018287158901902, 0.0], [0.0, 0.0, 0.0, 0.0, 0.0, 0.2624454318863108, 0.23592331606226527, 0.5115040804196115, 0.02260528804252465, 0.0], [0.0, 0.0, 0.0, 0.0, 0.0, 0.0, 0.0, 0.2738052513321697, 0.4864135257436472, 0.6870831921524978]])),
    (np.array([0.9811135635277993, 1.2785090536150325, 1.3195549571544771, 0.7963749636839766, 0.45748484137661183, 0.33720186450896034, 1.103826931791106, 0.9314402264485236, 0.440116365153722, 1.6104639142011075]),
     np.array([[0.8657826199158027, 0.0, 0.267649448500285, -0.9633186163608082, 0.7766500063232209, 1.0109119096118917, 0.0, 0.0, 0.0, 0.0], [0.9402113396889548, -0.44379353926838194, -0.15994104385625424, 0.0, 0.12834207057022082, 0.0, 0.0, 0.0, 0.0, 0.0], [0.235244356895537, -1.0873958649777276, 0.5569998583801643, 0.031684693308547, -0.010077956907383999, 0.29718049932330565, 0.0, 0.0, 0.0, 0.0], [-0.5458954646265444, 0.0, 1.2645298461684977, -0.8971825033735289, 0.29264749780511445, 0.39487124227441484, 0.0, 0.0, 0.0, 0.0], [1.1763314846727597, 0.280462620897623, 0.14662492912901517, -0.15305859867100013, 0.9197938163166618, 0.04780841460815895, 0.0, 0.0, 0.0, 0.0], [0.0, -0.135136140510682, 0.8830952425419043, -0.7204227529481245, 0.13380797010484985, 0.10955243966478828, 0.0, 0.0, 0.0, 0.0], [0.0, 0.0, 0.0, 0.0, 0.0, 0.7844030330007268, -0.10009357569275305, -0.26789788446723123, -0.17333548432882862, 0.0], [0.14282163385657828, 0.0, 0.0, 0.0, 0.0, 0.0, 0.0, 0.5539908462863332, 0.7066301770809814, 0.0], [0.0, 0.0, 0.0, 0.0, 0.0, 0.3099256982512898, 0.3564414838525521, 0.5119846698985067, -0.5032916784586464, 0.0], [0.0, 0.0, 0.0, 0.0, 0.0, 0.0, 0.0, -0.02617570026981314, 0.4482752499012197, 0.4214817198431875]]),
     np.array([9.711823277790531, 2.6034631932415913, 2.1530265985514467, 4.6163797548539485, 6.343980945437584, 1.3635617823475128, 3.5184377873079145, 2.3879134950413747, 2.154037445789941, 3.1423447967466034]),
     np.array([[1.8106453323033866, 0.0, 0.202527302861088, -0.7239805642055047, 1.0147013137141225, 0.5029729411836298, 0.0, 0.0, 0.0, 0.0], [1.0226993201861714, -0.5796917664873745, -0.17117877044854782, 0.0, -0.07921287256191341, 0.0, 0.0, 0.0, 0.0, 0.0], [0.11865345196012392, -0.9842568392206343, 0.6395504384590177, 0.504118561444055, -0.0880590592188377, 0.5575997197584518, 0.0, 0.0, 0.0, 0.0], [-0.3166875976236532, 0.0, 1.704956583944015, -1.4234794770486519, 0.1845398939884628, 0.7377991908689215, 0.0, 0.0, 0.0, 0.0], [1.9332401661934437, -0.6384132517200304, 0.4823784758413653, 0.42241302824749, 0.5540041812697735, 0.10131899087324446, 0.0, 0.0, 0.0, 0.0], [0.0, -0.23518304674023402, 0.90981024486699, -0.6430438990226212, 0.14656580822448023, 0.30144886818922473, 0.0, 0.0, 0.0, 0.0], [0.0, 0.0, 0.0, 0.0, 0.0, 0.8254424788344962, -0.3125508515465804, -0.5299928524226756, -0.1884974881694407, 0.0], [0.11095740721674732, 0.0, 0.0, 0.0, 0.0, 0.0, 0.0, 0.6255109601551351, 0.8181705479667541, 0.0], [0.0, 0.0, 0.0, 0.0, 0.0, 0.52270647601376, 0.5425467649805382, 0.901663930833381, -0.434723112914848, 0.0], [0.0, 0.0, 0.0, 0.0, 0.0, 0.0, 0.0, -0.31568686084709957, 0.7498005634227028, 1.0451156375615847]])),
    (np.array([1.1066164029750796, 1.4419070231312587, 1.2028478174154944, 0.8925696742991547, 0.27676835678237033, 0.37639908157315666, 1.0405241783916819, 0.8656439568440434, 0.40206733460900895, 1.507581291605806]),
     np.array([[0.17658396517957584, 0.0, 0.3113599195663833, -1.1856439994603865, 0.3852584740501449, 0.5025646723477923, 0.0, 0.0, 0.0, 0.0], [0.908771860190797, -0.5356718724128356, -0.34551602372998935, 0.0, 0.23324457142991484, 0.0, 0.0, 0.0, 0.0, 0.0], [0.08074642919767344, -0.7872252878742967, 0.9617838827028276, 0.12867778028938767, -0.027881743641491787, 0.2476232026525923, 0.0, 0.0, 0.0, 0.0], [-0.4370843085371624, 0.0, 1.132669403604565, -0.9545959174291586, 0.1733969970014873, 0.1455054874726383, 0.0, 0.0, 0.0, 0.0], [1.0218023452421356, 0.4597937346812248, 0.19604403363295056, -0.08442639748562795, 1.0282628619660226, 0.036422883646396224, 0.0, 0.0, 0.0, 0.0], [0.0, -0.16935935250019513, 1.0061097849734693, -0.8075633709838338, 0.11518874899207662, 0.23765398383854913, 0.0, 0.0, 0.0, 0.0], [0.0, 0.0, 0.0, 0.0, 0.0, 0.2309773303160799, 0.48363093612746866, -0.053018189995345626, -0.04547347257593747, 0.0], [0.03534931189244927, 0.0, 0.0, 0.0, 0.0, 0.0, 0.0, 0.7595912607617742, 0.552083649116734, 0.0], [0.0, 0.0, 0.0, 0.0, 0.0, 0.266649495422633, 0.406892752297524, 0.4797054106190574, -0.6105961510103878, 0.0], [0.0, 0.0, 0.0, 0.0, 0.0, 0.0, 0.0, 0.055386078571003, 0.5640741064810927, 0.6413324743308871]]),
     np.array([8.073949328123165, 2.8738918602855144, 1.8905867611087261, 3.27814244286977, 4.1196964563638, 1.4727114969257247, 0.45556706734084207, 1.834516830939194, 1.8979672748549674, 2.7718471671767024]),
     np.array([[0.5472869863117733, 0.0, 1.7067643171912301, -1.0240499632450337, 0.9579382114168118, -0.2352755507174396, 0.0, 0.0, 0.0, 0.0], [0.7768482192882905, -1.013701374316158, -0.03607885498257989, 0.0, 0.12391130660208707, 0.0, 0.0, 0.0, 0.0, 0.0], [-0.0486653549595783, -0.922361185148801, 0.651980355545664, -0.25979471946398397, 0.23542474736534058, -0.019091604575083927, 0.0, 0.0, 0.0, 0.0], [-0.3140013169760528, 0.0, 1.2508925436979637, -0.7350178196793675, -0.09319759890338847, 0.24018726959296324, 0.0, 0.0, 0.0, 0.0], [0.9642368394674588, 0.27939135948579924, 0.5247343783467433, -0.34216077054523086, 0.09150830346020591, -0.26531592124321585, 0.0, 0.0, 0.0, 0.0], [0.0, 0.031750350564760346, 1.2035989734612185, -0.970639076209558, 0.026066398290686927, 0.1492347753705178, 0.0, 0.0, 0.0, 0.0], [0.0, 0.0, 0.0, 0.0, 0.0, 0.06356253455518182, -0.10179072609695866, -0.0022748377439455337, -0.19291935875002025, 0.0], [0.10429297406746697, 0.0, 0.0, 0.0, 0.0, 0.0, 0.0, 0.19462772700797604, 0.7028113478589874, 0.0], [0.0, 0.0, 0.0, 0.0, 0.0, 0.532599360876128, 0.5758858733514084, 0.594640530557884, -0.06632054747460703, 0.0], [0.0, 0.0, 0.0, 0.0, 0.0, 0.0, 0.0, -0.04574921614996525, 0.27987341192735976, 0.6829165156596627]])),
    (np.array([1.013058135461393, 1.2836299043795012, 1.280286948055366, 0.7059453937377148, 0.4395758007725773, 0.3239299292581295, 1.1255258426186796, 1.045715253206356, 0.3850984587621467, 1.4560476130451305]),
     np.array([[-0.10826927109109719, 0.0, 0.20868438232551786, -0.753769233274978, 0.533797818656858, 0.7517166938329163, 0.0, 0.0, 0.0, 0.0], [0.9982970994676866, -0.48725119035339143, -0.17211288075720074, 0.0, 0.28949478978371745, 0.0, 0.0, 0.0, 0.0, 0.0], [0.18444930104468177, -0.9346843847569086, 0.670277316376025, 0.04608071463686182, -0.18522776067242241, 0.17896486555207752, 0.0, 0.0, 0.0, 0.0], [-0.3052056541777471, 0.0, 1.318802044814765, -0.5724486652818107, 0.2847367271070354, 0.2407783474540366, 0.0, 0.0, 0.0, 0.0], [1.3705619514614091, 0.24891471279784796, -0.08543484508241646, 0.1653122889322951, 1.065106810729721, 0.021680432962196596, 0.0, 0.0, 0.0, 0.0], [0.0, -0.10384277062641276, 0.8989992316785373, -0.6667422892343765, 0.08885391185434444, 0.07781816428679786, 0.0, 0.0, 0.0, 0.0], [0.0, 0.0, 0.0, 0.0, 0.0, 0.5017553633016771, -0.14616140365066743, -0.27949161410250056, -0.08288776587539502, 0.0], [0.19794720010444378, 0.0, 0.0, 0.0, 0.0, 0.0, 0.0, 0.17816105264514473, 0.5854339724311506, 0.0], [0.0, 0.0, 0.0, 0.0, 0.0, 0.5506639131044843, 0.15985065751286182, 0.5663832937695253, -0.11546155226028396, 0.0], [0.0, 0.0, 0.0, 0.0, 0.0, 0.0, 0.0, 0.019924435337646994, 0.3641363151647556, 0.37822699695567663]]),
     np.array([6.721658039971414, 2.5419153234722516, 2.198423806709521, 3.8458596261908835, 6.8412495541737215, 1.2325785603292667, 2.519812431589936, 2.158630135894229, 2.261001755939479, 2.4268892094517356]),
     np.array([[0.798951442073517, 0.0, 0.35538609617964834, -1.0512227608191889, 1.9197966515669467, 1.6751454060350994, 0.0, 0.0, 0.0, 0.0], [1.0031499681707823, -0.753084492545122, -0.04136391057595096, 0.0, 0.29066641253790054, 0.0, 0.0, 0.0, 0.0, 0.0], [0.20225165310492246, -0.7370068819721124, 0.5596757555272275, 0.08296139388327596, -0.21904152562694681, 0.4302834690952893, 0.0, 0.0, 0.0, 0.0], [-1.2754334549823585, 0.0, 1.4023340624259772, -0.872768295850845, 0.10999438765913189, 0.6212693733523698, 0.0, 0.0, 0.0, 0.0], [1.3818542993750174, -0.10369711984685266, 1.0447296767812149, -0.23525604557446025, 0.31677222774362, 0.7260545564496915, 0.0, 0.0, 0.0, 0.0], [0.0, -0.06828385540656608, 0.8327907437612042, -0.6406749271903286, 0.10837274745520194, 0.05606563408522026, 0.0, 0.0, 0.0, 0.0], [0.0, 0.0, 0.0, 0.0, 0.0, 0.6815267916701035, -0.16657921785711038, -0.3624644357038759, 0.2138924217887486, 0.0], [0.27538994337886347, 0.0, 0.0, 0.0, 0.0, 0.0, 0.0, 0.6073255287663224, 0.43754213372697637, 0.0], [0.0, 0.0, 0.0, 0.0, 0.0, 0.7030319035492125, 0.1671143985573458, 0.8342712880569754, -0.2219494542244792, 0.0], [0.0, 0.0, 0.0, 0.0, 0.0, 0.0, 0.0, 0.16069991885374102, 0.25074273221429155, 0.7914727814299675]])),
    (np.array([1.0093755864226956, 1.381402566069942, 1.2391160654714768, 0.8116421362285199, 0.3899169212223357, 0.33043267185137504, 1.117958906260765, 0.9206625038345212, 0.3401111451858766, 1.3375027141121845]),
     np.array([[0.5471032983436895, 0.0, 0.2785670474883181, -0.8827977115951436, 0.5769419365154352, 0.5817690510364958, 0.0, 0.0, 0.0, 0.0], [0.9307677620990764, -0.6994278228374704, -0.3376366496823852, 0.0, 0.30917120360903005, 0.0, 0.0, 0.0, 0.0, 0.0], [0.23425380416866495, -1.0219730263362952, 0.18093209698514934, 0.13976228353146225, -0.16107142750247244, 0.3307485809743667, 0.0, 0.0, 0.0, 0.0], [-0.3591325643556806, 0.0, 0.9398273918610457, -0.8154257193314756, 0.18574935441475868, 0.2475246714456862, 0.0, 0.0, 0.0, 0.0], [0.990112263190913, 0.2452804098397934, 0.1696252718271804, -0.13749811848768884, 0.6441819278849942, -0.09564954213758785, 0.0, 0.0, 0.0, 0.0], [0.0, -0.12247203440542609, 0.8518389433927998, -0.7476960182835121, 0.09850474202696187, 0.03977080040428316, 0.0, 0.0, 0.0, 0.0], [0.0, 0.0, 0.0, 0.0, 0.0, 0.6156551087042456, -0.03845963920005618, -0.28885392288360784, 0.0077714212420906615, 0.0], [0.060570348981144065, 0.0, 0.0, 0.0, 0.0, 0.0, 0.0, 0.609487944145817, 0.26496222584281276, 0.0], [0.0, 0.0, 0.0, 0.0, 0.0, 0.18897022117802145, 0.2887685898307027, 0.589473926870926, -0.1389789121487138, 0.0], [0.0, 0.0, 0.0, 0.0, 0.0, 0.0, 0.0, 0.06363388616514438, 0.6965514599823955, 0.798147283216321]]),
     np.array([5.52890450464852, 3.5628576466699595, 2.3541991957608066, 3.2014171144147774, 5.098833832118906, 1.1334205964893878, 2.3737288215348706, 1.4110457206475167, 1.6316735650411351, 2.5320702307236944]),
     np.array([[0.49207023980620446, 0.0, 0.2682885120551874, -0.43549734528166206, 0.8520423838098259, 0.17632548984062282, 0.0, 0.0, 0.0, 0.0], [1.4230398155014072, -0.8412622909010334, 0.29284633250300063, 0.0, 0.05414507453747029, 0.0, 0.0, 0.0, 0.0, 0.0], [0.4779964820119526, -0.9714081569919455, 0.6765379395879568, 0.3252501911606291, 0.2931398753267678, 0.6980641760595476, 0.0, 0.0, 0.0, 0.0], [-0.3721815770620614, 0.0, 1.2973458158343922, -1.0248264207800675, 0.2016484054946433, 0.061705925460259874, 0.0, 0.0, 0.0, 0.0], [0.9080175315282476, -0.02260145408111356, 0.18766608353381073, -0.08380543190706552, 1.0267704430587314, 1.5160207426743495, 0.0, 0.0, 0.0, 0.0], [0.0, -0.013355242646192334, 0.8299738129892431, -0.7263415202330503, 0.05510113770199847, 0.0860736382448542, 0.0, 0.0, 0.0, 0.0], [0.0, 0.0, 0.0, 0.0, 0.0, 0.5515301244629376, -0.23502432573805604, -0.18935279009602798, -0.2599068137839184, 0.0], [-0.21017019126015474, 0.0, 0.0, 0.0, 0.0, 0.0, 0.0, 0.4433508059629194, 0.4236262384110927, 0.0], [0.0, 0.0, 0.0, 0.0, 0.0, 0.22463655122688223, 0.21850210025191477, 0.49038794395304075, 0.05218902349342342, 0.0], [0.0, 0.0, 0.0, 0.0, 0.0, 0.0, 0.0, -0.05362269601142522, 0.7194207589588709, 0.4689079642257934]])),
    (np.array([0.999092848871552, 1.4723024236112272, 1.2141536968160374, 0.8130280086656099, 0.41076901756136763, 0.28236587321433476, 1.1845575273254896, 1.0578199806772586, 0.2167444694225153, 1.309370101376775]),
     np.array([[0.40564209956517855, 0.0, 0.13892508757259048, -0.9359600074680188, 0.67232835444391, 0.8580263062567697, 0.0, 0.0, 0.0, 0.0], [0.9364935417354884, -0.8013586377941755, -0.24770101479384266, 0.0, 0.03576383628584905, 0.0, 0.0, 0.0, 0.0, 0.0], [0.20341651602311844, -0.9149481175848055, 0.626452829211286, 0.03765987871499307, 0.03380526402768214, 0.12631360159048927, 0.0, 0.0, 0.0, 0.0], [-0.35869339405146844, 0.0, 0.8976201010804971, -0.7626245018061187, 0.19293502767186457, 0.1491227301480914, 0.0, 0.0, 0.0, 0.0], [1.389372835028596, 0.2755529267774964, 0.11648713046236266, -0.1903951363220375, 1.0127150245944532, 0.03942247560429871, 0.0, 0.0, 0.0, 0.0], [0.0, -0.10950428206831052, 0.9829160865737288, -0.7754840918277635, 0.10675687242340094, 0.241074088547358, 0.0, 0.0, 0.0, 0.0], [0.0, 0.0, 0.0, 0.0, 0.0, 0.45772168202894314, -0.375285136211753, -0.2094148526645797, -0.16209663074505365, 0.0], [0.05024833269200241, 0.0, 0.0, 0.0, 0.0, 0.0, 0.0, 0.55333994629219, 0.486563490199953, 0.0], [0.0, 0.0, 0.0, 0.0, 0.0, 0.410856493339186, 0.2791897338472202, 0.6361137191241049, -0.1634977235549021, 0.0], [0.0, 0.0, 0.0, 0.0, 0.0, 0.0, 0.0, 0.008844196655198278, 0.5201074822854336, 0.9433591507241784]]),
     np.array([7.413418800178996, 2.769400980823389, 2.2118277436426537, 3.3915289305755953, 5.516526397851221, 1.2417925283700155, 2.0069539267190857, 2.3060548995477403, 1.6001885214202838, 2.0156274775464578]),
     np.array([[0.28700975762109754, 0.0, -0.036544756616111264, -0.7855318207066558, 0.22719735128358667, 1.8040463891750949, 0.0, 0.0, 0.0, 0.0], [0.9334882774045513, -0.6504881527111825, -0.24150153981517172, 0.0, 0.3663832804140765, 0.0, 0.0, 0.0, 0.0, 0.0], [0.15635826927010157, -1.0274235287476294, 0.7449299990550403, 0.07772255206031735, 0.013205310865312117, 0.21455600031323377, 0.0, 0.0, 0.0, 0.0], [-0.4048588578914037, 0.0, 1.4138504366431017, -1.1109668417927114, 0.2755859960803009, -0.12384160550469961, 0.0, 0.0, 0.0, 0.0], [0.7264145530181556, 0.302724626206633, -0.16623253865198107, -1.360459061623424, 0.8913824700708417, -0.17796774417317918, 0.0, 0.0, 0.0, 0.0], [0.0, 0.020953377696674644, 0.91244038054792, -0.7992231346180736, -0.08909342922895926, 0.18211626997210278, 0.0, 0.0, 0.0, 0.0], [0.0, 0.0, 0.0, 0.0, 0.0, 0.19784114132654207, -0.01321916340224052, 0.11127099642235076, -0.06861123058837369, 0.0], [0.29856644215309386, 0.0, 0.0, 0.0, 0.0, 0.0, 0.0, 0.4920594124412847, 0.2989709708346575, 0.0], [0.0, 0.0, 0.0, 0.0, 0.0, 0.18378096551610593, 0.3277871082349916, 0.5084247930886583, -0.004847143801940437, 0.0], [0.0, 0.0, 0.0, 0.0, 0.0, 0.0, 0.0, -0.004179175859325147, 0.3376945146434464, 0.43986028972404567]])),
    (np.array([0.9728250874199431, 1.313515468152874, 1.2445613739759265, 0.8764042732360805, 0.436904295270398, 0.406265329990892, 1.0197886131299398, 1.0074321194484375, 0.3288382317110444, 1.7650834978012646]),
     np.array([[0.3252659414268561, 0.0, 0.2187597639563743, -0.8826604727529315, 0.31482317606033383, 0.8118657607309508, 0.0, 0.0, 0.0, 0.0], [0.8403956777530809, -0.5041581447579583, -0.25209115538084803, 0.0, 0.37789168312811405, 0.0, 0.0, 0.0, 0.0, 0.0], [0.2011805627314181, -0.926478545908315, 0.8352621815491069, 0.040748831709957446, -0.03177475627085546, 0.3746199153157521, 0.0, 0.0, 0.0, 0.0], [-0.5654011931982955, 0.0, 1.2407543596454509, -0.8875193944833708, 0.25906336842608196, 0.4785312848813514, 0.0, 0.0, 0.0, 0.0], [1.2400059136897545, 0.13797380805165235, -0.0479176583441505, -0.26207812219515453, 1.3813076429435243, 0.1499116074431273, 0.0, 0.0, 0.0, 0.0], [0.0, -0.14582124275703714, 0.949271070667055, -0.8781467553214056, 0.08647992679228729, 0.03201404593454042, 0.0, 0.0, 0.0, 0.0], [0.0, 0.0, 0.0, 0.0, 0.0, 0.4704315900675317, 0.1746466286188602, -0.17401649415280654, -0.03407816069086168, 0.0], [-0.07485688335459524, 0.0, 0.0, 0.0, 0.0, 0.0, 0.0, 0.6748010078217561, 0.8576855867372498, 0.0], [0.0, 0.0, 0.0, 0.0, 0.0, 0.3489233392324963, 0.30458961695871367, 0.5515083361796032, -0.09184494558067652, 0.0], [0.0, 0.0, 0.0, 0.0, 0.0, 0.0, 0.0, 0.0018818253097885058, 0.23855800763834273, 0.23098104230109082]]),
     np.array([4.982122665819672, 3.5298820009798244, 2.3080265243578015, 4.063237799517756, 6.350649392611103, 1.4573807638096987, 1.991659728909758, 2.486793359106219, 1.7040368242205919, 2.1802538282744206]),
     np.array([[0.8887101185803127, 0.0, 0.42051029759189756, 0.09547197983855231, -0.3975092582414458, 0.48613565949447474, 0.0, 0.0, 0.0, 0.0], [1.2231025562064943, -0.9415717481070646, 0.279276699865846, 0.0, 0.06333041957781599, 0.0, 0.0, 0.0, 0.0, 0.0], [-0.04130193477148679, -0.9419808616826204, 0.4374169508135028, 0.16361791046680904, 0.0003262138647999552, 0.6781688943287059, 0.0, 0.0, 0.0, 0.0], [-0.2912424428033872, 0.0, 1.388693348440703, -1.1409109118696528, -0.4753369419085319, 0.33712989917378156, 0.0, 0.0, 0.0, 0.0], [1.2279761344971607, -0.8198043139086562, 0.33820218458961643, 1.0514635788790017, 0.4082732833399407, -1.1399058193605047, 0.0, 0.0, 0.0, 0.0], [0.0, -0.11025660818160014, 0.9849239844736759, -0.7530203264219598, 0.12201938001180683, 0.38335705947924026, 0.0, 0.0, 0.0, 0.0], [0.0, 0.0, 0.0, 0.0, 0.0, 0.5953038281191505, -0.43679337320715655, -0.3167178131005646, 0.07313588581572807, 0.0], [-0.03616259631304756, 0.0, 0.0, 0.0, 0.0, 0.0, 0.0, 0.5972140857325086, 0.8478922693681442, 0.0], [0.0, 0.0, 0.0, 0.0, 0.0, 0.15151797103058065, 0.2625595153192471, 0.5448282933175717, 0.01623429631840125, 0.0], [0.0, 0.0, 0.0, 0.0, 0.0, 0.0, 0.0, -0.17024018217838227, 0.16357069434111057, 0.6642470521355879]])),
    (np.array([0.9646904830889903, 1.2975282116298898, 1.3081430530998281, 0.780037116969381, 0.3614027506236829, 0.27947945754926284, 1.210723631951969, 1.1389847471052335, 0.15383650467837445, 1.5336483095622404]),
     np.array([[0.18393706592225292, 0.0, 0.3051494791390486, -0.7384565359731492, 0.7082981189374523, 0.6972184420961814, 0.0, 0.0, 0.0, 0.0], [0.8956205274581992, -0.573972295609919, -0.19238125022768252, 0.0, 0.28421576030934725, 0.0, 0.0, 0.0, 0.0, 0.0], [0.17161527271860252, -0.9130546235735165, 0.4576390645945004, -0.09143072347624562, -0.0946232241762731, 0.4042646316877916, 0.0, 0.0, 0.0, 0.0], [-0.3533295067547127, 0.0, 1.49109162766307, -0.973401851692867, 0.30387767893859025, 0.1011619825224439, 0.0, 0.0, 0.0, 0.0], [1.0648079205172807, 0.23389719425113203, 0.17922853884318576, -0.26643402829208823, 0.7582637557773241, 0.09757737857958114, 0.0, 0.0, 0.0, 0.0], [0.0, -0.06895617959986071, 1.0307812079307512, -0.8337874284225688, 0.00021098508509357716, 0.27103033600469123, 0.0, 0.0, 0.0, 0.0], [0.0, 0.0, 0.0, 0.0, 0.0, 0.5101838152287046, -0.13607803390215967, -0.341992648759294, 0.014774056897248119, 0.0], [-0.032457050476258055, 0.0, 0.0, 0.0, 0.0, 0.0, 0.0, 0.13450392160638777, 0.6158085045100228, 0.0], [0.0, 0.0, 0.0, 0.0, 0.0, 0.2248146270305756, 0.3513548414140115, 0.511924038106556, -0.1451333224575928, 0.0], [0.0, 0.0, 0.0, 0.0, 0.0, 0.0, 0.0, 0.14129297633030677, 0.3762778126139969, 0.6961219214249323]]),
     np.array([6.170652045828304, 3.543994843710398, 2.1627928048926384, 4.492211584770182, 4.427636770504875, 1.433691703405754, 2.7131350715883165, 2.6176890238263706, 1.3819198826537349, 3.6489367762008325]),
     np.array([[0.5534993959247415, 0.0, 0.4592252169665733, -0.5746806200577723, 0.48979909343271694, 1.280690653697289, 0.0, 0.0, 0.0, 0.0], [1.2952596694915062, -1.035971819489993, 0.024699999991232128, 0.0, 0.42324003764879337, 0.0, 0.0, 0.0, 0.0, 0.0], [0.21568101306508913, -0.7499225018342199, 0.48426956171347363, 0.310174090254856, -0.31616717149732493, 0.43195264338447464, 0.0, 0.0, 0.0, 0.0], [-0.4925174518581295, 0.0, 1.4561602754523848, -0.7727272021156132, 0.6070670820311509, 0.376894512903336, 0.0, 0.0, 0.0, 0.0], [0.7537299510639999, -0.14049855626947516, 0.08761265219997229, -0.7321318500970505, 0.5036354788888445, -0.45044704758119086, 0.0, 0.0, 0.0, 0.0], [0.0, -0.24922213847578956, 1.066471163908972, -1.0595928614903496, 0.1105722165763127, 0.3403076614346988, 0.0, 0.0, 0.0, 0.0], [0.0, 0.0, 0.0, 0.0, 0.0, 0.7736793809140076, -0.12520516925073966, -0.1325265304187574, -0.32228816632875795, 0.0], [0.4040825713435989, 0.0, 0.0, 0.0, 0.0, 0.0, 0.0, 0.5630904844251953, 0.8374235499411988, 0.0], [0.0, 0.0, 0.0, 0.0, 0.0, 0.4693221373760826, 0.49056693960066494, 0.5670236457332062, -0.3666260234209585, 0.0], [0.0, 0.0, 0.0, 0.0, 0.0, 0.0, 0.0, 0.010882503533080673, 0.7636501991045573, 0.8542454607849777]])),
    (np.array([1.0237515109861732, 1.2413651116676558, 1.238204602958281, 0.7800935510116392, 0.3821841846200522, 0.19590814694338998, 1.2334514065921074, 1.1034032948622425, 0.3291954381485239, 1.3616362334318812]),
     np.array([[0.32111893868175956, 0.0, 0.07969618208313516, -0.9513696802117327, 0.6305694954809202, 0.6647047975669153, 0.0, 0.0, 0.0, 0.0], [0.8877362642216743, -0.3698585462864371, -0.22392556957616938, 0.0, 0.2255963719026323, 0.0, 0.0, 0.0, 0.0, 0.0], [0.16396502418594938, -0.9328739419934423, 0.9763333980446481, 0.11627916838013555, -0.1459660341134536, 0.28454011890733977, 0.0, 0.0, 0.0, 0.0], [-0.487212249983735, 0.0, 1.2142020925150572, -0.8052259367945468, 0.25554087893123867, 0.3495139961922394, 0.0, 0.0, 0.0, 0.0], [1.3590053126119006, 0.19370766926780722, 0.2504350148184497, -0.1828062866276118, 1.0895859835000004, 0.08374887635355048, 0.0, 0.0, 0.0, 0.0], [0.0, -0.09742539725731364, 0.917586755795914, -0.7785183979656246, 0.1974389542201148, 0.49467010383737786, 0.0, 0.0, 0.0, 0.0], [0.0, 0.0, 0.0, 0.0, 0.0, 0.4823239753784748, -0.2635229127308506, -0.22619147264142847, -0.12452440144932078, 0.0], [0.08090810234785067, 0.0, 0.0, 0.0, 0.0, 0.0, 0.0, 0.5620556713119649, 0.6699241341819747, 0.0], [0.0, 0.0, 0.0, 0.0, 0.0, 0.32850554302475016, 0.2749435058306271, 0.4685219298867174, -0.26261707680483093, 0.0], [0.0, 0.0, 0.0, 0.0, 0.0, 0.0, 0.0, -0.04554180536884068, 0.3925441172977999, 0.4156352833018046]]),
     np.array([4.8524005358955336, 3.0831704767810657, 2.3406585566805473, 3.7952201278763282, 4.73319217605014, 1.5087441841281333, 2.227973223354475, 3.30956392153739, 1.5284455509201385, 1.4637224103190216]),
     np.array([[0.357884166615375, 0.0, 0.4269451539344779, -1.0029250943900632, 0.4648801598682414, 0.7845122883868823, 0.0, 0.0, 0.0, 0.0], [0.9551939619241774, -0.7412128514065518, -0.12679051579941322, 0.0, 0.1657923617634619, 0.0, 0.0, 0.0, 0.0, 0.0], [0.0009628301443560293, -1.1559466036657173, 0.4545071651881006, 0.6264689981145798, -0.10222451840615777, 0.47341602234165625, 0.0, 0.0, 0.0, 0.0], [-0.635758517897252, 0.0, 1.5931783193199935, -0.9724225736269981, 0.11089061832128798, 0.3451440630295789, 0.0, 0.0, 0.0, 0.0], [0.5722593799290911, 0.42094328680308546, 0.14247531576430042, 0.25639684484069497, 0.48351433873804506, -0.3809107912431484, 0.0, 0.0, 0.0, 0.0], [0.0, -0.19781860596625306, 1.2708418804211818, -0.9844524659408425, 0.034058776717042806, 0.09948568288051327, 0.0, 0.0, 0.0, 0.0], [0.0, 0.0, 0.0, 0.0, 0.0, 0.33296543363541364, -0.09659355520426359, -0.19330906275502324, -0.021719664244098685, 0.0], [-0.21742471036455477, 0.0, 0.0, 0.0, 0.0, 0.0, 0.0, 0.7927511180464862, 0.948145468862296, 0.0], [0.0, 0.0, 0.0, 0.0, 0.0, 0.3856527399560699, 0.13178533601480863, 0.5566001033192215, 0.058223090842897, 0.0], [0.0, 0.0, 0.0, 0.0, 0.0, 0.0, 0.0, 0.18687262606353056, 0.20281421400222568, 0.30507461201393815]])),
    (np.array([0.9266202941710905, 1.3853557671746393, 1.2106132463040464, 0.7233615115702339, 0.4622105910315049, 0.2833067048370276, 1.0621749116336219, 1.0715429496791253, 0.28068965295242626, 1.5334268897551178]),
     np.array([[0.5624229915132484, 0.0, 0.44662628673193805, -0.6632316442603204, 0.5375671635773527, 0.5515690467377049, 0.0, 0.0, 0.0, 0.0], [1.0645150691868146, -0.5573525371585132, -0.3627112805061044, 0.0, 0.28424016868782054, 0.0, 0.0, 0.0, 0.0, 0.0], [0.2364497297193106, -1.0437920052028937, 0.7959907368503891, 0.12434526032319335, -0.08473817250933657, 0.38974141742183877, 0.0, 0.0, 0.0, 0.0], [-0.48963391624922514, 0.0, 1.4529776131810839, -0.7511283802468695, 0.2388569123921475, 0.4289083362930702, 0.0, 0.0, 0.0, 0.0], [1.4014765557413023, 0.23918698259636567, 0.14912591504369052, -0.164151308156242, 0.886582351195156, 0.122078179437468, 0.0, 0.0, 0.0, 0.0], [0.0, -0.11264591866978645, 1.1091462194309902, -0.7928697295383728, 0.09875929524592833, -0.26197231908719676, 0.0, 0.0, 0.0, 0.0], [0.0, 0.0, 0.0, 0.0, 0.0, 0.6419154013325924, -0.278502592597101, -0.24678369854329915, -0.11575102600408363, 0.0], [-0.16113446719247565, 0.0, 0.0, 0.0, 0.0, 0.0, 0.0, 0.6315311952308268, 0.5437371433142524, 0.0], [0.0, 0.0, 0.0, 0.0, 0.0, 0.2758737987338859, 0.18736378449790092, 0.5285445140818089, 0.04587641949371761, 0.0], [0.0, 0.0, 0.0, 0.0, 0.0, 0.0, 0.0, 0.1296337891594952, 0.46986228653181217, 0.5497638049335161]]),
     np.array([4.302643692600213, 3.2510386913033487, 2.393590080446534, 3.456432213071619, 5.999716434257386, 1.6991561889597695, 3.0295741292558103, 2.338902350824576, 1.5153090294183653, 2.863085477163815]),
     np.array([[0.8238778300982037, 0.0, 0.14534083055667824, -0.29858698012402746, -0.11919432773362423, -0.14489281215750788, 0.0, 0.0, 0.0, 0.0], [1.4278464490055136, -1.1303463268255738, -0.17730341890062243, 0.0, 0.08935390191155979, 0.0, 0.0, 0.0, 0.0, 0.0], [-0.19280056966068512, -1.2094251161083585, 0.9012418560965374, -0.017319804226871738, 0.2952429098770424, 0.31255615083843974, 0.0, 0.0, 0.0, 0.0], [-0.2217502168123764, 0.0, 0.8892125015962336, -0.37262210121549255, 0.22129273235515254, 0.24253283194643804, 0.0, 0.0, 0.0, 0.0], [1.0030977266840229, 0.9972870042643119, -0.47207676014310684, -0.0064046904172317945, 0.20401775101314437, 0.2760740082253284, 0.0, 0.0, 0.0, 0.0], [0.0, 0.06976144778332263, 1.2333306327531843, -0.6149393998644821, 0.21457630151879423, 0.2587643773637109, 0.0, 0.0, 0.0, 0.0], [0.0, 0.0, 0.0, 0.0, 0.0, 0.8198595186546718, 0.06812089072195193, -0.30639540388953485, -0.11742982369436122, 0.0], [-0.012752048980244604, 0.0, 0.0, 0.0, 0.0, 0.0, 0.0, 0.6703984841109687, 0.2746017784555628, 0.0], [0.0, 0.0, 0.0, 0.0, 0.0, 0.191867315870068, 0.31259688489218107, 0.49742109963728537, -0.1856229765208658, 0.0], [0.0, 0.0, 0.0, 0.0, 0.0, 0.0, 0.0, 0.001808454546435159, 0.7809528962052612, 0.5754970324609079]])),
    (np.array([0.9660052100930241, 1.3582674324766533, 1.28002275378136, 0.8377013048502757, 0.4390042728051168, 0.28281782084253465, 1.3663235497251511, 0.9936682716272037, 0.5215554564777634, 1.6711269068057473]),
     np.array([[0.3109627284742637, 0.0, 0.14862514406016908, -0.7798407298479928, 0.5979542954025279, 0.8344307850331699, 0.0, 0.0, 0.0, 0.0], [1.1338191710649699, -0.1341022654722796, -0.423486435279761, 0.0, 0.16861777202188633, 0.0, 0.0, 0.0, 0.0, 0.0], [0.09031656291606216, -0.952403804933489, 0.538328799621523, 0.07401279639389947, -0.05333480038919824, 0.4191465162882458, 0.0, 0.0, 0.0, 0.0], [-0.4942109330022384, 0.0, 1.2367015243635047, -0.765750330264823, 0.17382946098024898, 0.06886476395075136, 0.0, 0.0, 0.0, 0.0], [0.9971313909577355, 0.16037529442400741, 0.13900753834309557, -0.20868671366728958, 0.43122565040697747, 0.12491090053745997, 0.0, 0.0, 0.0, 0.0], [0.0, -0.12493468909738194, 0.969602413824898, -0.7187367669956127, 0.10321901597098948, 0.45777091240309986, 0.0, 0.0, 0.0, 0.0], [0.0, 0.0, 0.0, 0.0, 0.0, 0.3355762759190563, -0.36984595436209566, -0.20143346428346284, -0.19162611848085018, 0.0], [-0.1501082907125527, 0.0, 0.0, 0.0, 0.0, 0.0, 0.0, 0.3134766284593545, 0.37973253625831715, 0.0], [0.0, 0.0, 0.0, 0.0, 0.0, 0.17154668150217928, 0.2026314752943464, 0.5289547950130211, -0.10154525006443754, 0.0], [0.0, 0.0, 0.0, 0.0, 0.0, 0.0, 0.0, 0.1437197235240558, 0.2421668618905424, 0.4105437922100189]]),
     np.array([7.247816976569673, 4.006699612135974, 2.3071437132886854, 3.5982438298054795, 5.142889416058145, 1.5259131416145528, 1.4314148389712447, 1.6213609196127274, 1.4713874247803413, 2.820537333010042]),
     np.array([[0.7862614030625591, 0.0, 0.8528607945799247, -1.243746445503179, 0.049159294951629184, 0.8817317426930854, 0.0, 0.0, 0.0, 0.0], [0.9301956021996906, -1.3579853196992309, -0.4826598349032754, 0.0, 0.11329025605009296, 0.0, 0.0, 0.0, 0.0, 0.0], [0.19573641978509604, -0.24974275515624242, 0.8931579027818024, 0.21147851568161571, -0.3544376517620653, 0.022103143919272202, 0.0, 0.0, 0.0, 0.0], [-0.6130800702021983, 0.0, 1.0006087095454999, -1.1153577672845851, 0.17021666816899472, 0.7023667641365584, 0.0, 0.0, 0.0, 0.0], [1.4771651484664734, 0.9726763785791649, 0.1934428143735309, 0.42283599909913694, -0.20222065906673842, -0.12418306719518767, 0.0, 0.0, 0.0, 0.0], [0.0, -0.28121166235673173, 0.9758355518484151, -0.7792809292433451, 0.007419331932100787, 0.2591311672372973, 0.0, 0.0, 0.0, 0.0], [0.0, 0.0, 0.0, 0.0, 0.0, 0.3453351283446555, -0.18787425375983746, 0.05827838685009842, -0.11807559347118372, 0.0], [0.09246000176223133, 0.0, 0.0, 0.0, 0.0, 0.0, 0.0, 0.6336845958127202, 0.12551551555089252, 0.0], [0.0, 0.0, 0.0, 0.0, 0.0, 0.187932695715032, 0.020017464651483158, 0.4573054456424153, -0.11109669902244831, 0.0], [0.0, 0.0, 0.0, 0.0, 0.0, 0.0, 0.0, 0.060340655150623354, 0.08930206305417412, 0.8870088009549645]])),
    (np.array([1.0172022961015335, 1.277404735117624, 1.1637871297804319, 0.6563104114553685, 0.4100932413262776, 0.2383387764944084, 1.0080983498649665, 0.9237748249934228, 0.4639386601869821, 1.3911790865256324]),
     np.array([[0.23124128958734536, 0.0, 0.20134281526320066, -0.8037919763429429, 0.267068712205752, 0.675061098180053, 0.0, 0.0, 0.0, 0.0], [1.038544891912365, -0.7219520929500107, -0.05974987700383745, 0.0, 0.1268980021129688, 0.0, 0.0, 0.0, 0.0, 0.0], [0.29999788022156815, -0.9869060912746943, 0.4686206442938367, 0.11450769752233242, -0.058305865308077014, 0.4159025796785358, 0.0, 0.0, 0.0, 0.0], [-0.2882319641631974, 0.0, 1.4644166850439893, -0.5955554901008997, 0.2627136493734692, 0.043989500352762875, 0.0, 0.0, 0.0, 0.0], [0.7230466133713614, 0.2013014683992005, 0.14096245614824923, -0.3029707275339721, 0.2491241176350246, 0.028615666275969225, 0.0, 0.0, 0.0, 0.0], [0.0, -0.057990414553022326, 1.107413238478778, -0.7912118911343721, 0.061811808097973084, 0.217490225434453, 0.0, 0.0, 0.0, 0.0], [0.0, 0.0, 0.0, 0.0, 0.0, 0.4445527236224721, -0.04897053666980823, -0.13518655607716143, -0.1337637388717894, 0.0], [0.037818766368006324, 0.0, 0.0, 0.0, 0.0, 0.0, 0.0, 0.6135937279348369, 0.6248320288011513, 0.0], [0.0, 0.0, 0.0, 0.0, 0.0, 0.35650556908597025, 0.26708409237776215, 0.5348627917122264, -0.41363666462049886, 0.0], [0.0, 0.0, 0.0, 0.0, 0.0, 0.0, 0.0, 0.01790328697331612, 0.4618270576468915, 0.7807809423613798]]),
     np.array([5.00796703229399, 3.9568055258981865, 2.5618510198564097, 3.482114500016952, 3.94625997859169, 1.5767767318766437, 2.3428316947516783, 2.40300546951922, 1.9497410740225505, 2.560548712849545]),
     np.array([[-0.3911583240417186, 0.0, -0.07148866344263964, -0.356217152006387, 1.3232463731415738, 0.3815538106020809, 0.0, 0.0, 0.0, 0.0], [1.4168934363371066, -0.9498606800168699, 0.24211229281751837, 0.0, -0.03388128832614277, 0.0, 0.0, 0.0, 0.0, 0.0], [0.681900190533685, -1.1915042142890655, 1.1992588904180799, -0.2648520666479548, -0.11300986138845519, 0.1258429236242246, 0.0, 0.0, 0.0, 0.0], [-0.33238250144223785, 0.0, 1.386845494832013, -1.1222395329080836, 0.2042165052709311, 0.43376356522586235, 0.0, 0.0, 0.0, 0.0], [0.9220955235395062, 0.8519453577633933, 0.48957418049968193, 0.17841306194750658, 0.3818917154107996, -0.02875969129461366, 0.0, 0.0, 0.0, 0.0], [0.0, -0.19754453763733926, 1.1060666818827367, -1.0017644303478541, 0.5137307591526574, 0.25010576158583614, 0.0, 0.0, 0.0, 0.0], [0.0, 0.0, 0.0, 0.0, 0.0, 0.5858000889801936, -0.1734897256767391, -0.03886484207496612, -0.17182854930086694, 0.0], [-0.12433785789220202, 0.0, 0.0, 0.0, 0.0, 0.0, 0.0, 0.4160796317110986, 1.0318020876660872, 0.0], [0.0, 0.0, 0.0, 0.0, 0.0, 0.25903087818041914, 0.4181894566435805, 0.6054342065180428, -0.027341723622140688, 0.0], [0.0, 0.0, 0.0, 0.0, 0.0, 0.0, 0.0, 0.08926397920874098, 0.31763487138563457, 0.5842929724795493]])),
    (np.array([0.9142283934406378, 1.3667536100756719, 1.144111662149002, 0.7913136297741595, 0.4854274916453914, 0.26398071347911545, 1.0660588212124218, 0.9847518442003275, 0.18835469450047776, 1.738597164792832]),
     np.array([[0.33980812479019407, 0.0, 0.2366360732309454, -0.7650916615039731, 0.9827172865073021, 0.6444532922557279, 0.0, 0.0, 0.0, 0.0], [1.1394542818180624, -0.511853763069387, -0.1864369689626469, 0.0, 0.213853118790711, 0.0, 0.0, 0.0, 0.0, 0.0], [0.20928132702459157, -0.8344080121749928, 1.0197395449987787, 0.14323749151374657, -0.04365801037403832, 0.17857384387503367, 0.0, 0.0, 0.0, 0.0], [-0.35212579964690943, 0.0, 1.0356209630115463, -0.7833177909498377, 0.09205826447552821, 0.18374509345301954, 0.0, 0.0, 0.0, 0.0], [1.3214379762150532, 0.12599094755038948, 0.21771271160200295, -0.38835329369613597, 0.9571899399314999, 0.13578587655977187, 0.0, 0.0, 0.0, 0.0], [0.0, -0.06436159425548105, 0.9728154572433219, -0.7803433878507157, 0.09673708583677666, 0.12123586126367884, 0.0, 0.0, 0.0, 0.0], [0.0, 0.0, 0.0, 0.0, 0.0, 0.6229520113602115, 0.24052941474539874, -0.145214544700957, -0.11329899009894771, 0.0], [0.0607839638982133, 0.0, 0.0, 0.0, 0.0, 0.0, 0.0, 0.7486891582750704, 0.8370237719910364, 0.0], [0.0, 0.0, 0.0, 0.0, 0.0, 0.32405176222949245, 0.44249017477284713, 0.5471509838851661, 0.36394447592194484, 0.0], [0.0, 0.0, 0.0, 0.0, 0.0, 0.0, 0.0, -0.06650882413523708, 0.28012994329586843, 0.6118529469708813]]),
     np.array([6.285150433807793, 4.519287481985128, 1.9770750960641141, 2.6159220176465463, 6.544519426716959, 1.5491022272737098, 2.385851352952961, 2.463360192867518, 1.7597202587267429, 2.967881734747332]),
     np.array([[0.9898871369864954, 0.0, 0.7230569296012865, -0.39754853669427326, -0.02257479194607038, 0.5283505964567035, 0.0, 0.0, 0.0, 0.0], [1.4137523001581265, -1.3271124296440433, -0.6324292129067333, 0.0, 0.09152616446706859, 0.0, 0.0, 0.0, 0.0, 0.0], [-0.0011318132711732709, -0.8484022314273929, 0.7044431942788797, -0.21849734309198984, -0.3585607557036072, 0.2499223982575807, 0.0, 0.0, 0.0, 0.0], [-0.19214681338219802, 0.0, 0.9011837258327923, -0.6634932378790477, -0.07364553158743034, 0.05852103253242431, 0.0, 0.0, 0.0, 0.0], [1.5199218208341532, 0.24355189827772863, -0.08937857275044085, -0.6023035384037256, -0.10067985413191766, 0.2712927791808666, 0.0, 0.0, 0.0, 0.0], [0.0, 0.028874111977437517, 1.28294687698667, -1.3047214164811685, 0.07242360898093923, 0.29252879858047764, 0.0, 0.0, 0.0, 0.0], [0.0, 0.0, 0.0, 0.0, 0.0, 0.47060562625239294, -0.16543747271135306, -0.1888569831789318, -0.4733523144725521, 0.0], [-0.004960093180360043, 0.0, 0.0, 0.0, 0.0, 0.0, 0.0, 0.5023246001701426, 0.5736766662446641, 0.0], [0.0, 0.0, 0.0, 0.0, 0.0, 0.1379829186668661, 0.30204941585232803, 0.3589140128841905, 0.012705531004413437, 0.0], [0.0, 0.0, 0.0, 0.0, 0.0, 0.0, 0.0, -0.007196039372683296, 0.2283772290926908, 0.6922546246931244]])),
    (np.array([1.0121480094830921, 1.3667919379682751, 1.2125528802782826, 0.8511434715859627, 0.46904124203105896, 0.2927740954811868, 1.0614141325462045, 1.150738644043569, 0.31506126479934643, 1.5991996927310639]),
     np.array([[0.9711915173060622, 0.0, 0.3275899250478186, -0.796459332277823, 0.4375478012876867, 0.939874568726204, 0.0, 0.0, 0.0, 0.0], [1.056489161737218, -0.49745454949077816, -0.25770316456647524, 0.0, 0.1873350684525579, 0.0, 0.0, 0.0, 0.0, 0.0], [0.282389052304537, -0.9574080434743468, 0.9182853325453448, 0.043748085006994765, -0.15805164415519526, 0.1195121239837972, 0.0, 0.0, 0.0, 0.0], [-0.4038884501228818, 0.0, 1.2164667320948197, -0.9247992150380303, 0.12837856656096913, 0.1269878183561589, 0.0, 0.0, 0.0, 0.0], [0.9685184637212356, 0.14570575109380782, 0.07092639966384502, -0.31180118747127533, 0.9242270840984488, 0.07654005795556018, 0.0, 0.0, 0.0, 0.0], [0.0, -0.15060838545600677, 1.171666375067267, -0.8159335865934759, 0.07823655288939955, -0.10774841748239719, 0.0, 0.0, 0.0, 0.0], [0.0, 0.0, 0.0, 0.0, 0.0, 0.45900697543617214, -0.19666324413892705, -0.2923914367167212, 0.02983523981492486, 0.0], [-0.009806885446004429, 0.0, 0.0, 0.0, 0.0, 0.0, 0.0, 0.3286079521235604, 0.5645420826768716, 0.0], [0.0, 0.0, 0.0, 0.0, 0.0, 0.33663350087808364, 0.3914102036166142, 0.5559635473341272, 0.28897541821383155, 0.0], [0.0, 0.0, 0.0, 0.0, 0.0, 0.0, 0.0, -0.1311949891576817, 0.3366104236880789, 0.6545447739879429]]),
     np.array([7.171343615594816, 2.995823404579715, 2.2719139092013654, 3.132017972542276, 4.029108448091749, 1.6155274631511294, 2.6414767318622165, 2.5369996416894574, 2.0383392640512255, 2.046176998948227]),
     np.array([[0.4040714667104624, 0.0, -0.025125229774510816, -0.6939945007085755, 0.6004103436192021, -0.7119310198482917, 0.0, 0.0, 0.0, 0.0], [0.9625367840510207, -0.7367765732424648, -0.22770560962257325, 0.0, 0.06629571883025065, 0.0, 0.0, 0.0, 0.0, 0.0], [0.29532959841824213, -1.3658195126957977, 0.6115604026964553, 0.11274991925500231, -0.45993561789635523, 0.49940781436955006, 0.0, 0.0, 0.0, 0.0], [-0.4248410144523881, 0.0, 1.2954438640494081, -1.0198308000242677, 0.24997210403665912, 0.24875886184008494, 0.0, 0.0, 0.0, 0.0], [0.6794140455611183, -0.2850603015240183, -0.3425030907188591, -0.04976777841884536, 0.6434362149513809, 0.33465060189155554, 0.0, 0.0, 0.0, 0.0], [0.0, -0.005588078399173226, 1.2227663167116722, -0.6717856815762943, 0.07350214928607811, 0.15742763447750463, 0.0, 0.0, 0.0, 0.0], [0.0, 0.0, 0.0, 0.0, 0.0, 0.6643960142493119, 0.24348333727704544, -0.17689946710453575, -0.1858096105688872, 0.0], [0.0021465804532464555, 0.0, 0.0, 0.0, 0.0, 0.0, 0.0, 0.6321939404422724, 0.31999622349855605, 0.0], [0.0, 0.0, 0.0, 0.0, 0.0, 0.3963565925685532, 0.11241906255882404, 0.5163263260889117, -0.25976889191368413, 0.0], [0.0, 0.0, 0.0, 0.0, 0.0, 0.0, 0.0, -0.03763558538219969, 0.292543791461696, 0.37105803642812346]])),
    (np.array([1.0381924843017853, 1.288346502396131, 1.327420591499219, 0.8132498396291264, 0.3562146953885422, 0.40958868432713996, 1.0727883322068381, 1.0661669008111767, 0.15462144990717513, 1.504385481214703]),
     np.array([[0.2820229733298647, 0.0, 0.31732941618612215, -0.831602631905341, 0.30793385532300727, 0.47751642832995944, 0.0, 0.0, 0.0, 0.0], [1.1188119222358104, -0.5370538591115297, -0.12062188640133624, 0.0, 0.26800055597448524, 0.0, 0.0, 0.0, 0.0, 0.0], [0.245102302641394, -0.9566043878729672, 0.2267417026394744, 0.0239056245587127, -0.13207167168196776, 0.3257027215350535, 0.0, 0.0, 0.0, 0.0], [-0.42805998569912956, 0.0, 1.2037660029541009, -0.6723721705726061, 0.10047464741730806, 0.23346207605555894, 0.0, 0.0, 0.0, 0.0], [1.0599718315161581, 0.12178850992722356, 0.11978852204756953, -0.25547675452676366, 0.42894837728886154, 0.08736806299802483, 0.0, 0.0, 0.0, 0.0], [0.0, -0.2173066636409482, 1.0362167589154878, -0.8131492749719135, 0.06178936598363863, 0.39011506957814623, 0.0, 0.0, 0.0, 0.0], [0.0, 0.0, 0.0, 0.0, 0.0, 0.5491298205338356, 0.27363677100425315, -0.2384496522187522, -0.07617606178587263, 0.0], [-0.011344913690400176, 0.0, 0.0, 0.0, 0.0, 0.0, 0.0, 0.44891706086548055, 0.3611907244157657, 0.0], [0.0, 0.0, 0.0, 0.0, 0.0, 0.2829732642050346, 0.4004329274225366, 0.521479076210838, 0.18624268456384935, 0.0], [0.0, 0.0, 0.0, 0.0, 0.0, 0.0, 0.0, -0.00728381369885999, 0.35998955336152316, 0.4411823658666654]]),
     np.array([5.502706946330366, 3.872793453288375, 1.9715162170408487, 3.4841447656007554, 4.187063334227723, 1.5244409649935546, 2.75235931833318, 2.013614291620294, 1.5534462633156765, 2.038366610219994]),
     np.array([[0.2633098201142505, 0.0, 0.05758564260672212, -0.3574580567033568, -0.038487284743732086, 0.3494294164096924, 0.0, 0.0, 0.0, 0.0], [1.2148265974861605, -1.1175439596165955, -0.03485309859122849, 0.0, 0.572240507542879, 0.0, 0.0, 0.0, 0.0, 0.0], [0.19255248016566426, -0.9072834925458999, 0.6147395075593879, 0.3442764066103081, 0.014583247064651838, 0.4012368368947423, 0.0, 0.0, 0.0, 0.0], [-0.6436159192605145, 0.0, 1.1480986622466307, -1.0543231985222385, 0.34020950310891795, 0.12094534777654652, 0.0, 0.0, 0.0, 0.0], [1.273595716987961, 0.17349884193713064, -0.1281906968788826, 0.42561994166527384, 0.27315920087631307, 0.26717402492762476, 0.0, 0.0, 0.0, 0.0], [0.0, -0.15056442157481675, 1.2814369697343135, -1.4361493325314196, 0.022961542395805962, 0.09644200494995889, 0.0, 0.0, 0.0, 0.0], [0.0, 0.0, 0.0, 0.0, 0.0, 0.6567219772442034, -0.4294835245785422, -0.3793500118628867, -0.36100789682467077, 0.0], [0.17038653050816358, 0.0, 0.0, 0.0, 0.0, 0.0, 0.0, 0.4390937748991199, 0.4223020444506571, 0.0], [0.0, 0.0, 0.0, 0.0, 0.0, 0.2667914810923808, 0.266900990793615, 0.4913187487385049, -0.06965372335298756, 0.0], [0.0, 0.0, 0.0, 0.0, 0.0, 0.0, 0.0, 0.1373745825150828, 0.3703359208522206, 0.47434702288579234]])),
    (np.array([0.97685708446261, 1.3886925674452097, 1.15549147452908, 0.8705396936903673, 0.4448388472071467, 0.36806389114507504, 1.1481517868822944, 0.9506393692519577, 0.18876430844812261, 1.5571835656350221]),
     np.array([[0.29308862624614024, 0.0, 0.22105131535503353, -0.8260835054343, 0.5777729382315817, 0.7205211742886711, 0.0, 0.0, 0.0, 0.0], [1.357349002352316, -0.7061075555565957, -0.24718752501059363, 0.0, 0.09593457288521126, 0.0, 0.0, 0.0, 0.0, 0.0], [0.04907204722303542, -0.7721805817160857, 0.9385661493872621, 0.07350355593714178, 0.023436768565598298, 0.3597728990734964, 0.0, 0.0, 0.0, 0.0], [-0.5001713598787293, 0.0, 1.1110059437883204, -0.9824742785026285, 0.1322683098823445, 0.2297583715427202, 0.0, 0.0, 0.0, 0.0], [1.3008050009810606, 0.3745579556071971, 0.11853555799648612, -0.19475147085787883, 0.8243698550778906, -0.005163943339911039, 0.0, 0.0, 0.0, 0.0], [0.0, -0.15371553403400376, 1.0676102496156346, -0.798806557915896, 0.123140018477295, -0.17969167255386376, 0.0, 0.0, 0.0, 0.0], [0.0, 0.0, 0.0, 0.0, 0.0, 0.5071801481045334, -0.079850874028197, -0.21136051172335335, -0.06239922402148024, 0.0], [0.18445697461547517, 0.0, 0.0, 0.0, 0.0, 0.0, 0.0, 0.6675452454132073, 0.5327943729168978, 0.0], [0.0, 0.0, 0.0, 0.0, 0.0, 0.26114539907507966, 0.362474128226695, 0.49692527881068344, 0.014170132034008324, 0.0], [0.0, 0.0, 0.0, 0.0, 0.0, 0.0, 0.0, 0.07820696276817608, 0.4057978435243552, 0.4642070076576617]]),
     np.array([6.138084887306927, 3.2557786287498423, 2.097043930356834, 3.2324159185687726, 6.565107344750084, 1.3906258529750675, 1.5622742270101075, 2.5927234615635, 1.5294347945963969, 3.110371266839346]),
     np.array([[0.046598254064751474, 0.0, -0.2116432724537439, -0.4172568584199232, 0.1516769041371102, 1.9419979808619283, 0.0, 0.0, 0.0, 0.0], [0.8588578900436854, -0.8826952607648654, -0.0907989962468376, 0.0, 0.7218653630239636, 0.0, 0.0, 0.0, 0.0, 0.0], [0.14913061790232743, -0.9496696663044097, 0.6873195600539697, 0.1290197660524464, -0.2092094840137599, 0.18774150543557733, 0.0, 0.0, 0.0, 0.0], [-0.5278326797877044, 0.0, 0.9646556932324374, -0.6155272749587007, 0.30635605134617355, 0.2660167038191841, 0.0, 0.0, 0.0, 0.0], [1.1851059543139133, 0.19169167449889757, -0.24083965334844532, -0.7131560373157634, 1.1198569228980026, 0.12166179785838971, 0.0, 0.0, 0.0, 0.0], [0.0, 0.13515940597862947, 1.1667428391279975, -0.6983667797449816, -0.02797108483613859, 0.02071760683104854, 0.0, 0.0, 0.0, 0.0], [0.0, 0.0, 0.0, 0.0, 0.0, 0.4575248780570928, -0.11705305304170639, -0.166116043167359, -0.04082579703941568, 0.0], [0.004295484570840294, 0.0, 0.0, 0.0, 0.0, 0.0, 0.0, 0.706217865803703, 0.7291945430362546, 0.0], [0.0, 0.0, 0.0, 0.0, 0.0, 0.26881894328536254, 0.23912799440921478, 0.5467195309748087, -0.04046957125921412, 0.0], [0.0, 0.0, 0.0, 0.0, 0.0, 0.0, 0.0, -0.05382047250569398, 0.5572954444143658, 0.7421953112612266]])),
    (np.array([1.045339194317122, 1.3039235314245188, 1.4451718441615187, 0.7207387353270694, 0.31079284953723585, 0.33878304173748597, 1.2380665501584467, 0.9470220149565982, 0.609803323232857, 1.5438037223840588]),
     np.array([[0.22292060256917345, 0.0, 0.49086885673314845, -0.9993619698213888, 1.0264081319636522, 1.098069580943374, 0.0, 0.0, 0.0, 0.0], [0.9376273148328488, -0.6475346698518535, -0.221751711691293, 0.0, 0.07131049917968837, 0.0, 0.0, 0.0, 0.0, 0.0], [0.11866213934111476, -0.9372050250774011, 0.3823361142678271, -0.11724796050891928, -0.11557052391377708, 0.22353354619308963, 0.0, 0.0, 0.0, 0.0], [-0.3683488731034469, 0.0, 1.0295882441827506, -0.39274259514322857, 0.14737773234939736, 0.164501627688616, 0.0, 0.0, 0.0, 0.0], [0.783971301581426, 0.20286364288929978, 0.05360089901441478, -0.1670586116646727, 1.0063695111967725, 0.15368955269860313, 0.0, 0.0, 0.0, 0.0], [0.0, -0.13498013003269554, 1.0282003903283046, -0.7359031972471609, 0.09197252233473495, 0.03701070433037422, 0.0, 0.0, 0.0, 0.0], [0.0, 0.0, 0.0, 0.0, 0.0, 0.35634744223476555, -0.41063202396516096, -0.2434462253178297, -0.2019508480573278, 0.0], [0.028602537232995977, 0.0, 0.0, 0.0, 0.0, 0.0, 0.0, 0.6174994719658199, 0.48756017312857997, 0.0], [0.0, 0.0, 0.0, 0.0, 0.0, 0.22933935120263088, 0.24903462632903647, 0.46561108468789025, -0.24988773672706086, 0.0], [0.0, 0.0, 0.0, 0.0, 0.0, 0.0, 0.0, -0.022063046023616414, 0.2727348733012028, 0.7358437627367966]]),
     np.array([13.133117843696471, 2.432399307994987, 1.8897490984020926, 3.2998487326205685, 3.626844919608438, 1.395895584670932, 2.1735786423685783, 1.9727800647493683, 1.8710257037835267, 2.886248457132769]),
     np.array([[0.9273506203909858, 0.0, 0.37180529420270425, 0.12535898293703454, 1.4968166996447252, 1.2733666939084498, 0.0, 0.0, 0.0, 0.0], [1.0098744205618486, -0.5978017907906865, 0.04355362459267559, 0.0, 0.14979349426418637, 0.0, 0.0, 0.0, 0.0, 0.0], [-0.015422665550612938, -0.6673801220762589, 0.6265069237934231, 0.0058319614078750845, -0.12990243701706589, 0.4473475392547502, 0.0, 0.0, 0.0, 0.0], [-0.7029174703194472, 0.0, 1.4320265524701552, -1.6218425064391246, 0.07807910079143073, 0.05095444048353177, 0.0, 0.0, 0.0, 0.0], [0.5525586529694835, -0.035236249193379414, 0.34309857929684223, -0.6219060688241482, 0.597283867140548, -0.11191028240595659, 0.0, 0.0, 0.0, 0.0], [0.0, -0.13090044963219777, 0.8835893976312226, -0.692209601399429, 0.15227746818344934, 0.3302869926609948, 0.0, 0.0, 0.0, 0.0], [0.0, 0.0, 0.0, 0.0, 0.0, 0.5397644536253412, -0.07160301375148713, -0.2278258652535184, 0.2603331829955322, 0.0], [0.14104470993654722, 0.0, 0.0, 0.0, 0.0, 0.0, 0.0, 0.2697212837395751, 0.7475413184201275, 0.0], [0.0, 0.0, 0.0, 0.0, 0.0, 0.3154354611276234, 0.14507942216730838, 0.48946758626845693, -0.1258353629532163, 0.0], [0.0, 0.0, 0.0, 0.0, 0.0, 0.0, 0.0, -0.1627290764712284, 0.7230974510444068, 0.5017627638302737]])),
    (np.array([1.011458658874824, 1.3133574377684385, 1.2459607686759724, 0.7303101551654757, 0.3993559511185893, 0.27641805015446225, 1.148328410755762, 0.8312031611805846, 0.17192726341721815, 1.7487868996984732]),
     np.array([[0.7016264059393488, 0.0, 0.1824257624706482, -0.7031440019204014, 0.5278323220296008, 1.0460940357933037, 0.0, 0.0, 0.0, 0.0], [1.13330990902863, -0.4216280470958123, -0.19070253201778475, 0.0, 0.13564424233803205, 0.0, 0.0, 0.0, 0.0, 0.0], [0.17312951354171538, -0.9512538258348959, 0.540791641518415, -0.02990849900677495, -0.0033951943373569196, 0.2576505926141234, 0.0, 0.0, 0.0, 0.0], [-0.3536900566710087, 0.0, 1.2784350655687784, -0.7462117771795803, 0.31259288340563673, 0.29056179599838783, 0.0, 0.0, 0.0, 0.0], [1.032092818975549, 0.10638448455752404, 0.2983381863496172, -0.07986318776399168, 0.8735722969277888, -0.08023147744149664, 0.0, 0.0, 0.0, 0.0], [0.0, -0.06699848267510856, 0.9868241000472533, -0.8694155363962636, 0.04329138261241294, 0.09223350783875364, 0.0, 0.0, 0.0, 0.0], [0.0, 0.0, 0.0, 0.0, 0.0, 0.5971636293067416, 0.027598254219314184, -0.24030126289172743, -0.17468050112937986, 0.0], [0.08139997950856745, 0.0, 0.0, 0.0, 0.0, 0.0, 0.0, 0.6203810761131406, 0.48249876640521144, 0.0], [0.0, 0.0, 0.0, 0.0, 0.0, 0.3041102295827069, 0.412757988056952, 0.49126490897387254, -0.04348164886858661, 0.0], [0.0, 0.0, 0.0, 0.0, 0.0, 0.0, 0.0, -0.15608510152717245, 0.533710826787054, 0.7704709417449513]]),
     np.array([8.655630797728962, 2.388199197847487, 2.1559142103592572, 3.465768765801515, 4.739496450990384, 1.5206910216489382, 2.778338470688596, 1.7587359723486529, 1.33285502082934, 3.52405785927716]),
     np.array([[0.9045598053917728, 0.0, -0.4447965220141601, 0.16896944760258348, -0.0020501715235710853, 0.7922893228792975, 0.0, 0.0, 0.0, 0.0], [0.8433413741493883, -0.6709820921782688, -0.10855137920619823, 0.0, 0.12696791731243243, 0.0, 0.0, 0.0, 0.0, 0.0], [0.4688948515216074, -0.8609987271320478, 0.8414979344523087, 0.18553843990076838, -0.01632964305961612, -0.25998553930925145, 0.0, 0.0, 0.0, 0.0], [-0.1681706337245502, 0.0, 1.3920275865787706, -0.9720700066870064, -0.039161252406784634, -0.23606603818601507, 0.0, 0.0, 0.0, 0.0], [1.1478779203789509, 0.00800050081032871, 0.258143180633627, -0.9810919177346609, 0.04244893976534484, 1.2050471403132383, 0.0, 0.0, 0.0, 0.0], [0.0, -0.01585655904016513, 1.0631674764975385, -0.8528034424555037, 0.12464083220479902, 0.20585327093607075, 0.0, 0.0, 0.0, 0.0], [0.0, 0.0, 0.0, 0.0, 0.0, 0.5507742908759166, -0.3277955449872577, -0.4850523795626265, -0.20688643287732075, 0.0], [0.14729383493082465, 0.0, 0.0, 0.0, 0.0, 0.0, 0.0, 0.504647993116954, 0.3093481882676182, 0.0], [0.0, 0.0, 0.0, 0.0, 0.0, 0.1416598577004473, 0.34079314066094757, 0.44227941748360033, -0.16886495857412148, 0.0], [0.0, 0.0, 0.0, 0.0, 0.0, 0.0, 0.0, -0.492932995878589, 0.6813487313458202, 0.7326192773309321]])),
    (np.array([0.9204084258974408, 1.1979543497011413, 1.2444536778535127, 0.7949277331592814, 0.4584526240175304, 0.3654222626812488, 0.9789960589927238, 1.1076485832727279, 0.4124796875252732, 1.6911362614441467]),
     np.array([[0.4310978045748573, 0.0, 0.26226974578994006, -0.6742960661025015, 0.3256034508963237, 0.793864022686174, 0.0, 0.0, 0.0, 0.0], [1.4378945939218035, -0.34293666273568135, 0.0006258353182762248, 0.0, -0.10785737285643493, 0.0, 0.0, 0.0, 0.0, 0.0], [0.20919313308895734, -0.8746988175873844, 0.8232013033419934, -0.023260773270322856, -0.0764423250967755, 0.2942084929529485, 0.0, 0.0, 0.0, 0.0], [-0.3784074275037929, 0.0, 1.0833364318037124, -0.839472059344358, 0.3226966832139921, 0.1868373462863822, 0.0, 0.0, 0.0, 0.0], [1.208296718206452, 0.37710449072502017, -0.02231771914326777, -0.3046649037819878, 0.6118538997461621, 0.04714082632768622, 0.0, 0.0, 0.0, 0.0], [0.0, -0.13210652760026753, 0.9580856728788913, -0.7767109778927923, 0.053824143417052876, 0.3867487863545721, 0.0, 0.0, 0.0, 0.0], [0.0, 0.0, 0.0, 0.0, 0.0, 0.5146385482446368, -0.11329866575070524, -0.1659856113075494, 0.08893755035541681, 0.0], [0.01649562367545425, 0.0, 0.0, 0.0, 0.0, 0.0, 0.0, 0.11555562323023964, 0.370251294183402, 0.0], [0.0, 0.0, 0.0, 0.0, 0.0, 0.34972295931388375, 0.21213769932151721, 0.48180611302368226, -0.483018579427331, 0.0], [0.0, 0.0, 0.0, 0.0, 0.0, 0.0, 0.0, 0.12908372563553785, 0.563297928761423, 0.30260494458391934]]),
     np.array([5.031423322332476, 3.960785140815321, 2.1073452105732944, 3.4129293767612543, 6.001070584048016, 1.3203437296134142, 2.943286323757663, 1.996275387577983, 1.5383773105791978, 3.1173718769902274]),
     np.array([[0.5803873989235878, 0.0, 0.028534365733975185, -1.1222657096772042, 1.181897423528344, 0.5451471441346296, 0.0, 0.0, 0.0, 0.0], [1.493820967796051, -0.8076398441232935, -0.3473242435757299, 0.0, 0.08266893601640161, 0.0, 0.0, 0.0, 0.0, 0.0], [0.29833770166435614, -0.9032813854305006, 0.4779332562373174, -0.03384121447509969, 0.019888384309661014, 0.34916136873748266, 0.0, 0.0, 0.0, 0.0], [-0.47740573115453755, 0.0, 1.25804231935342, -0.7206597507317519, 0.3536034223372201, 0.320952662548454, 0.0, 0.0, 0.0, 0.0], [1.207835551736634, 0.002537619228470373, 1.26138093260711, 0.4908684775035948, 1.3319822167858846, -1.4278004479499251, 0.0, 0.0, 0.0, 0.0], [0.0, -0.14692386360131948, 0.8194830391794573, -0.9490906954821023, 0.05879091275501873, 0.2827397082061482, 0.0, 0.0, 0.0, 0.0], [0.0, 0.0, 0.0, 0.0, 0.0, 0.49269668672815836, -0.057332122877400596, -0.12454303268269788, -0.11344521333442857, 0.0], [0.2383422750702396, 0.0, 0.0, 0.0, 0.0, 0.0, 0.0, 0.3724459900110618, 0.6172937037630899, 0.0], [0.0, 0.0, 0.0, 0.0, 0.0, 0.5364278918120127, 0.18518364057789977, 0.6008096915568609, -0.10387245941485702, 0.0], [0.0, 0.0, 0.0, 0.0, 0.0, 0.0, 0.0, -0.15171343916306396, 0.4752079763318328, 0.9515134949225414]])),
]

hp_gvm_estimations_step5 = [
    (np.array([0.9822526342184185, 1.3634406908816084, 1.4124239434457964, 0.8133560994917558, 0.37873619732472735, 0.3268651447383362, 1.0735764598887119, 0.9264401359143852, 0.20547753802944177, 1.4071451610874628]),
     np.array([[0.3350523511356181, 0.0, 0.16016009713921817, -0.7715509428424058, 0.6306358081360354, 0.6169790367348302, 0.0, 0.0, 0.0, 0.0], [1.1571227114135665, -0.675230112691984, -0.23924205217639422, 0.0, 0.23068722064383895, 0.0, 0.0, 0.0, 0.0, 0.0], [0.20376714405844876, -1.0026988755993531, 0.6321186905246807, -0.014162757251499325, -0.08505029404055978, 0.3411608359516526, 0.0, 0.0, 0.0, 0.0], [-0.4713188956503659, 0.0, 1.1945637593934944, -0.8127293144431085, 0.2707555383637286, 0.15417806024565126, 0.0, 0.0, 0.0, 0.0], [1.1116640190601246, 0.4720372764279116, 0.2656960788252858, -0.18129663300663104, 1.2186931388521614, 0.15156346643936922, 0.0, 0.0, 0.0, 0.0], [0.0, -0.16362641501624664, 1.0348355982122184, -0.8075777389703169, 0.14327196711980553, 0.18507419792126206, 0.0, 0.0, 0.0, 0.0], [0.0, 0.0, 0.0, 0.0, 0.0, 0.625017365085491, -0.10981904183340176, -0.1874054270378932, -0.06099917767300236, 0.0], [0.14558316520040146, 0.0, 0.0, 0.0, 0.0, 0.0, 0.0, 0.4002108425324386, 0.7373658456721167, 0.0], [0.0, 0.0, 0.0, 0.0, 0.0, 0.23765259982386677, 0.34052104571053127, 0.46239790007947695, -0.20929472528993212, 0.0], [0.0, 0.0, 0.0, 0.0, 0.0, 0.0, 0.0, 0.03615697029856073, 0.33475250849847443, 0.7727611643027401]]),
     np.array([5.975692899034494, 3.6904174448201794, 2.09984592920103, 3.3991308981702217, 8.033256508477667, 1.386896113555687, 2.8167130932010993, 2.2140160877818795, 1.3526912429390419, 2.5738025617630442]),
     np.array([[0.3350523511356181, 0.0, 0.16016009713921817, -0.7715509428424058, 0.6306358081360354, 0.6169790367348302, 0.0, 0.0, 0.0, 0.0], [1.1571227114135665, -0.7008138639834387, -0.23924205217639422, 0.0, 0.23068722064383895, 0.0, 0.0, 0.0, 0.0, 0.0], [0.20376714405844876, -1.0026988755993531, 0.6321186905246807, -0.014162757251499325, -0.08505029404055978, 0.3411608359516526, 0.0, 0.0, 0.0, 0.0], [-0.4713188956503659, 0.0, 1.1945637593934944, -0.8127293144431085, 0.2707555383637286, 0.15417806024565126, 0.0, 0.0, 0.0, 0.0], [1.1116640190601246, 0.4720372764279116, 0.2656960788252858, -0.18129663300663104, 0.42006714088904334, 0.15156346643936922, 0.0, 0.0, 0.0, 0.0], [0.0, -0.16362641501624664, 1.0348355982122184, -0.8075777389703169, 0.14327196711980553, 0.18507419792126206, 0.0, 0.0, 0.0, 0.0], [0.0, 0.0, 0.0, 0.0, 0.0, 0.625017365085491, -0.10981904183340176, -0.1874054270378932, -0.06099917767300236, 0.0], [0.14558316520040146, 0.0, 0.0, 0.0, 0.0, 0.0, 0.0, 0.4002108425324386, 0.7373658456721167, 0.0], [0.0, 0.0, 0.0, 0.0, 0.0, 0.23765259982386677, 0.34052104571053127, 0.46239790007947695, -0.20929472528993212, 0.0], [0.0, 0.0, 0.0, 0.0, 0.0, 0.0, 0.0, 0.03615697029856073, 0.33475250849847443, 0.7727611643027401]])),
    (np.array([1.0461747322108665, 1.3642354358197304, 1.3228222059372972, 0.7820757188157262, 0.5350981760185538, 0.28305330117582994, 1.1084535068987282, 0.9527852984008123, 0.2238334706633346, 1.3606733216645703]),
     np.array([[0.5057765070879489, 0.0, 0.40692057693636985, -1.0684340805159593, 0.541208077021775, 0.5672973815023069, 0.0, 0.0, 0.0, 0.0], [1.0879472308095712, -0.4445472450937593, -0.18937588534143038, 0.0, 0.18482450788466476, 0.0, 0.0, 0.0, 0.0, 0.0], [0.22503088988765257, -0.9508130369251382, 0.6761591602109829, 0.008350828956290914, -0.23043621133609885, 0.41787531132776473, 0.0, 0.0, 0.0, 0.0], [-0.3037702140697726, 0.0, 0.8935612135944421, -0.7173674136668284, 0.17051269822355622, 0.2582726324773119, 0.0, 0.0, 0.0, 0.0], [1.4384563637669354, 0.15403000364910824, 0.2889091513596376, -0.4314953407843137, 0.8159317341712368, 0.00918017152498845, 0.0, 0.0, 0.0, 0.0], [0.0, -0.08843248611466374, 1.230918809993905, -0.9356301726254512, 0.07583478538039251, 0.2679386627144522, 0.0, 0.0, 0.0, 0.0], [0.0, 0.0, 0.0, 0.0, 0.0, 0.5769377446787672, -0.2672066566035099, -0.23837046070853102, -0.08043943019011249, 0.0], [0.05022398236397388, 0.0, 0.0, 0.0, 0.0, 0.0, 0.0, 0.4295038202389178, 0.5488592231098615, 0.0], [0.0, 0.0, 0.0, 0.0, 0.0, 0.2498751234558944, 0.3470639539561153, 0.5774768078937336, -0.06224435464275063, 0.0], [0.0, 0.0, 0.0, 0.0, 0.0, 0.0, 0.0, 0.01933196348145304, 0.528753948921768, 0.6378117968229696]]),
     np.array([5.941743003159363, 3.280689629974639, 2.16646932822059, 2.769896582269126, 7.1532097090174, 1.6784938621012417, 3.7913982579319945, 1.8228306508592362, 1.5733143762144473, 2.1597337834073547]),
     np.array([[0.5057765070879489, 0.0, 0.40692057693636985, -1.0684340805159593, 0.541208077021775, 0.5672973815023069, 0.0, 0.0, 0.0, 0.0], [1.0879472308095712, -0.9669539311056935, -0.18937588534143038, 0.0, 0.18482450788466476, 0.0, 0.0, 0.0, 0.0, 0.0], [0.22503088988765257, -0.9508130369251382, 0.6761591602109829, 0.008350828956290914, -0.23043621133609885, 0.41787531132776473, 0.0, 0.0, 0.0, 0.0], [-0.3037702140697726, 0.0, 0.8935612135944421, -0.7173674136668284, 0.17051269822355622, 0.2582726324773119, 0.0, 0.0, 0.0, 0.0], [1.4384563637669354, 0.15403000364910824, 0.2889091513596376, -0.4314953407843137, 0.5572522159812059, 0.00918017152498845, 0.0, 0.0, 0.0, 0.0], [0.0, -0.08843248611466374, 1.230918809993905, -0.9356301726254512, 0.07583478538039251, 0.2679386627144522, 0.0, 0.0, 0.0, 0.0], [0.0, 0.0, 0.0, 0.0, 0.0, 0.5769377446787672, -0.2672066566035099, -0.23837046070853102, -0.08043943019011249, 0.0], [0.05022398236397388, 0.0, 0.0, 0.0, 0.0, 0.0, 0.0, 0.4295038202389178, 0.5488592231098615, 0.0], [0.0, 0.0, 0.0, 0.0, 0.0, 0.2498751234558944, 0.3470639539561153, 0.5774768078937336, -0.06224435464275063, 0.0], [0.0, 0.0, 0.0, 0.0, 0.0, 0.0, 0.0, 0.01933196348145304, 0.528753948921768, 0.6378117968229696]])),
    (np.array([0.9052735097330443, 1.394430136162728, 1.2809219778595657, 0.7415707225413406, 0.4506017100476908, 0.34435097643078627, 1.193039254013027, 0.9397437347571488, 0.3644697600100897, 1.4296080350394746]),
     np.array([[0.6143158751095167, 0.0, 0.23967305883193857, -0.6831722803421281, 0.7964462514436613, 0.7265454327636653, 0.0, 0.0, 0.0, 0.0], [1.1971966803037626, -0.5365982437352063, -0.4143905955761903, 0.0, 0.2541327113370866, 0.0, 0.0, 0.0, 0.0, 0.0], [0.222926743567216, -1.0242279250605082, 0.6366224220344247, 0.06795160713923204, -0.14656653142741796, 0.4412189554255772, 0.0, 0.0, 0.0, 0.0], [-0.4080151365025551, 0.0, 1.2649434529456831, -0.7787141132484332, 0.24847382342549076, 0.3328051245613404, 0.0, 0.0, 0.0, 0.0], [1.387996145319156, 0.30806251963824294, -0.056742414774955376, -0.2712284392987899, 0.6856249844944868, 0.16296632235205427, 0.0, 0.0, 0.0, 0.0], [0.0, -0.16320057350131573, 0.9893152797442593, -0.8199548133778432, 0.15210214816931414, 0.08892290603178993, 0.0, 0.0, 0.0, 0.0], [0.0, 0.0, 0.0, 0.0, 0.0, 0.4679181897868623, -0.1616375449602524, -0.32224176938415267, 0.017763195916254585, 0.0], [0.07326197158008846, 0.0, 0.0, 0.0, 0.0, 0.0, 0.0, 0.4980050488321543, 0.4313708883689803, 0.0], [0.0, 0.0, 0.0, 0.0, 0.0, 0.25766431752405955, 0.21268428360308417, 0.47925020446152755, -0.13506279052921216, 0.0], [0.0, 0.0, 0.0, 0.0, 0.0, 0.0, 0.0, 0.05780708835100146, 0.48012999710975474, 0.7295210827458316]]),
     np.array([5.599414484205344, 3.670031258999118, 2.422487426461597, 4.042286967560007, 5.839409017152295, 1.2504808631412352, 2.677668222646354, 1.8099687376356763, 1.444742149485426, 2.8228622606901617]),
     np.array([[0.6143158751095167, 0.0, 0.23967305883193857, -0.6831722803421281, 0.7964462514436613, 0.7265454327636653, 0.0, 0.0, 0.0, 0.0], [1.1971966803037626, -1.1557867972091922, -0.4143905955761903, 0.0, 0.2541327113370866, 0.0, 0.0, 0.0, 0.0, 0.0], [0.222926743567216, -1.0242279250605082, 0.6366224220344247, 0.06795160713923204, -0.14656653142741796, 0.4412189554255772, 0.0, 0.0, 0.0, 0.0], [-0.4080151365025551, 0.0, 1.2649434529456831, -0.7787141132484332, 0.24847382342549076, 0.3328051245613404, 0.0, 0.0, 0.0, 0.0], [1.387996145319156, 0.30806251963824294, -0.056742414774955376, -0.2712284392987899, 0.25400510887919175, 0.16296632235205427, 0.0, 0.0, 0.0, 0.0], [0.0, -0.16320057350131573, 0.9893152797442593, -0.8199548133778432, 0.15210214816931414, 0.08892290603178993, 0.0, 0.0, 0.0, 0.0], [0.0, 0.0, 0.0, 0.0, 0.0, 0.4679181897868623, -0.1616375449602524, -0.32224176938415267, 0.017763195916254585, 0.0], [0.07326197158008846, 0.0, 0.0, 0.0, 0.0, 0.0, 0.0, 0.4980050488321543, 0.4313708883689803, 0.0], [0.0, 0.0, 0.0, 0.0, 0.0, 0.25766431752405955, 0.21268428360308417, 0.47925020446152755, -0.13506279052921216, 0.0], [0.0, 0.0, 0.0, 0.0, 0.0, 0.0, 0.0, 0.05780708835100146, 0.48012999710975474, 0.7295210827458316]])),
    (np.array([1.020755873196802, 1.2186539752204166, 1.1936626872248985, 0.767832373799799, 0.4264401223047285, 0.31490391637168313, 1.013293937270525, 0.9059910805564322, 0.3787985238837764, 1.5810734050478419]),
     np.array([[0.39939913712054387, 0.0, 0.2912572300477071, -1.1042399256740105, 0.5748044186261876, 0.7280666209696337, 0.0, 0.0, 0.0, 0.0], [0.9728473083515775, -0.3833312113556037, -0.18471778957806004, 0.0, 0.2235941652486275, 0.0, 0.0, 0.0, 0.0, 0.0], [0.12158810177710992, -0.8517637132580398, 0.7297709307380561, 0.14005413705039244, -0.13426272712209697, 0.223698231382103, 0.0, 0.0, 0.0, 0.0], [-0.396307055308723, 0.0, 1.374597000789296, -0.912117107541322, 0.25498620685337176, 0.22390480786936723, 0.0, 0.0, 0.0, 0.0], [1.0067482243854382, 0.198744883081078, 0.050446299272055496, -0.16224764973622444, 0.8246645521086379, 0.15210940002135126, 0.0, 0.0, 0.0, 0.0], [0.0, -0.15943208760142535, 1.0165785323063672, -0.772239316359853, 0.1652109933725884, 0.154844238892797, 0.0, 0.0, 0.0, 0.0], [0.0, 0.0, 0.0, 0.0, 0.0, 0.5259696856859474, -0.12950185335832587, -0.11831311835942562, -0.022768151338249, 0.0], [0.11864191794150017, 0.0, 0.0, 0.0, 0.0, 0.0, 0.0, 0.6741093017564269, 0.4931756845177887, 0.0], [0.0, 0.0, 0.0, 0.0, 0.0, 0.35016644325368484, 0.2838872384711586, 0.45183266091879487, -0.21000073562838353, 0.0], [0.0, 0.0, 0.0, 0.0, 0.0, 0.0, 0.0, -0.01851160048675295, 0.4224371057071103, 0.8005136870836016]]),
     np.array([7.153990886293166, 2.8816767680721735, 2.0969402835034203, 4.155390382004596, 5.405517404934425, 1.5489298113455732, 2.1678766437919816, 2.387913119330971, 1.48383384643952, 3.2902473188142345]),
     np.array([[0.39939913712054387, 0.0, 0.2912572300477071, -1.1042399256740105, 0.5748044186261876, 0.7280666209696337, 0.0, 0.0, 0.0, 0.0], [0.9728473083515775, -0.7110957271127458, -0.18471778957806004, 0.0, 0.2235941652486275, 0.0, 0.0, 0.0, 0.0, 0.0], [0.12158810177710992, -0.8517637132580398, 0.7297709307380561, 0.14005413705039244, -0.13426272712209697, 0.223698231382103, 0.0, 0.0, 0.0, 0.0], [-0.396307055308723, 0.0, 1.374597000789296, -0.912117107541322, 0.25498620685337176, 0.22390480786936723, 0.0, 0.0, 0.0, 0.0], [1.0067482243854382, 0.198744883081078, 0.050446299272055496, -0.16224764973622444, 0.2057647051131802, 0.15210940002135126, 0.0, 0.0, 0.0, 0.0], [0.0, -0.15943208760142535, 1.0165785323063672, -0.772239316359853, 0.1652109933725884, 0.154844238892797, 0.0, 0.0, 0.0, 0.0], [0.0, 0.0, 0.0, 0.0, 0.0, 0.5259696856859474, -0.12950185335832587, -0.11831311835942562, -0.022768151338249, 0.0], [0.11864191794150017, 0.0, 0.0, 0.0, 0.0, 0.0, 0.0, 0.6741093017564269, 0.4931756845177887, 0.0], [0.0, 0.0, 0.0, 0.0, 0.0, 0.35016644325368484, 0.2838872384711586, 0.45183266091879487, -0.21000073562838353, 0.0], [0.0, 0.0, 0.0, 0.0, 0.0, 0.0, 0.0, -0.01851160048675295, 0.4224371057071103, 0.8005136870836016]])),
    (np.array([0.9547533961343507, 1.343276975524965, 1.2028230149110035, 0.8048895482489415, 0.39453203147963445, 0.3079785555486513, 1.1155130802060622, 0.9083040753996365, 0.311614128053413, 1.6321802292780059]),
     np.array([[0.7656197217671249, 0.0, 0.5053973704654166, -0.9673222742158277, 0.6420991821857995, 0.6008123072140347, 0.0, 0.0, 0.0, 0.0], [0.8231881964090801, -0.334132546401327, -0.2211247119873123, 0.0, 0.41293113143696314, 0.0, 0.0, 0.0, 0.0, 0.0], [0.23880738091010895, -0.9179425034694454, 0.6772954134066873, 0.22848817650087377, -0.1305212782766997, 0.1348642809157123, 0.0, 0.0, 0.0, 0.0], [-0.3728858819108672, 0.0, 1.2871210905221517, -0.9285538602768607, 0.17455769560298529, 0.29102051076156565, 0.0, 0.0, 0.0, 0.0], [1.2219649798608878, 0.3409085726364695, 0.14078617562694953, -0.284100123081831, 0.7834699746776069, 0.05501198802765399, 0.0, 0.0, 0.0, 0.0], [0.0, -0.09836814818599487, 0.9792026337199978, -0.7967005392623543, 0.05038431079911693, 0.26374052041401813, 0.0, 0.0, 0.0, 0.0], [0.0, 0.0, 0.0, 0.0, 0.0, 0.5156146849871799, -0.10824165739988068, -0.2712721599242346, -0.1767483944805691, 0.0], [0.013734998196032525, 0.0, 0.0, 0.0, 0.0, 0.0, 0.0, 0.49013012376059417, 0.42127337668191, 0.0], [0.0, 0.0, 0.0, 0.0, 0.0, 0.3472663963661241, 0.4307506497069344, 0.6524400223239126, -0.015207846155708409, 0.0], [0.0, 0.0, 0.0, 0.0, 0.0, 0.0, 0.0, 0.04704354851009146, 0.32046565483712275, 0.5491570434457692]]),
     np.array([7.209385410281663, 2.8419523082960114, 2.084236975930077, 3.9535527745350034, 5.1244527956741805, 1.3840391983907687, 3.4920373728156338, 1.711505037597635, 2.1729907776657864, 2.550016343834583]),
     np.array([[0.7656197217671249, 0.0, 0.5053973704654166, -0.9673222742158277, 0.6420991821857995, 0.6008123072140347, 0.0, 0.0, 0.0, 0.0], [0.8231881964090801, -1.0922044415467014, -0.2211247119873123, 0.0, 0.41293113143696314, 0.0, 0.0, 0.0, 0.0, 0.0], [0.23880738091010895, -0.9179425034694454, 0.6772954134066873, 0.22848817650087377, -0.1305212782766997, 0.1348642809157123, 0.0, 0.0, 0.0, 0.0], [-0.3728858819108672, 0.0, 1.2871210905221517, -0.9285538602768607, 0.17455769560298529, 0.29102051076156565, 0.0, 0.0, 0.0, 0.0], [1.2219649798608878, 0.3409085726364695, 0.14078617562694953, -0.284100123081831, 0.32680589828862205, 0.05501198802765399, 0.0, 0.0, 0.0, 0.0], [0.0, -0.09836814818599487, 0.9792026337199978, -0.7967005392623543, 0.05038431079911693, 0.26374052041401813, 0.0, 0.0, 0.0, 0.0], [0.0, 0.0, 0.0, 0.0, 0.0, 0.5156146849871799, -0.10824165739988068, -0.2712721599242346, -0.1767483944805691, 0.0], [0.013734998196032525, 0.0, 0.0, 0.0, 0.0, 0.0, 0.0, 0.49013012376059417, 0.42127337668191, 0.0], [0.0, 0.0, 0.0, 0.0, 0.0, 0.3472663963661241, 0.4307506497069344, 0.6524400223239126, -0.015207846155708409, 0.0], [0.0, 0.0, 0.0, 0.0, 0.0, 0.0, 0.0, 0.04704354851009146, 0.32046565483712275, 0.5491570434457692]])),
    (np.array([0.9897732743648298, 1.3576837122239895, 1.2371797253500496, 0.8115819044630661, 0.4518414447240157, 0.3419777241315829, 1.1562352655190409, 0.9537198927212804, 0.41392118656664467, 1.302534483470139]),
     np.array([[0.5538092427956687, 0.0, 0.1938343015319215, -0.74718552564895, 0.2693456731893519, 0.793176895097753, 0.0, 0.0, 0.0, 0.0], [1.0476367935097943, -0.6892859679596322, -0.13223691066006635, 0.0, 0.13585453016537677, 0.0, 0.0, 0.0, 0.0, 0.0], [0.1123060906137867, -0.8298322981733788, 0.706241224869989, 0.046232762231516754, -0.06476309329861513, 0.10492254658192023, 0.0, 0.0, 0.0, 0.0], [-0.37421587797964906, 0.0, 1.3481776212974996, -0.808227778342645, 0.29279843271238765, 0.00550401978335263, 0.0, 0.0, 0.0, 0.0], [1.0963469000652206, 0.08860383633708298, 0.17745913215392073, -0.3015313698400087, 0.8560181838475323, 0.3035234087873821, 0.0, 0.0, 0.0, 0.0], [0.0, -0.15151565209801512, 1.0265196479181276, -0.8000214476505542, 0.11562411757207913, 0.14081338042934208, 0.0, 0.0, 0.0, 0.0], [0.0, 0.0, 0.0, 0.0, 0.0, 0.46688294164722816, -0.2154855044247435, -0.3159166004181255, -0.1359411753581192, 0.0], [0.07375543949258616, 0.0, 0.0, 0.0, 0.0, 0.0, 0.0, 0.4738731959226974, 0.45798523690226667, 0.0], [0.0, 0.0, 0.0, 0.0, 0.0, 0.40300307361139454, 0.4194461587174556, 0.5975333211107042, -0.06566426893242576, 0.0], [0.0, 0.0, 0.0, 0.0, 0.0, 0.0, 0.0, 0.04595497902141955, 0.6374755968282394, 0.5708607078788769]]),
     np.array([6.149211141571892, 2.5685380905528965, 2.0431154760194343, 3.3019264860301054, 5.544315901901218, 1.3285057047708708, 3.5091614596110423, 1.8923705465056337, 2.5461244175094597, 2.080176603896001]),
     np.array([[0.5538092427956687, 0.0, 0.1938343015319215, -0.74718552564895, 0.2693456731893519, 0.793176895097753, 0.0, 0.0, 0.0, 0.0], [1.0476367935097943, -0.6363167905566548, -0.13223691066006635, 0.0, 0.13585453016537677, 0.0, 0.0, 0.0, 0.0, 0.0], [0.1123060906137867, -0.8298322981733788, 0.706241224869989, 0.046232762231516754, -0.06476309329861513, 0.10492254658192023, 0.0, 0.0, 0.0, 0.0], [-0.37421587797964906, 0.0, 1.3481776212974996, -0.808227778342645, 0.29279843271238765, 0.00550401978335263, 0.0, 0.0, 0.0, 0.0], [1.0963469000652206, 0.08860383633708298, 0.17745913215392073, -0.3015313698400087, 0.952063494030017, 0.3035234087873821, 0.0, 0.0, 0.0, 0.0], [0.0, -0.15151565209801512, 1.0265196479181276, -0.8000214476505542, 0.11562411757207913, 0.14081338042934208, 0.0, 0.0, 0.0, 0.0], [0.0, 0.0, 0.0, 0.0, 0.0, 0.46688294164722816, -0.2154855044247435, -0.3159166004181255, -0.1359411753581192, 0.0], [0.07375543949258616, 0.0, 0.0, 0.0, 0.0, 0.0, 0.0, 0.4738731959226974, 0.45798523690226667, 0.0], [0.0, 0.0, 0.0, 0.0, 0.0, 0.40300307361139454, 0.4194461587174556, 0.5975333211107042, -0.06566426893242576, 0.0], [0.0, 0.0, 0.0, 0.0, 0.0, 0.0, 0.0, 0.04595497902141955, 0.6374755968282394, 0.5708607078788769]])),
    (np.array([0.9517565857862893, 1.3798608755279944, 1.04484244044613, 0.7962964692849624, 0.4384656131733911, 0.35931596685602535, 1.1599972099730087, 1.0658636614014394, 0.2548369582322645, 1.467484525314784]),
     np.array([[0.5039975698684543, 0.0, 0.2340180187314667, -0.8321252160193362, 0.8232948197235136, 0.46227799209596354, 0.0, 0.0, 0.0, 0.0], [1.072012961025668, -0.43075674182093576, -0.23107399405062148, 0.0, 0.10637237964185599, 0.0, 0.0, 0.0, 0.0, 0.0], [0.2621087884215494, -0.8228146513476223, 0.9448105581600368, 0.03483698690382969, -0.13402266112809594, 0.17208761076475332, 0.0, 0.0, 0.0, 0.0], [-0.46847610944817786, 0.0, 1.417565027127305, -0.9099739033507802, 0.2900748932108023, 0.16053561822279, 0.0, 0.0, 0.0, 0.0], [1.3248543592132354, 0.1535771382468334, 0.2622064545774387, -0.3243404808336863, 1.0269175991940895, 0.0355767983439549, 0.0, 0.0, 0.0, 0.0], [0.0, -0.10476353951720037, 1.0174397184883508, -0.8686962919417621, 0.08999067897750744, 0.1265571825897396, 0.0, 0.0, 0.0, 0.0], [0.0, 0.0, 0.0, 0.0, 0.0, 0.4968885487672642, -0.1999715693827181, -0.29720306572309585, -0.023365134355828803, 0.0], [-0.11668620798985888, 0.0, 0.0, 0.0, 0.0, 0.0, 0.0, 0.4938451562976459, 0.5676622185949892, 0.0], [0.0, 0.0, 0.0, 0.0, 0.0, 0.2738980219413794, 0.33786796530463853, 0.5532947887904606, -0.044356618618169315, 0.0], [0.0, 0.0, 0.0, 0.0, 0.0, 0.0, 0.0, 0.16166476347608588, 0.5466219929199326, 0.548197877365625]]),
     np.array([5.818151761638001, 3.1585750004453863, 2.3158719590644483, 4.0654341843498925, 6.809331042500106, 1.3373636756890237, 3.009056351953845, 2.2883866123016467, 1.692233506356539, 2.6586916725083425]),
     np.array([[0.5039975698684543, 0.0, 0.2340180187314667, -0.8321252160193362, 0.8232948197235136, 0.46227799209596354, 0.0, 0.0, 0.0, 0.0], [1.072012961025668, -1.1269465460168073, -0.23107399405062148, 0.0, 0.10637237964185599, 0.0, 0.0, 0.0, 0.0, 0.0], [0.2621087884215494, -0.8228146513476223, 0.9448105581600368, 0.03483698690382969, -0.13402266112809594, 0.17208761076475332, 0.0, 0.0, 0.0, 0.0], [-0.46847610944817786, 0.0, 1.417565027127305, -0.9099739033507802, 0.2900748932108023, 0.16053561822279, 0.0, 0.0, 0.0, 0.0], [1.3248543592132354, 0.1535771382468334, 0.2622064545774387, -0.3243404808336863, 0.5647400807163836, 0.0355767983439549, 0.0, 0.0, 0.0, 0.0], [0.0, -0.10476353951720037, 1.0174397184883508, -0.8686962919417621, 0.08999067897750744, 0.1265571825897396, 0.0, 0.0, 0.0, 0.0], [0.0, 0.0, 0.0, 0.0, 0.0, 0.4968885487672642, -0.1999715693827181, -0.29720306572309585, -0.023365134355828803, 0.0], [-0.11668620798985888, 0.0, 0.0, 0.0, 0.0, 0.0, 0.0, 0.4938451562976459, 0.5676622185949892, 0.0], [0.0, 0.0, 0.0, 0.0, 0.0, 0.2738980219413794, 0.33786796530463853, 0.5532947887904606, -0.044356618618169315, 0.0], [0.0, 0.0, 0.0, 0.0, 0.0, 0.0, 0.0, 0.16166476347608588, 0.5466219929199326, 0.548197877365625]])),
    (np.array([0.9780692833466207, 1.2906112599887114, 1.2784664596952013, 0.7840597331058814, 0.44650800223362125, 0.33318220294049145, 1.1219302819702723, 0.911485402071936, 0.33819257733067926, 1.486835453552866]),
     np.array([[1.0331325968880554, 0.0, 0.27611042344659303, -0.9660464815361199, 0.804671951378228, 0.9613855259395553, 0.0, 0.0, 0.0, 0.0], [0.9614877681349171, -0.4865552991693843, -0.1601437353511181, 0.0, 0.06400741398772723, 0.0, 0.0, 0.0, 0.0, 0.0], [0.23003161434111807, -1.0675554307339221, 0.7481728874672747, 0.10125035536897685, -0.020616224201917513, 0.34399225526347577, 0.0, 0.0, 0.0, 0.0], [-0.48080876781406207, 0.0, 1.3034136344646932, -0.8285835578905011, 0.2570499887526409, 0.47307874609537043, 0.0, 0.0, 0.0, 0.0], [1.2343101901259934, 0.23333244363728767, 0.16676165395504813, -0.12625880546029117, 0.9995053561221312, 0.055904914259270945, 0.0, 0.0, 0.0, 0.0], [0.0, -0.13790053662698573, 0.8870606459876388, -0.7272094765833758, 0.13107000851701728, 0.21753088200614382, 0.0, 0.0, 0.0, 0.0], [0.0, 0.0, 0.0, 0.0, 0.0, 0.7628626907530436, -0.23404934920036752, -0.28430887138780725, -0.1731285286005509, 0.0], [0.13197136681964317, 0.0, 0.0, 0.0, 0.0, 0.0, 0.0, 0.5997011230951867, 0.7233671990261652, 0.0], [0.0, 0.0, 0.0, 0.0, 0.0, 0.3369725313509604, 0.3608616211729867, 0.5683559547726393, -0.20652875196089016, 0.0], [0.0, 0.0, 0.0, 0.0, 0.0, 0.0, 0.0, -0.07779853483078618, 0.4475030844544079, 0.6492147224780362]]),
     np.array([9.784255020774227, 2.55783215021819, 2.146620465910649, 4.46922682291397, 6.2374417337703605, 1.3414988770273502, 3.4171590956123876, 2.314696921460746, 1.869420167342037, 2.4259604726461097]),
     np.array([[1.0331325968880554, 0.0, 0.27611042344659303, -0.9660464815361199, 0.804671951378228, 0.9613855259395553, 0.0, 0.0, 0.0, 0.0], [0.9614877681349171, -0.5753759033769071, -0.1601437353511181, 0.0, 0.06400741398772723, 0.0, 0.0, 0.0, 0.0, 0.0], [0.23003161434111807, -1.0675554307339221, 0.7481728874672747, 0.10125035536897685, -0.020616224201917513, 0.34399225526347577, 0.0, 0.0, 0.0, 0.0], [-0.48080876781406207, 0.0, 1.3034136344646932, -0.8285835578905011, 0.2570499887526409, 0.47307874609537043, 0.0, 0.0, 0.0, 0.0], [1.2343101901259934, 0.23333244363728767, 0.16676165395504813, -0.12625880546029117, 0.7179929048609567, 0.055904914259270945, 0.0, 0.0, 0.0, 0.0], [0.0, -0.13790053662698573, 0.8870606459876388, -0.7272094765833758, 0.13107000851701728, 0.21753088200614382, 0.0, 0.0, 0.0, 0.0], [0.0, 0.0, 0.0, 0.0, 0.0, 0.7628626907530436, -0.23404934920036752, -0.28430887138780725, -0.1731285286005509, 0.0], [0.13197136681964317, 0.0, 0.0, 0.0, 0.0, 0.0, 0.0, 0.5997011230951867, 0.7233671990261652, 0.0], [0.0, 0.0, 0.0, 0.0, 0.0, 0.3369725313509604, 0.3608616211729867, 0.5683559547726393, -0.20652875196089016, 0.0], [0.0, 0.0, 0.0, 0.0, 0.0, 0.0, 0.0, -0.07779853483078618, 0.4475030844544079, 0.6492147224780362]])),
    (np.array([1.0908913754499647, 1.409374781722052, 1.224702639204887, 0.8645956055271428, 0.285468491464334, 0.3676867009696601, 1.1257788387403613, 0.9190285279443967, 0.27064919585339586, 1.513039608534061]),
     np.array([[0.41642469339926047, 0.0, 0.40461087793230854, -1.156127600012192, 0.4250131131087562, 0.4495993142712822, 0.0, 0.0, 0.0, 0.0], [0.8954549973993041, -0.4525294719064637, -0.278577294951585, 0.0, 0.1949969674369767, 0.0, 0.0, 0.0, 0.0, 0.0], [0.08125118747473938, -0.8167104787923584, 0.6433787893430988, 0.07011113914782892, -0.0019255767607877985, 0.21636836980641505, 0.0, 0.0, 0.0, 0.0], [-0.4037028337987625, 0.0, 1.2296106603791441, -0.8965011730992006, 0.1112799804637028, 0.1871205459180778, 0.0, 0.0, 0.0, 0.0], [1.0364301490896854, 0.45027565940623443, 0.21533668017307128, -0.08942359658464342, 0.9580123276364279, 0.022141987163039372, 0.0, 0.0, 0.0, 0.0], [0.0, -0.1478845254536688, 1.0243527435036992, -0.802129265438294, 0.10185926317742987, 0.28238128902804793, 0.0, 0.0, 0.0, 0.0], [0.0, 0.0, 0.0, 0.0, 0.0, 0.27892377998268747, -0.09176348413450905, -0.14090532706523903, -0.09292264422813913, 0.0], [0.0463722755892273, 0.0, 0.0, 0.0, 0.0, 0.0, 0.0, 0.4608478716279913, 0.5961950022298315, 0.0], [0.0, 0.0, 0.0, 0.0, 0.0, 0.32526884106800397, 0.4100808976115321, 0.4747814602168332, -0.18325538213502118, 0.0], [0.0, 0.0, 0.0, 0.0, 0.0, 0.0, 0.0, 0.023533781960155677, 0.4671786927342434, 0.581211691540578]]),
     np.array([7.79807241046368, 2.922676289326571, 2.0253377678469016, 3.329667671405469, 4.2252808244588325, 1.4419063830895797, 1.6132426244966382, 1.8764553443653393, 1.635914960181471, 2.622391781047417]),
     np.array([[0.41642469339926047, 0.0, 0.40461087793230854, -1.156127600012192, 0.4250131131087562, 0.4495993142712822, 0.0, 0.0, 0.0, 0.0], [0.8954549973993041, -1.0293550170880879, -0.278577294951585, 0.0, 0.1949969674369767, 0.0, 0.0, 0.0, 0.0, 0.0], [0.08125118747473938, -0.8167104787923584, 0.6433787893430988, 0.07011113914782892, -0.0019255767607877985, 0.21636836980641505, 0.0, 0.0, 0.0, 0.0], [-0.4037028337987625, 0.0, 1.2296106603791441, -0.8965011730992006, 0.1112799804637028, 0.1871205459180778, 0.0, 0.0, 0.0, 0.0], [1.0364301490896854, 0.45027565940623443, 0.21533668017307128, -0.08942359658464342, 0.00956251756418362, 0.022141987163039372, 0.0, 0.0, 0.0, 0.0], [0.0, -0.1478845254536688, 1.0243527435036992, -0.802129265438294, 0.10185926317742987, 0.28238128902804793, 0.0, 0.0, 0.0, 0.0], [0.0, 0.0, 0.0, 0.0, 0.0, 0.27892377998268747, -0.09176348413450905, -0.14090532706523903, -0.09292264422813913, 0.0], [0.0463722755892273, 0.0, 0.0, 0.0, 0.0, 0.0, 0.0, 0.4608478716279913, 0.5961950022298315, 0.0], [0.0, 0.0, 0.0, 0.0, 0.0, 0.32526884106800397, 0.4100808976115321, 0.4747814602168332, -0.18325538213502118, 0.0], [0.0, 0.0, 0.0, 0.0, 0.0, 0.0, 0.0, 0.023533781960155677, 0.4671786927342434, 0.581211691540578]])),
    (np.array([0.9878442798892347, 1.26083323613676, 1.2635626447165949, 0.730820465983068, 0.432174690022155, 0.3208170820232663, 1.107999212097935, 0.9942601551181474, 0.3453271433560911, 1.3882045152206797]),
     np.array([[0.29911731826917143, 0.0, 0.19996572469130985, -0.7337306821859504, 0.6581698694637953, 0.7927918744726, 0.0, 0.0, 0.0, 0.0], [1.011452305000971, -0.43362457407486626, -0.13679114768752332, 0.0, 0.29600918076568644, 0.0, 0.0, 0.0, 0.0, 0.0], [0.18684091404459272, -0.9317392132680449, 0.7264905062061829, 0.049571065671298056, -0.1813500135603141, 0.22860815452712502, 0.0, 0.0, 0.0, 0.0], [-0.33678287014407865, 0.0, 1.2323953850844163, -0.7361150496976311, 0.21877466082478567, 0.2578820559288584, 0.0, 0.0, 0.0, 0.0], [1.3956793406293206, 0.25128712417219956, -0.050215432226491996, 0.16845606628482435, 1.1608835220348235, 0.04846900570522101, 0.0, 0.0, 0.0, 0.0], [0.0, -0.09621656281823115, 0.8898100798421663, -0.6773815185880424, 0.09245915134131158, 0.07256161248199153, 0.0, 0.0, 0.0, 0.0], [0.0, 0.0, 0.0, 0.0, 0.0, 0.5582066720149305, -0.08776955617934117, -0.28095896579851715, -0.03924838400264751, 0.0], [0.2117953533505034, 0.0, 0.0, 0.0, 0.0, 0.0, 0.0, 0.4126641538126316, 0.5444041938248246, 0.0], [0.0, 0.0, 0.0, 0.0, 0.0, 0.5561331846816658, 0.14754324271180538, 0.6023485087489941, -0.04483611505402572, 0.0], [0.0, 0.0, 0.0, 0.0, 0.0, 0.0, 0.0, 0.05279528254899844, 0.33168225721760736, 0.6430455485934305]]),
     np.array([6.271118548684436, 2.563218502973699, 2.2412499177331933, 3.49520795395968, 6.950668646865474, 1.2511806536558596, 2.46342897806664, 2.0958022059998354, 2.0631134307192283, 2.337812396638609]),
     np.array([[0.29911731826917143, 0.0, 0.19996572469130985, -0.7337306821859504, 0.6581698694637953, 0.7927918744726, 0.0, 0.0, 0.0, 0.0], [1.011452305000971, -0.7388609541804242, -0.13679114768752332, 0.0, 0.29600918076568644, 0.0, 0.0, 0.0, 0.0, 0.0], [0.18684091404459272, -0.9317392132680449, 0.7264905062061829, 0.049571065671298056, -0.1813500135603141, 0.22860815452712502, 0.0, 0.0, 0.0, 0.0], [-0.33678287014407865, 0.0, 1.2323953850844163, -0.7361150496976311, 0.21877466082478567, 0.2578820559288584, 0.0, 0.0, 0.0, 0.0], [1.3956793406293206, 0.25128712417219956, -0.050215432226491996, 0.16845606628482435, 0.45776986513705653, 0.04846900570522101, 0.0, 0.0, 0.0, 0.0], [0.0, -0.09621656281823115, 0.8898100798421663, -0.6773815185880424, 0.09245915134131158, 0.07256161248199153, 0.0, 0.0, 0.0, 0.0], [0.0, 0.0, 0.0, 0.0, 0.0, 0.5582066720149305, -0.08776955617934117, -0.28095896579851715, -0.03924838400264751, 0.0], [0.2117953533505034, 0.0, 0.0, 0.0, 0.0, 0.0, 0.0, 0.4126641538126316, 0.5444041938248246, 0.0], [0.0, 0.0, 0.0, 0.0, 0.0, 0.5561331846816658, 0.14754324271180538, 0.6023485087489941, -0.04483611505402572, 0.0], [0.0, 0.0, 0.0, 0.0, 0.0, 0.0, 0.0, 0.05279528254899844, 0.33168225721760736, 0.6430455485934305]])),
    (np.array([1.0117777472042966, 1.3093780212155206, 1.1786240605176166, 0.8086309013293745, 0.3822047877997027, 0.3158431187529312, 1.1337234794633229, 0.9362898601650395, 0.3612579826743501, 1.4052994180738467]),
     np.array([[0.5793171722534108, 0.0, 0.2824869832417543, -0.8880602674473448, 0.6248803219965775, 0.5590361555064012, 0.0, 0.0, 0.0, 0.0], [1.014163059966452, -0.39988519503748976, -0.21808014327320616, 0.0, 0.2579386393280328, 0.0, 0.0, 0.0, 0.0, 0.0], [0.23813884439146055, -0.9870695106496289, 0.6849789131068287, 0.1621225257723875, -0.12874089189788696, 0.40519436680335663, 0.0, 0.0, 0.0, 0.0], [-0.3583658963703482, 0.0, 1.0137022488671468, -0.8010748639613379, 0.18603376521837584, 0.21235687158662353, 0.0, 0.0, 0.0, 0.0], [0.9801664654713627, 0.22535990530027294, 0.17658412398880705, -0.134546051002988, 0.7384678335601351, -0.05724565975596756, 0.0, 0.0, 0.0, 0.0], [0.0, -0.10847749105709181, 0.8449220438321423, -0.741698679811533, 0.09460770987048304, 0.11199247036468257, 0.0, 0.0, 0.0, 0.0], [0.0, 0.0, 0.0, 0.0, 0.0, 0.60173789209011, -0.16733847405298583, -0.2814818257142686, -0.02266711348239153, 0.0], [-0.019427589966252063, 0.0, 0.0, 0.0, 0.0, 0.0, 0.0, 0.4402425593766004, 0.3085595705936686, 0.0], [0.0, 0.0, 0.0, 0.0, 0.0, 0.21037443946242, 0.28213013460489206, 0.5951259777958312, -0.0922678339640381, 0.0], [0.0, 0.0, 0.0, 0.0, 0.0, 0.0, 0.0, 0.04143566818787076, 0.7212347406216887, 0.5883112655111089]]),
     np.array([5.8135918883200715, 3.2691838798218065, 2.3400018128620967, 3.1391074965246384, 5.007848827857126, 1.1518741271957373, 2.4196381069097197, 1.3116809151614333, 1.790645492312098, 2.705728660103806]),
     np.array([[0.5793171722534108, 0.0, 0.2824869832417543, -0.8880602674473448, 0.6248803219965775, 0.5590361555064012, 0.0, 0.0, 0.0, 0.0], [1.014163059966452, -0.6891941683316462, -0.21808014327320616, 0.0, 0.2579386393280328, 0.0, 0.0, 0.0, 0.0, 0.0], [0.23813884439146055, -0.9870695106496289, 0.6849789131068287, 0.1621225257723875, -0.12874089189788696, 0.40519436680335663, 0.0, 0.0, 0.0, 0.0], [-0.3583658963703482, 0.0, 1.0137022488671468, -0.8010748639613379, 0.18603376521837584, 0.21235687158662353, 0.0, 0.0, 0.0, 0.0], [0.9801664654713627, 0.22535990530027294, 0.17658412398880705, -0.134546051002988, 1.046718368739605, -0.05724565975596756, 0.0, 0.0, 0.0, 0.0], [0.0, -0.10847749105709181, 0.8449220438321423, -0.741698679811533, 0.09460770987048304, 0.11199247036468257, 0.0, 0.0, 0.0, 0.0], [0.0, 0.0, 0.0, 0.0, 0.0, 0.60173789209011, -0.16733847405298583, -0.2814818257142686, -0.02266711348239153, 0.0], [-0.019427589966252063, 0.0, 0.0, 0.0, 0.0, 0.0, 0.0, 0.4402425593766004, 0.3085595705936686, 0.0], [0.0, 0.0, 0.0, 0.0, 0.0, 0.21037443946242, 0.28213013460489206, 0.5951259777958312, -0.0922678339640381, 0.0], [0.0, 0.0, 0.0, 0.0, 0.0, 0.0, 0.0, 0.04143566818787076, 0.7212347406216887, 0.5883112655111089]])),
    (np.array([0.9970828559511927, 1.4477568818150564, 1.2104661420555747, 0.8098378534070239, 0.4259467834377804, 0.2960407381278249, 1.113287526837114, 1.067667662457808, 0.24067232488241774, 1.4503867183048766]),
     np.array([[0.41440760633896934, 0.0, 0.13154244137879534, -0.9317814874267724, 0.6370004188487042, 0.9363297548128271, 0.0, 0.0, 0.0, 0.0], [0.9327492505982986, -0.7160808492616367, -0.24146358594823328, 0.0, 0.1231516782931517, 0.0, 0.0, 0.0, 0.0, 0.0], [0.1933469325462142, -0.9143827532803473, 0.6552706689069896, 0.04719572932008854, 0.03135624372895357, 0.15621719786897278, 0.0, 0.0, 0.0, 0.0], [-0.3484927591664727, 0.0, 0.9673303325422321, -0.7361832923237849, 0.2018749081575559, 0.08538855808263585, 0.0, 0.0, 0.0, 0.0], [1.329741032802358, 0.2735155913142383, 0.11354736859756738, -0.20392153871491053, 0.6060233740642204, 0.021593745834532687, 0.0, 0.0, 0.0, 0.0], [0.0, -0.09970857861384934, 0.9647268082536463, -0.7739973889598434, 0.0837270635826775, 0.18437839699798056, 0.0, 0.0, 0.0, 0.0], [0.0, 0.0, 0.0, 0.0, 0.0, 0.4187888984081414, -0.0727068520887154, -0.16457028630223394, -0.16058786659029015, 0.0], [0.1058114079525431, 0.0, 0.0, 0.0, 0.0, 0.0, 0.0, 0.5433350268850465, 0.43581127240903184, 0.0], [0.0, 0.0, 0.0, 0.0, 0.0, 0.3357144780834153, 0.3006892573243139, 0.6239554783230276, -0.16175286581795156, 0.0], [0.0, 0.0, 0.0, 0.0, 0.0, 0.0, 0.0, 0.0020534788977055224, 0.508145453092061, 0.6158332561485482]]),
     np.array([7.396211513591673, 2.727221503613036, 2.1891684353783556, 3.0955963797818606, 5.646959225546167, 1.2911078901419777, 2.3160453355332487, 2.3720078634348987, 1.699119485133965, 2.342298827508786]),
     np.array([[0.41440760633896934, 0.0, 0.13154244137879534, -0.9317814874267724, 0.6370004188487042, 0.9363297548128271, 0.0, 0.0, 0.0, 0.0], [0.9327492505982986, -0.6141123063452785, -0.24146358594823328, 0.0, 0.1231516782931517, 0.0, 0.0, 0.0, 0.0, 0.0], [0.1933469325462142, -0.9143827532803473, 0.6552706689069896, 0.04719572932008854, 0.03135624372895357, 0.15621719786897278, 0.0, 0.0, 0.0, 0.0], [-0.3484927591664727, 0.0, 0.9673303325422321, -0.7361832923237849, 0.2018749081575559, 0.08538855808263585, 0.0, 0.0, 0.0, 0.0], [1.329741032802358, 0.2735155913142383, 0.11354736859756738, -0.20392153871491053, 0.9652911215966102, 0.021593745834532687, 0.0, 0.0, 0.0, 0.0], [0.0, -0.09970857861384934, 0.9647268082536463, -0.7739973889598434, 0.0837270635826775, 0.18437839699798056, 0.0, 0.0, 0.0, 0.0], [0.0, 0.0, 0.0, 0.0, 0.0, 0.4187888984081414, -0.0727068520887154, -0.16457028630223394, -0.16058786659029015, 0.0], [0.1058114079525431, 0.0, 0.0, 0.0, 0.0, 0.0, 0.0, 0.5433350268850465, 0.43581127240903184, 0.0], [0.0, 0.0, 0.0, 0.0, 0.0, 0.3357144780834153, 0.3006892573243139, 0.6239554783230276, -0.16175286581795156, 0.0], [0.0, 0.0, 0.0, 0.0, 0.0, 0.0, 0.0, 0.0020534788977055224, 0.508145453092061, 0.6158332561485482]])),
    (np.array([0.9567644318370808, 1.245585059960922, 1.2573369832720962, 0.8887394559843896, 0.4467285037486001, 0.379842070480597, 1.0710032957974656, 1.0185598379838343, 0.3318713546251023, 1.6881733060793203]),
     np.array([[0.5496044789001764, 0.0, 0.2533430162217359, -0.851608302074915, 0.22111949603919384, 0.7975666327550863, 0.0, 0.0, 0.0, 0.0], [0.9365768900159885, -0.26243457280977156, -0.13246322061839758, 0.0, 0.32328680487087325, 0.0, 0.0, 0.0, 0.0, 0.0], [0.18215460290315025, -0.9314521465711475, 0.6512095129170464, 0.05273523229540073, -0.03261260679339596, 0.44090522277278865, 0.0, 0.0, 0.0, 0.0], [-0.469401426815957, 0.0, 1.1460113400634542, -0.8778661633618711, 0.12061865561217355, 0.3664703098710836, 0.0, 0.0, 0.0, 0.0], [1.2988856871653962, 0.119943385721744, -0.0419722317081609, -0.2612325864372861, 1.2365290867117293, 0.10629171725167774, 0.0, 0.0, 0.0, 0.0], [0.0, -0.1384997893333564, 0.950871254514993, -0.8658706359317031, 0.09016934401112744, 0.3043978111687038, 0.0, 0.0, 0.0, 0.0], [0.0, 0.0, 0.0, 0.0, 0.0, 0.4937897320469365, -0.1265295791814231, -0.1877063182818564, -0.027618116934563227, 0.0], [-0.06864199042518607, 0.0, 0.0, 0.0, 0.0, 0.0, 0.0, 0.643202314910223, 0.8640872894640088, 0.0], [0.0, 0.0, 0.0, 0.0, 0.0, 0.27702211404937194, 0.28229350806515424, 0.5475999634345781, -0.07893899690338792, 0.0], [0.0, 0.0, 0.0, 0.0, 0.0, 0.0, 0.0, -0.057857124035967634, 0.18730443385643478, 0.42468859183386687]]),
     np.array([5.133650437244312, 3.338993064758973, 2.3234386026603198, 3.4950299471156647, 6.771489288539804, 1.4430906738690534, 1.8991388436871532, 2.5360880242830928, 1.678231061191456, 1.82100546228942]),
     np.array([[0.5496044789001764, 0.0, 0.2533430162217359, -0.851608302074915, 0.22111949603919384, 0.7975666327550863, 0.0, 0.0, 0.0, 0.0], [0.9365768900159885, -0.8911371633929241, -0.13246322061839758, 0.0, 0.32328680487087325, 0.0, 0.0, 0.0, 0.0, 0.0], [0.18215460290315025, -0.9314521465711475, 0.6512095129170464, 0.05273523229540073, -0.03261260679339596, 0.44090522277278865, 0.0, 0.0, 0.0, 0.0], [-0.469401426815957, 0.0, 1.1460113400634542, -0.8778661633618711, 0.12061865561217355, 0.3664703098710836, 0.0, 0.0, 0.0, 0.0], [1.2988856871653962, 0.119943385721744, -0.0419722317081609, -0.2612325864372861, 0.5535772178778825, 0.10629171725167774, 0.0, 0.0, 0.0, 0.0], [0.0, -0.1384997893333564, 0.950871254514993, -0.8658706359317031, 0.09016934401112744, 0.3043978111687038, 0.0, 0.0, 0.0, 0.0], [0.0, 0.0, 0.0, 0.0, 0.0, 0.4937897320469365, -0.1265295791814231, -0.1877063182818564, -0.027618116934563227, 0.0], [-0.06864199042518607, 0.0, 0.0, 0.0, 0.0, 0.0, 0.0, 0.643202314910223, 0.8640872894640088, 0.0], [0.0, 0.0, 0.0, 0.0, 0.0, 0.27702211404937194, 0.28229350806515424, 0.5475999634345781, -0.07893899690338792, 0.0], [0.0, 0.0, 0.0, 0.0, 0.0, 0.0, 0.0, -0.057857124035967634, 0.18730443385643478, 0.42468859183386687]])),
    (np.array([0.951731962014231, 1.2510252022682244, 1.2940970689645641, 0.7581481676269928, 0.37945394402471316, 0.2939552544812062, 1.1936255370289899, 1.0445349096196612, 0.12713659454012935, 1.5079282411376838]),
     np.array([[0.32883745739536124, 0.0, 0.3187296826797865, -0.7213875466344682, 0.6672723631553151, 0.7684571879315105, 0.0, 0.0, 0.0, 0.0], [0.9397790171418791, -0.3641179832431882, -0.13164518284607746, 0.0, 0.31783656285677847, 0.0, 0.0, 0.0, 0.0, 0.0], [0.16449469134852573, -0.9059674638493971, 0.605620091304849, -0.037437987443506106, -0.13290007939619558, 0.40610244661708805, 0.0, 0.0, 0.0, 0.0], [-0.3551297510409021, 0.0, 1.4566855294333443, -0.8723991406590309, 0.3826701673950799, 0.1623632851756582, 0.0, 0.0, 0.0, 0.0], [1.003544147515643, 0.20782072055919806, 0.1747763712604436, -0.2811922142984126, 0.3728025836608905, 0.06074092400423136, 0.0, 0.0, 0.0, 0.0], [0.0, -0.08078526259568036, 1.0180043901958975, -0.8515045174121122, 0.007905808108515565, 0.21352892960773465, 0.0, 0.0, 0.0, 0.0], [0.0, 0.0, 0.0, 0.0, 0.0, 0.5661954194533682, -0.08665956970841159, -0.31097192239038474, -0.021948002202330005, 0.0], [0.05790058440189262, 0.0, 0.0, 0.0, 0.0, 0.0, 0.0, 0.4699436045005194, 0.6471061150989604, 0.0], [0.0, 0.0, 0.0, 0.0, 0.0, 0.2930650480798888, 0.3856583022635918, 0.49295522392262203, -0.1482398925447839, 0.0], [0.0, 0.0, 0.0, 0.0, 0.0, 0.0, 0.0, 0.11823174250837934, 0.4409205484327659, 0.7948651707908378]]),
     np.array([5.938032754561253, 3.1780747745827305, 2.182921796311679, 4.336892934072688, 4.366471202307367, 1.4044690972626388, 2.6633333863076136, 2.3965742648101864, 1.3043937316771057, 3.5439459305052208]),
     np.array([[0.32883745739536124, 0.0, 0.3187296826797865, -0.7213875466344682, 0.6672723631553151, 0.7684571879315105, 0.0, 0.0, 0.0, 0.0], [0.9397790171418791, -0.9097362193470512, -0.13164518284607746, 0.0, 0.31783656285677847, 0.0, 0.0, 0.0, 0.0, 0.0], [0.16449469134852573, -0.9059674638493971, 0.605620091304849, -0.037437987443506106, -0.13290007939619558, 0.40610244661708805, 0.0, 0.0, 0.0, 0.0], [-0.3551297510409021, 0.0, 1.4566855294333443, -0.8723991406590309, 0.3826701673950799, 0.1623632851756582, 0.0, 0.0, 0.0, 0.0], [1.003544147515643, 0.20782072055919806, 0.1747763712604436, -0.2811922142984126, 0.3888575311700309, 0.06074092400423136, 0.0, 0.0, 0.0, 0.0], [0.0, -0.08078526259568036, 1.0180043901958975, -0.8515045174121122, 0.007905808108515565, 0.21352892960773465, 0.0, 0.0, 0.0, 0.0], [0.0, 0.0, 0.0, 0.0, 0.0, 0.5661954194533682, -0.08665956970841159, -0.31097192239038474, -0.021948002202330005, 0.0], [0.05790058440189262, 0.0, 0.0, 0.0, 0.0, 0.0, 0.0, 0.4699436045005194, 0.6471061150989604, 0.0], [0.0, 0.0, 0.0, 0.0, 0.0, 0.2930650480798888, 0.3856583022635918, 0.49295522392262203, -0.1482398925447839, 0.0], [0.0, 0.0, 0.0, 0.0, 0.0, 0.0, 0.0, 0.11823174250837934, 0.4409205484327659, 0.7948651707908378]])),
    (np.array([1.01274927196748, 1.2310162147480248, 1.2605259332870853, 0.7834499955003215, 0.4116709662851546, 0.21245566133909782, 1.2087438350807003, 1.072182050411468, 0.2651258438502612, 1.4070009176194624]),
     np.array([[0.37797843596910147, 0.0, 0.11419737139065265, -0.9336999525803253, 0.5817252978919076, 0.67992510640848, 0.0, 0.0, 0.0, 0.0], [0.9060669447920022, -0.31316220213520507, -0.20739566367362947, 0.0, 0.20675569580053646, 0.0, 0.0, 0.0, 0.0, 0.0], [0.13611056688352038, -0.9294975048634593, 0.7680254061802008, 0.1419250327433004, -0.1270231623452405, 0.30337967414503564, 0.0, 0.0, 0.0, 0.0], [-0.4825237133443449, 0.0, 1.2720145536379492, -0.8003079848508482, 0.2175955149757805, 0.31311527500981384, 0.0, 0.0, 0.0, 0.0], [1.3131742473246841, 0.2097682056022377, 0.24092459484974188, -0.16503848677809607, 0.9738795188596947, 0.06733671396266772, 0.0, 0.0, 0.0, 0.0], [0.0, -0.1016296826588827, 0.9982291343677254, -0.7977728141194522, 0.17036461386083634, 0.3020858306924981, 0.0, 0.0, 0.0, 0.0], [0.0, 0.0, 0.0, 0.0, 0.0, 0.44798549799128284, -0.16124790305680378, -0.22837407170150176, -0.11150433100852933, 0.0], [0.01851594198268912, 0.0, 0.0, 0.0, 0.0, 0.0, 0.0, 0.6364838042037146, 0.6907977333724458, 0.0], [0.0, 0.0, 0.0, 0.0, 0.0, 0.3383312819249331, 0.2282293954692636, 0.49121450428072627, -0.07625832230829599, 0.0], [0.0, 0.0, 0.0, 0.0, 0.0, 0.0, 0.0, 0.04338088845510307, 0.3537850911667778, 0.40904589491409116]]),
     np.array([4.649322265139721, 3.064032338885333, 2.26232019316768, 3.564232964450092, 5.193714879137497, 1.5069533876885028, 2.3722924201686144, 3.0098686778833126, 1.437874920090112, 1.7300012148837804]),
     np.array([[0.37797843596910147, 0.0, 0.11419737139065265, -0.9336999525803253, 0.5817252978919076, 0.67992510640848, 0.0, 0.0, 0.0, 0.0], [0.9060669447920022, -0.7433158250858685, -0.20739566367362947, 0.0, 0.20675569580053646, 0.0, 0.0, 0.0, 0.0, 0.0], [0.13611056688352038, -0.9294975048634593, 0.7680254061802008, 0.1419250327433004, -0.1270231623452405, 0.30337967414503564, 0.0, 0.0, 0.0, 0.0], [-0.4825237133443449, 0.0, 1.2720145536379492, -0.8003079848508482, 0.2175955149757805, 0.31311527500981384, 0.0, 0.0, 0.0, 0.0], [1.3131742473246841, 0.2097682056022377, 0.24092459484974188, -0.16503848677809607, 0.4775628361478321, 0.06733671396266772, 0.0, 0.0, 0.0, 0.0], [0.0, -0.1016296826588827, 0.9982291343677254, -0.7977728141194522, 0.17036461386083634, 0.3020858306924981, 0.0, 0.0, 0.0, 0.0], [0.0, 0.0, 0.0, 0.0, 0.0, 0.44798549799128284, -0.16124790305680378, -0.22837407170150176, -0.11150433100852933, 0.0], [0.01851594198268912, 0.0, 0.0, 0.0, 0.0, 0.0, 0.0, 0.6364838042037146, 0.6907977333724458, 0.0], [0.0, 0.0, 0.0, 0.0, 0.0, 0.3383312819249331, 0.2282293954692636, 0.49121450428072627, -0.07625832230829599, 0.0], [0.0, 0.0, 0.0, 0.0, 0.0, 0.0, 0.0, 0.04338088845510307, 0.3537850911667778, 0.40904589491409116]])),
    (np.array([0.955507743009342, 1.3467661589133235, 1.211745061086692, 0.7243985534756416, 0.4678707498496807, 0.25317489696642564, 1.0439304019090119, 1.0813487015296561, 0.31487010878248783, 1.5252808000586588]),
     np.array([[0.48729688503505364, 0.0, 0.4337936958652848, -0.6881812321252074, 0.5208681256616536, 0.5028595172016924, 0.0, 0.0, 0.0, 0.0], [1.1547210620405213, -0.41741623200513905, -0.302047358554996, 0.0, 0.22186671105158773, 0.0, 0.0, 0.0, 0.0, 0.0], [0.18258187385871075, -1.0183860884473428, 0.7228909629244504, 0.10294950653681322, -0.0455715483406391, 0.36211134633308467, 0.0, 0.0, 0.0, 0.0], [-0.4943482214400912, 0.0, 1.3563937024304877, -0.7591983392095117, 0.2676889892047556, 0.41020269372047713, 0.0, 0.0, 0.0, 0.0], [1.366214350540453, 0.27277312339721327, 0.12443239167343108, -0.17642030982255072, 0.891537447577278, 0.12472395597346492, 0.0, 0.0, 0.0, 0.0], [0.0, -0.10618671331058979, 1.120702321501114, -0.7583593726375512, 0.11125780105792203, 0.2175413644229932, 0.0, 0.0, 0.0, 0.0], [0.0, 0.0, 0.0, 0.0, 0.0, 0.6939967916971604, -0.14677810453983955, -0.2529553123475306, -0.11273747855939775, 0.0], [-0.1425741255451713, 0.0, 0.0, 0.0, 0.0, 0.0, 0.0, 0.6510537336703437, 0.48775259077332345, 0.0], [0.0, 0.0, 0.0, 0.0, 0.0, 0.25033291710062733, 0.2270401679050845, 0.5272888050638329, -0.07276942522312159, 0.0], [0.0, 0.0, 0.0, 0.0, 0.0, 0.0, 0.0, 0.10159379494882396, 0.5499705077160914, 0.5840359156392768]]),
     np.array([5.079563627320472, 3.052353171562754, 2.326213434782349, 3.774078513449658, 6.096560810188839, 1.6880185461935935, 3.0114154189091056, 2.43097910767422, 1.5854888526792168, 2.8714797783377515]),
     np.array([[0.48729688503505364, 0.0, 0.4337936958652848, -0.6881812321252074, 0.5208681256616536, 0.5028595172016924, 0.0, 0.0, 0.0, 0.0], [1.1547210620405213, -1.0658688244693426, -0.302047358554996, 0.0, 0.22186671105158773, 0.0, 0.0, 0.0, 0.0, 0.0], [0.18258187385871075, -1.0183860884473428, 0.7228909629244504, 0.10294950653681322, -0.0455715483406391, 0.36211134633308467, 0.0, 0.0, 0.0, 0.0], [-0.4943482214400912, 0.0, 1.3563937024304877, -0.7591983392095117, 0.2676889892047556, 0.41020269372047713, 0.0, 0.0, 0.0, 0.0], [1.366214350540453, 0.27277312339721327, 0.12443239167343108, -0.17642030982255072, 0.3602756880429791, 0.12472395597346492, 0.0, 0.0, 0.0, 0.0], [0.0, -0.10618671331058979, 1.120702321501114, -0.7583593726375512, 0.11125780105792203, 0.2175413644229932, 0.0, 0.0, 0.0, 0.0], [0.0, 0.0, 0.0, 0.0, 0.0, 0.6939967916971604, -0.14677810453983955, -0.2529553123475306, -0.11273747855939775, 0.0], [-0.1425741255451713, 0.0, 0.0, 0.0, 0.0, 0.0, 0.0, 0.6510537336703437, 0.48775259077332345, 0.0], [0.0, 0.0, 0.0, 0.0, 0.0, 0.25033291710062733, 0.2270401679050845, 0.5272888050638329, -0.07276942522312159, 0.0], [0.0, 0.0, 0.0, 0.0, 0.0, 0.0, 0.0, 0.10159379494882396, 0.5499705077160914, 0.5840359156392768]])),
    (np.array([0.9621266406367741, 1.3745173512094118, 1.2218681323973524, 0.8368621825471959, 0.42950669090899624, 0.29020938501740307, 1.2546806917426692, 0.9586849953483595, 0.5610277574959871, 1.6037225981270835]),
     np.array([[0.418147569731304, 0.0, 0.18919532823804033, -0.7976468423718565, 0.5380200456987674, 0.8637724732284727, 0.0, 0.0, 0.0, 0.0], [1.0920854605849672, -0.22375773367998697, -0.43939874535627704, 0.0, 0.14983002248903826, 0.0, 0.0, 0.0, 0.0, 0.0], [0.09977711209536391, -0.920397244516754, 0.8651502343210686, 0.09704509610873001, -0.07711276133289323, 0.3617818766132233, 0.0, 0.0, 0.0, 0.0], [-0.506510467102545, 0.0, 1.1523474786633523, -0.824769198944774, 0.18038721112893505, 0.21874738619832645, 0.0, 0.0, 0.0, 0.0], [1.0497202969597832, 0.19303307485761204, 0.13872492230276479, -0.19325254897703356, 0.8396330269835647, 0.1164808035847892, 0.0, 0.0, 0.0, 0.0], [0.0, -0.12670339373562683, 0.9661785993319203, -0.71211119104402, 0.0906553249783994, 0.263937735638531, 0.0, 0.0, 0.0, 0.0], [0.0, 0.0, 0.0, 0.0, 0.0, 0.3734118528119962, -0.09117133108481533, -0.17166157028355522, -0.17684365817804013, 0.0], [-0.09837968753731831, 0.0, 0.0, 0.0, 0.0, 0.0, 0.0, 0.5247472246035354, 0.3173628815903309, 0.0], [0.0, 0.0, 0.0, 0.0, 0.0, 0.1807581575703944, 0.14687408220067227, 0.5196066571548955, -0.18965115595497306, 0.0], [0.0, 0.0, 0.0, 0.0, 0.0, 0.0, 0.0, 0.10572698617191952, 0.17707794065019686, 0.6159039890810304]]),
     np.array([7.198037263239442, 4.099697760688697, 2.4587909665577055, 3.571454211324552, 5.279804087377883, 1.5375312957972347, 1.700856785703591, 1.6613413057586548, 1.5346882582285064, 2.4926557903038176]),
     np.array([[0.418147569731304, 0.0, 0.18919532823804033, -0.7976468423718565, 0.5380200456987674, 0.8637724732284727, 0.0, 0.0, 0.0, 0.0], [1.0920854605849672, -1.3712631195710874, -0.43939874535627704, 0.0, 0.14983002248903826, 0.0, 0.0, 0.0, 0.0, 0.0], [0.09977711209536391, -0.920397244516754, 0.8651502343210686, 0.09704509610873001, -0.07711276133289323, 0.3617818766132233, 0.0, 0.0, 0.0, 0.0], [-0.506510467102545, 0.0, 1.1523474786633523, -0.824769198944774, 0.18038721112893505, 0.21874738619832645, 0.0, 0.0, 0.0, 0.0], [1.0497202969597832, 0.19303307485761204, 0.13872492230276479, -0.19325254897703356, 0.006600845839928373, 0.1164808035847892, 0.0, 0.0, 0.0, 0.0], [0.0, -0.12670339373562683, 0.9661785993319203, -0.71211119104402, 0.0906553249783994, 0.263937735638531, 0.0, 0.0, 0.0, 0.0], [0.0, 0.0, 0.0, 0.0, 0.0, 0.3734118528119962, -0.09117133108481533, -0.17166157028355522, -0.17684365817804013, 0.0], [-0.09837968753731831, 0.0, 0.0, 0.0, 0.0, 0.0, 0.0, 0.5247472246035354, 0.3173628815903309, 0.0], [0.0, 0.0, 0.0, 0.0, 0.0, 0.1807581575703944, 0.14687408220067227, 0.5196066571548955, -0.18965115595497306, 0.0], [0.0, 0.0, 0.0, 0.0, 0.0, 0.0, 0.0, 0.10572698617191952, 0.17707794065019686, 0.6159039890810304]])),
    (np.array([1.0198679491931688, 1.245991040837529, 1.1251628169726082, 0.6722795359621768, 0.39233961607837864, 0.24153937979294599, 1.002262986993823, 0.9119244450200064, 0.3949633268476585, 1.4433433409552883]),
     np.array([[0.17828227425247078, 0.0, 0.176010462123087, -0.7912312188244829, 0.36998297824053056, 0.6183280232989129, 0.0, 0.0, 0.0, 0.0], [1.1348563011131878, -0.5841811728216297, 0.0030150730314029, 0.0, 0.09323100831309891, 0.0, 0.0, 0.0, 0.0, 0.0], [0.3646954995749691, -0.9813264528950557, 0.6838004844058341, 0.09745905641758287, -0.05617605501010364, 0.37698017499284286, 0.0, 0.0, 0.0, 0.0], [-0.3014866379273634, 0.0, 1.3916079136211907, -0.681083440830142, 0.2514768116727824, 0.13525170953537982, 0.0, 0.0, 0.0, 0.0], [0.791528596993316, 0.23902201499311923, 0.1564011905601981, -0.2716528394403298, 0.7425369741917969, 0.03746917673300791, 0.0, 0.0, 0.0, 0.0], [0.0, -0.07434503051716587, 1.0737323726307997, -0.7840835690450737, 0.10807986694995171, 0.23855140944949912, 0.0, 0.0, 0.0, 0.0], [0.0, 0.0, 0.0, 0.0, 0.0, 0.446713611718315, -0.04129027054365611, -0.1074851370526724, -0.13742946502501785, 0.0], [0.013674088672907965, 0.0, 0.0, 0.0, 0.0, 0.0, 0.0, 0.5354330937152798, 0.6930212810031019, 0.0], [0.0, 0.0, 0.0, 0.0, 0.0, 0.30266141090865684, 0.2865415140571946, 0.5316118841470144, -0.18027756122106445, 0.0], [0.0, 0.0, 0.0, 0.0, 0.0, 0.0, 0.0, 0.02670972179095187, 0.45327554711191437, 0.6889347085496657]]),
     np.array([5.1010668782818405, 3.8370939982116004, 2.470804331816755, 3.480597727232154, 4.236340711771358, 1.5457562807970087, 2.0705309444689037, 2.273293635707837, 1.7454298478749701, 2.796352688642644]),
     np.array([[0.17828227425247078, 0.0, 0.176010462123087, -0.7912312188244829, 0.36998297824053056, 0.6183280232989129, 0.0, 0.0, 0.0, 0.0], [1.1348563011131878, -0.8773177560743586, 0.0030150730314029, 0.0, 0.09323100831309891, 0.0, 0.0, 0.0, 0.0, 0.0], [0.3646954995749691, -0.9813264528950557, 0.6838004844058341, 0.09745905641758287, -0.05617605501010364, 0.37698017499284286, 0.0, 0.0, 0.0, 0.0], [-0.3014866379273634, 0.0, 1.3916079136211907, -0.681083440830142, 0.2514768116727824, 0.13525170953537982, 0.0, 0.0, 0.0, 0.0], [0.791528596993316, 0.23902201499311923, 0.1564011905601981, -0.2716528394403298, 0.5940798629489856, 0.03746917673300791, 0.0, 0.0, 0.0, 0.0], [0.0, -0.07434503051716587, 1.0737323726307997, -0.7840835690450737, 0.10807986694995171, 0.23855140944949912, 0.0, 0.0, 0.0, 0.0], [0.0, 0.0, 0.0, 0.0, 0.0, 0.446713611718315, -0.04129027054365611, -0.1074851370526724, -0.13742946502501785, 0.0], [0.013674088672907965, 0.0, 0.0, 0.0, 0.0, 0.0, 0.0, 0.5354330937152798, 0.6930212810031019, 0.0], [0.0, 0.0, 0.0, 0.0, 0.0, 0.30266141090865684, 0.2865415140571946, 0.5316118841470144, -0.18027756122106445, 0.0], [0.0, 0.0, 0.0, 0.0, 0.0, 0.0, 0.0, 0.02670972179095187, 0.45327554711191437, 0.6889347085496657]])),
    (np.array([0.904159402021957, 1.388254716405957, 1.1779546252056097, 0.8150225826038076, 0.48483160728648744, 0.2589896808124996, 1.1293117282283802, 1.0443498697692408, 0.27620140606625476, 1.724567999769737]),
     np.array([[0.47853678923919024, 0.0, 0.29604849217630164, -0.758468181982344, 0.8754608430297566, 0.6830531619252196, 0.0, 0.0, 0.0, 0.0], [1.1828652610887838, -0.6059716885728103, -0.26702727006780713, 0.0, 0.20503885564727758, 0.0, 0.0, 0.0, 0.0, 0.0], [0.18458920376706692, -0.834809722549675, 0.6590753073251469, 0.09593615535260987, -0.0750724744375027, 0.20204932861705818, 0.0, 0.0, 0.0, 0.0], [-0.30641572621353985, 0.0, 0.9555022763396952, -0.7632903973399165, 0.02479630695990061, 0.10507602838617067, 0.0, 0.0, 0.0, 0.0], [1.3230177605016538, 0.12621325763368085, 0.20132833301622352, -0.38716146129205536, 0.93754643021245, 0.13047966648781195, 0.0, 0.0, 0.0, 0.0], [0.0, -0.06170609563389659, 1.0179649126011567, -0.8206511511701066, 0.09451691888106112, 0.2534986512610545, 0.0, 0.0, 0.0, 0.0], [0.0, 0.0, 0.0, 0.0, 0.0, 0.5456063242294765, -0.06583771053634895, -0.15203306584038348, -0.1785547822770318, 0.0], [0.044880842118208, 0.0, 0.0, 0.0, 0.0, 0.0, 0.0, 0.5675331050883365, 0.7976590131708974, 0.0], [0.0, 0.0, 0.0, 0.0, 0.0, 0.28641458540906317, 0.4389458586213437, 0.5357186169739203, 0.026362662468567777, 0.0], [0.0, 0.0, 0.0, 0.0, 0.0, 0.0, 0.0, -0.05233732327479506, 0.2659473122041708, 0.6623229781697345]]),
     np.array([6.461870347847788, 4.441849556561077, 2.001072831219364, 2.534706871848719, 6.416884941496756, 1.509704719118744, 2.323144071393693, 2.6465363394459236, 1.960583311146928, 2.933030817405843]),
     np.array([[0.47853678923919024, 0.0, 0.29604849217630164, -0.758468181982344, 0.8754608430297566, 0.6830531619252196, 0.0, 0.0, 0.0, 0.0], [1.1828652610887838, -1.2773625219988223, -0.26702727006780713, 0.0, 0.20503885564727758, 0.0, 0.0, 0.0, 0.0, 0.0], [0.18458920376706692, -0.834809722549675, 0.6590753073251469, 0.09593615535260987, -0.0750724744375027, 0.20204932861705818, 0.0, 0.0, 0.0, 0.0], [-0.30641572621353985, 0.0, 0.9555022763396952, -0.7632903973399165, 0.02479630695990061, 0.10507602838617067, 0.0, 0.0, 0.0, 0.0], [1.3230177605016538, 0.12621325763368085, 0.20132833301622352, -0.38716146129205536, -0.024134406439171082, 0.13047966648781195, 0.0, 0.0, 0.0, 0.0], [0.0, -0.06170609563389659, 1.0179649126011567, -0.8206511511701066, 0.09451691888106112, 0.2534986512610545, 0.0, 0.0, 0.0, 0.0], [0.0, 0.0, 0.0, 0.0, 0.0, 0.5456063242294765, -0.06583771053634895, -0.15203306584038348, -0.1785547822770318, 0.0], [0.044880842118208, 0.0, 0.0, 0.0, 0.0, 0.0, 0.0, 0.5675331050883365, 0.7976590131708974, 0.0], [0.0, 0.0, 0.0, 0.0, 0.0, 0.28641458540906317, 0.4389458586213437, 0.5357186169739203, 0.026362662468567777, 0.0], [0.0, 0.0, 0.0, 0.0, 0.0, 0.0, 0.0, -0.05233732327479506, 0.2659473122041708, 0.6623229781697345]])),
    (np.array([1.03341874926088, 1.374189189904378, 1.2555574105867553, 0.8418539648512766, 0.48380475919136123, 0.2748249272234248, 1.0368712135450175, 1.1175923607197684, 0.3747201787664622, 1.6509774056661877]),
     np.array([[0.7491329181841317, 0.0, 0.323415679634976, -0.8361347801724746, 0.47648185571601154, 0.8255802255004704, 0.0, 0.0, 0.0, 0.0], [1.046315635365772, -0.5371053527277195, -0.2538722366678661, 0.0, 0.15149917969659585, 0.0, 0.0, 0.0, 0.0, 0.0], [0.2675688639943747, -0.9250240048160177, 0.6626933059168276, 0.03098731903336415, -0.17389373392444663, 0.1481780486630381, 0.0, 0.0, 0.0, 0.0], [-0.4009654064420885, 0.0, 1.2177263351434753, -0.8914397994326592, 0.1586397991225856, 0.17716882836255066, 0.0, 0.0, 0.0, 0.0], [0.9511043486712155, 0.13003603465801175, 0.053991026943510545, -0.300648280744493, 0.6607183866916797, 0.08837418851088832, 0.0, 0.0, 0.0, 0.0], [0.0, -0.14096860425728674, 1.177237586651302, -0.8077454048211171, 0.07970996883202888, 0.14720354139887445, 0.0, 0.0, 0.0, 0.0], [0.0, 0.0, 0.0, 0.0, 0.0, 0.5039227659167481, -0.012911285351063258, -0.2743616013506123, 0.009955000577478581, 0.0], [-0.011316432241058686, 0.0, 0.0, 0.0, 0.0, 0.0, 0.0, 0.42573097768581547, 0.47952324808555036, 0.0], [0.0, 0.0, 0.0, 0.0, 0.0, 0.3536595912648137, 0.3333682667371179, 0.5476706881539337, -0.03282744019588346, 0.0], [0.0, 0.0, 0.0, 0.0, 0.0, 0.0, 0.0, -0.09679528386370886, 0.3394659456181876, 0.5087145128496572]]),
     np.array([8.204292284833548, 3.1104279690768917, 2.071593855722707, 3.109947058513654, 4.196547213782837, 1.6006164330794361, 2.5355410079297807, 2.305623195889219, 2.108676923070661, 2.2732394355857863]),
     np.array([[0.7491329181841317, 0.0, 0.323415679634976, -0.8361347801724746, 0.47648185571601154, 0.8255802255004704, 0.0, 0.0, 0.0, 0.0], [1.046315635365772, -0.7717775954402614, -0.2538722366678661, 0.0, 0.15149917969659585, 0.0, 0.0, 0.0, 0.0, 0.0], [0.2675688639943747, -0.9250240048160177, 0.6626933059168276, 0.03098731903336415, -0.17389373392444663, 0.1481780486630381, 0.0, 0.0, 0.0, 0.0], [-0.4009654064420885, 0.0, 1.2177263351434753, -0.8914397994326592, 0.1586397991225856, 0.17716882836255066, 0.0, 0.0, 0.0, 0.0], [0.9511043486712155, 0.13003603465801175, 0.053991026943510545, -0.300648280744493, 0.6750230706045558, 0.08837418851088832, 0.0, 0.0, 0.0, 0.0], [0.0, -0.14096860425728674, 1.177237586651302, -0.8077454048211171, 0.07970996883202888, 0.14720354139887445, 0.0, 0.0, 0.0, 0.0], [0.0, 0.0, 0.0, 0.0, 0.0, 0.5039227659167481, -0.012911285351063258, -0.2743616013506123, 0.009955000577478581, 0.0], [-0.011316432241058686, 0.0, 0.0, 0.0, 0.0, 0.0, 0.0, 0.42573097768581547, 0.47952324808555036, 0.0], [0.0, 0.0, 0.0, 0.0, 0.0, 0.3536595912648137, 0.3333682667371179, 0.5476706881539337, -0.03282744019588346, 0.0], [0.0, 0.0, 0.0, 0.0, 0.0, 0.0, 0.0, -0.09679528386370886, 0.3394659456181876, 0.5087145128496572]])),
    (np.array([1.0401142800584557, 1.2681657307035454, 1.2865956017743674, 0.8407178422264402, 0.3443855266193964, 0.42135918999610605, 1.1224003872966675, 1.0594963950090261, 0.19227528439325228, 1.4682565319644827]),
     np.array([[0.25397265364728, 0.0, 0.3036268033902036, -0.8309638853599208, 0.29120942528838256, 0.46231175037263206, 0.0, 0.0, 0.0, 0.0], [1.1140671623542804, -0.4468126681032754, -0.10011726804581168, 0.0, 0.34273961894567573, 0.0, 0.0, 0.0, 0.0, 0.0], [0.23680591631757386, -0.9414341177260054, 0.5449684897160386, 0.07512682616658939, -0.11351967524281441, 0.34478549012628, 0.0, 0.0, 0.0, 0.0], [-0.43689100422123406, 0.0, 1.1137654862265507, -0.7713693120307988, 0.1234174888284304, 0.18670318162433003, 0.0, 0.0, 0.0, 0.0], [1.050755527269997, 0.12092865000531826, 0.11484646013537086, -0.23874320277685804, 0.6289614673514972, 0.08098180860109482, 0.0, 0.0, 0.0, 0.0], [0.0, -0.19601183900211847, 0.99329857013381, -0.7892414096643582, 0.0505981519899209, 0.2091604836445155, 0.0, 0.0, 0.0, 0.0], [0.0, 0.0, 0.0, 0.0, 0.0, 0.5839503923068841, -0.11945419024656821, -0.24908440827780592, -0.1264198074917884, 0.0], [0.025711166401421463, 0.0, 0.0, 0.0, 0.0, 0.0, 0.0, 0.5058522227749502, 0.38943154462737195, 0.0], [0.0, 0.0, 0.0, 0.0, 0.0, 0.2811034271148257, 0.3764367794400819, 0.5194579966551639, -0.008038638783905348, 0.0], [0.0, 0.0, 0.0, 0.0, 0.0, 0.0, 0.0, 0.03927976606749399, 0.3694959563967155, 0.49817748033435116]]),
     np.array([5.806625273378451, 3.716462921403617, 1.9255640654608115, 3.3597547476961624, 4.027211900623868, 1.4153648616602252, 2.84184045783143, 2.085480492363755, 1.5893887043875021, 2.0049178008677098]),
     np.array([[0.25397265364728, 0.0, 0.3036268033902036, -0.8309638853599208, 0.29120942528838256, 0.46231175037263206, 0.0, 0.0, 0.0, 0.0], [1.1140671623542804, -1.0273139493941308, -0.10011726804581168, 0.0, 0.34273961894567573, 0.0, 0.0, 0.0, 0.0, 0.0], [0.23680591631757386, -0.9414341177260054, 0.5449684897160386, 0.07512682616658939, -0.11351967524281441, 0.34478549012628, 0.0, 0.0, 0.0, 0.0], [-0.43689100422123406, 0.0, 1.1137654862265507, -0.7713693120307988, 0.1234174888284304, 0.18670318162433003, 0.0, 0.0, 0.0, 0.0], [1.050755527269997, 0.12092865000531826, 0.11484646013537086, -0.23874320277685804, 0.24613603712355142, 0.08098180860109482, 0.0, 0.0, 0.0, 0.0], [0.0, -0.19601183900211847, 0.99329857013381, -0.7892414096643582, 0.0505981519899209, 0.2091604836445155, 0.0, 0.0, 0.0, 0.0], [0.0, 0.0, 0.0, 0.0, 0.0, 0.5839503923068841, -0.11945419024656821, -0.24908440827780592, -0.1264198074917884, 0.0], [0.025711166401421463, 0.0, 0.0, 0.0, 0.0, 0.0, 0.0, 0.5058522227749502, 0.38943154462737195, 0.0], [0.0, 0.0, 0.0, 0.0, 0.0, 0.2811034271148257, 0.3764367794400819, 0.5194579966551639, -0.008038638783905348, 0.0], [0.0, 0.0, 0.0, 0.0, 0.0, 0.0, 0.0, 0.03927976606749399, 0.3694959563967155, 0.49817748033435116]])),
    (np.array([0.9690055836220111, 1.3605411129295861, 1.1938525058199596, 0.853883870776125, 0.4567376010240247, 0.3291455551994321, 1.1424279492300262, 0.9234944679370163, 0.1909126306269837, 1.5284893572892635]),
     np.array([[0.3012459707743552, 0.0, 0.18159686784112566, -0.7822993314182659, 0.4949518700064944, 0.840022043248225, 0.0, 0.0, 0.0, 0.0], [1.2260601599501924, -0.6179502903193841, -0.21007697718960103, 0.0, 0.2775563967596843, 0.0, 0.0, 0.0, 0.0, 0.0], [0.07268694863417094, -0.7928411515626298, 0.7089264591083867, 0.07977762728091525, -0.01619715300254353, 0.3089348640068474, 0.0, 0.0, 0.0, 0.0], [-0.5039305158122527, 0.0, 1.0901624648426957, -0.9017808202808184, 0.16742549576683788, 0.25380887559101606, 0.0, 0.0, 0.0, 0.0], [1.3372891212392637, 0.38872456991359583, 0.10568612660058788, -0.19885106131579183, 0.6462084318198338, -0.007873610182619312, 0.0, 0.0, 0.0, 0.0], [0.0, -0.12508763122385042, 1.0829602781566918, -0.7819714907937881, 0.10723994186804157, 0.1105318180616513, 0.0, 0.0, 0.0, 0.0], [0.0, 0.0, 0.0, 0.0, 0.0, 0.5025166322046943, -0.08046517097197477, -0.20971641915975803, -0.057172771314723266, 0.0], [0.14589123319451192, 0.0, 0.0, 0.0, 0.0, 0.0, 0.0, 0.660804866051029, 0.5525919391836173, 0.0], [0.0, 0.0, 0.0, 0.0, 0.0, 0.25835555228559115, 0.3281427273661837, 0.5140629672762529, -0.031020247025645483, 0.0], [0.0, 0.0, 0.0, 0.0, 0.0, 0.0, 0.0, 0.04702493949116339, 0.43040233658644744, 0.5975974189304826]]),
     np.array([5.801587960697703, 3.4810462690123485, 2.080022010813126, 3.2917265629919927, 6.9458779082629345, 1.3896267762885322, 1.640503934344362, 2.404125820395848, 1.514177136717205, 2.9966895037699643]),
     np.array([[0.3012459707743552, 0.0, 0.18159686784112566, -0.7822993314182659, 0.4949518700064944, 0.840022043248225, 0.0, 0.0, 0.0, 0.0], [1.2260601599501924, -0.9705672768159134, -0.21007697718960103, 0.0, 0.2775563967596843, 0.0, 0.0, 0.0, 0.0, 0.0], [0.07268694863417094, -0.7928411515626298, 0.7089264591083867, 0.07977762728091525, -0.01619715300254353, 0.3089348640068474, 0.0, 0.0, 0.0, 0.0], [-0.5039305158122527, 0.0, 1.0901624648426957, -0.9017808202808184, 0.16742549576683788, 0.25380887559101606, 0.0, 0.0, 0.0, 0.0], [1.3372891212392637, 0.38872456991359583, 0.10568612660058788, -0.19885106131579183, 1.2034822689065836, -0.007873610182619312, 0.0, 0.0, 0.0, 0.0], [0.0, -0.12508763122385042, 1.0829602781566918, -0.7819714907937881, 0.10723994186804157, 0.1105318180616513, 0.0, 0.0, 0.0, 0.0], [0.0, 0.0, 0.0, 0.0, 0.0, 0.5025166322046943, -0.08046517097197477, -0.20971641915975803, -0.057172771314723266, 0.0], [0.14589123319451192, 0.0, 0.0, 0.0, 0.0, 0.0, 0.0, 0.660804866051029, 0.5525919391836173, 0.0], [0.0, 0.0, 0.0, 0.0, 0.0, 0.25835555228559115, 0.3281427273661837, 0.5140629672762529, -0.031020247025645483, 0.0], [0.0, 0.0, 0.0, 0.0, 0.0, 0.0, 0.0, 0.04702493949116339, 0.43040233658644744, 0.5975974189304826]])),
    (np.array([1.0395366384862292, 1.2299512384172782, 1.4117581243256343, 0.7529403349507732, 0.3288532843317847, 0.3149010703358043, 1.1762045845522893, 0.9721185232517552, 0.592025337461195, 1.594412832734181]),
     np.array([[0.40717206238274745, 0.0, 0.4788684819742988, -0.973493734352103, 1.035378783035225, 1.08767317029836, 0.0, 0.0, 0.0, 0.0], [0.9711726423448507, -0.4516203687935838, -0.13718919740188085, 0.0, 0.10373358586729717, 0.0, 0.0, 0.0, 0.0, 0.0], [0.10904216637514727, -0.9133190951873492, 0.6148865694728225, -0.08973352617806526, -0.1259767454042253, 0.2767777591880318, 0.0, 0.0, 0.0, 0.0], [-0.3949070611764049, 0.0, 1.0760312684352002, -0.686896543214314, 0.13276644858513198, 0.1600012244475733, 0.0, 0.0, 0.0, 0.0], [0.7731988226945232, 0.18396535866254077, 0.0679698681709062, -0.19153037350031477, 0.7544916824193687, 0.14695104988676747, 0.0, 0.0, 0.0, 0.0], [0.0, -0.12331054041873642, 0.9930345570027207, -0.7439996518125315, 0.1016375528406618, 0.16162549821542055, 0.0, 0.0, 0.0, 0.0], [0.0, 0.0, 0.0, 0.0, 0.0, 0.3810396373085003, -0.05940999547717762, -0.22550344410662332, -0.1089793264779656, 0.0], [0.06250898603721282, 0.0, 0.0, 0.0, 0.0, 0.0, 0.0, 0.5000452216314666, 0.5672357198982022, 0.0], [0.0, 0.0, 0.0, 0.0, 0.0, 0.2607267221723135, 0.2215237162295236, 0.47472092305298613, -0.1898710914312996, 0.0], [0.0, 0.0, 0.0, 0.0, 0.0, 0.0, 0.0, -0.05658300094614923, 0.38462867067233225, 0.6892059745452064]]),
     np.array([12.86065625352201, 2.475854858923824, 1.8668620735032964, 3.3368685401869334, 3.733832615646759, 1.3834060138988358, 1.826116603410688, 2.0738237098442713, 1.8505015658358006, 3.291865219281692]),
     np.array([[0.40717206238274745, 0.0, 0.4788684819742988, -0.973493734352103, 1.035378783035225, 1.08767317029836, 0.0, 0.0, 0.0, 0.0], [0.9711726423448507, -0.5516322062216765, -0.13718919740188085, 0.0, 0.10373358586729717, 0.0, 0.0, 0.0, 0.0, 0.0], [0.10904216637514727, -0.9133190951873492, 0.6148865694728225, -0.08973352617806526, -0.1259767454042253, 0.2767777591880318, 0.0, 0.0, 0.0, 0.0], [-0.3949070611764049, 0.0, 1.0760312684352002, -0.686896543214314, 0.13276644858513198, 0.1600012244475733, 0.0, 0.0, 0.0, 0.0], [0.7731988226945232, 0.18396535866254077, 0.0679698681709062, -0.19153037350031477, 0.6374209519823986, 0.14695104988676747, 0.0, 0.0, 0.0, 0.0], [0.0, -0.12331054041873642, 0.9930345570027207, -0.7439996518125315, 0.1016375528406618, 0.16162549821542055, 0.0, 0.0, 0.0, 0.0], [0.0, 0.0, 0.0, 0.0, 0.0, 0.3810396373085003, -0.05940999547717762, -0.22550344410662332, -0.1089793264779656, 0.0], [0.06250898603721282, 0.0, 0.0, 0.0, 0.0, 0.0, 0.0, 0.5000452216314666, 0.5672357198982022, 0.0], [0.0, 0.0, 0.0, 0.0, 0.0, 0.2607267221723135, 0.2215237162295236, 0.47472092305298613, -0.1898710914312996, 0.0], [0.0, 0.0, 0.0, 0.0, 0.0, 0.0, 0.0, -0.05658300094614923, 0.38462867067233225, 0.6892059745452064]])),
    (np.array([1.0132162078885185, 1.3252324200792316, 1.229002030746811, 0.7509263021186718, 0.39676465100687847, 0.26866069596565234, 1.1871350365779247, 0.865056359450857, 0.22623240521029844, 1.7416012875417592]),
     np.array([[0.6762246852096656, 0.0, 0.15968279540826358, -0.6955812423098024, 0.5044983217170548, 1.0271390052597709, 0.0, 0.0, 0.0, 0.0], [1.0872640021094357, -0.4862558557045646, -0.1786098286659727, 0.0, 0.14253770784420802, 0.0, 0.0, 0.0, 0.0, 0.0], [0.2053147369514979, -0.9469215291655739, 0.7817899104892916, -0.01893670552888305, -0.014713454593321245, 0.144662914992475, 0.0, 0.0, 0.0, 0.0], [-0.3434313295224686, 0.0, 1.3591858842051003, -0.8487833307218614, 0.22947696388999334, 0.1641174820740506, 0.0, 0.0, 0.0, 0.0], [1.0455073333797282, 0.10196954510271238, 0.2873232610993575, -0.10202682323700298, 0.8505843028642648, -0.010723803639039678, 0.0, 0.0, 0.0, 0.0], [0.0, -0.06642472932030846, 0.99857660208054, -0.8649943386868945, 0.05101340220382697, 0.23746315630219547, 0.0, 0.0, 0.0, 0.0], [0.0, 0.0, 0.0, 0.0, 0.0, 0.5560135407033352, -0.19496533861578927, -0.2504446195085905, -0.17810654581389146, 0.0], [0.10252422176188272, 0.0, 0.0, 0.0, 0.0, 0.0, 0.0, 0.5380730085452617, 0.4486007988992533, 0.0], [0.0, 0.0, 0.0, 0.0, 0.0, 0.23918944535607906, 0.39808626718693113, 0.48922494535006245, -0.1921288282038652, 0.0], [0.0, 0.0, 0.0, 0.0, 0.0, 0.0, 0.0, -0.2087139211426464, 0.5208027289496238, 0.6556110472160861]]),
     np.array([8.787342413970467, 2.6639130345577855, 2.180488726477977, 3.79988153727644, 4.733816832076266, 1.5085068288222174, 2.553190945875191, 1.8485529116367898, 1.3881954876367029, 3.13700414402031]),
     np.array([[0.6762246852096656, 0.0, 0.15968279540826358, -0.6955812423098024, 0.5044983217170548, 1.0271390052597709, 0.0, 0.0, 0.0, 0.0], [1.0872640021094357, -0.7513610308962401, -0.1786098286659727, 0.0, 0.14253770784420802, 0.0, 0.0, 0.0, 0.0, 0.0], [0.2053147369514979, -0.9469215291655739, 0.7817899104892916, -0.01893670552888305, -0.014713454593321245, 0.144662914992475, 0.0, 0.0, 0.0, 0.0], [-0.3434313295224686, 0.0, 1.3591858842051003, -0.8487833307218614, 0.22947696388999334, 0.1641174820740506, 0.0, 0.0, 0.0, 0.0], [1.0455073333797282, 0.10196954510271238, 0.2873232610993575, -0.10202682323700298, 0.1462603896101196, -0.010723803639039678, 0.0, 0.0, 0.0, 0.0], [0.0, -0.06642472932030846, 0.99857660208054, -0.8649943386868945, 0.05101340220382697, 0.23746315630219547, 0.0, 0.0, 0.0, 0.0], [0.0, 0.0, 0.0, 0.0, 0.0, 0.5560135407033352, -0.19496533861578927, -0.2504446195085905, -0.17810654581389146, 0.0], [0.10252422176188272, 0.0, 0.0, 0.0, 0.0, 0.0, 0.0, 0.5380730085452617, 0.4486007988992533, 0.0], [0.0, 0.0, 0.0, 0.0, 0.0, 0.23918944535607906, 0.39808626718693113, 0.48922494535006245, -0.1921288282038652, 0.0], [0.0, 0.0, 0.0, 0.0, 0.0, 0.0, 0.0, -0.2087139211426464, 0.5208027289496238, 0.6556110472160861]])),
    (np.array([0.9250497978228444, 1.2160861158106737, 1.2618929772653888, 0.7751092484349288, 0.448698074158517, 0.38785847688708974, 0.9847200231375501, 1.0261619288004518, 0.29852896179770855, 1.6197805712448976]),
     np.array([[0.4747374006372653, 0.0, 0.23135646475623137, -0.6974843166731286, 0.42551064383314885, 0.7609230670371013, 0.0, 0.0, 0.0, 0.0], [1.4475559599606955, -0.4336598904929243, -0.06905637044277288, 0.0, -0.07697020724709727, 0.0, 0.0, 0.0, 0.0, 0.0], [0.21536076112706026, -0.8866200059086248, 0.6916994846384066, -0.032279601314673924, -0.07066366822686289, 0.2974811785215433, 0.0, 0.0, 0.0, 0.0], [-0.38070259657882005, 0.0, 1.140674512623929, -0.7502707325947785, 0.3143040794332024, 0.2213572546196125, 0.0, 0.0, 0.0, 0.0], [1.2001070737321393, 0.34255185363541685, 0.01085799666279661, -0.2807207734968278, 0.6902247393782092, 0.0316306924249888, 0.0, 0.0, 0.0, 0.0], [0.0, -0.14142556657674626, 0.9211133119117725, -0.7958214732405432, 0.07435274293335208, 0.1993723163640598, 0.0, 0.0, 0.0, 0.0], [0.0, 0.0, 0.0, 0.0, 0.0, 0.5109792955934349, -0.131159586052357, -0.16425658281485894, 0.057158782217276306, 0.0], [0.0741733546456244, 0.0, 0.0, 0.0, 0.0, 0.0, 0.0, 0.35845753418003456, 0.43623082886404413, 0.0], [0.0, 0.0, 0.0, 0.0, 0.0, 0.41743394447158144, 0.21414232907210431, 0.5158682085048775, -0.19810604600432338, 0.0], [0.0, 0.0, 0.0, 0.0, 0.0, 0.0, 0.0, 0.032991190698312536, 0.49346254246470544, 0.5829551862299044]]),
     np.array([5.276417188708944, 3.9599773710601243, 2.142872581270345, 3.362511383563619, 5.909003535206723, 1.337600533762367, 2.9768911020538336, 1.885428346088144, 1.4366716734632332, 2.7722818554580635]),
     np.array([[0.4747374006372653, 0.0, 0.23135646475623137, -0.6974843166731286, 0.42551064383314885, 0.7609230670371013, 0.0, 0.0, 0.0, 0.0], [1.4475559599606955, -0.7434658458565294, -0.06905637044277288, 0.0, -0.07697020724709727, 0.0, 0.0, 0.0, 0.0, 0.0], [0.21536076112706026, -0.8866200059086248, 0.6916994846384066, -0.032279601314673924, -0.07066366822686289, 0.2974811785215433, 0.0, 0.0, 0.0, 0.0], [-0.38070259657882005, 0.0, 1.140674512623929, -0.7502707325947785, 0.3143040794332024, 0.2213572546196125, 0.0, 0.0, 0.0, 0.0], [1.2001070737321393, 0.34255185363541685, 0.01085799666279661, -0.2807207734968278, 1.3977991899228053, 0.0316306924249888, 0.0, 0.0, 0.0, 0.0], [0.0, -0.14142556657674626, 0.9211133119117725, -0.7958214732405432, 0.07435274293335208, 0.1993723163640598, 0.0, 0.0, 0.0, 0.0], [0.0, 0.0, 0.0, 0.0, 0.0, 0.5109792955934349, -0.131159586052357, -0.16425658281485894, 0.057158782217276306, 0.0], [0.0741733546456244, 0.0, 0.0, 0.0, 0.0, 0.0, 0.0, 0.35845753418003456, 0.43623082886404413, 0.0], [0.0, 0.0, 0.0, 0.0, 0.0, 0.41743394447158144, 0.21414232907210431, 0.5158682085048775, -0.19810604600432338, 0.0], [0.0, 0.0, 0.0, 0.0, 0.0, 0.0, 0.0, 0.032991190698312536, 0.49346254246470544, 0.5829551862299044]])),
]

hp_gvm_final_estimation = (
    np.array([0.9828032991885409, 1.3134975091836303, 1.2187084824558305, 0.7859146177778727, 0.41766578663218556, 0.30507321353261146, 1.1113496559936822, 0.9809485950049299, 0.31757267259558786, 1.5164001409742156]),
    np.array([[0.4847415237720149, 0.0, 0.26561771724102357, -0.8202031391925751, 0.56664662128705, 0.7078803316680273, 0.0, 0.0, 0.0, 0.0], [1.0397647837964512, -0.4670418663521419, -0.1955853002046665, 0.0, 0.19657207947477048, 0.0, 0.0, 0.0, 0.0, 0.0], [0.19282519665287814, -0.9094358266455735, 0.7054424547497372, 0.07424167280037347, -0.09104961200673807, 0.2923964863487858, 0.0, 0.0, 0.0, 0.0], [-0.39241631392510407, 0.0, 1.193300573835867, -0.7935909278209587, 0.2053474724287859, 0.21878476723155438, 0.0, 0.0, 0.0, 0.0], [1.1371881872978031, 0.22749555494367904, 0.13685879980987792, -0.2034832797649552, 0.8273635765907467, 0.07155368617082042, 0.0, 0.0, 0.0, 0.0], [0.0, -0.11219144332479863, 0.9978610111116059, -0.7838334302399805, 0.09453859274515446, 0.2118886169471956, 0.0, 0.0, 0.0, 0.0], [0.0, 0.0, 0.0, 0.0, 0.0, 0.5169990176822296, -0.11732025857530255, -0.2207362498533669, -0.08682844027859608, 0.0], [0.040518908988974846, 0.0, 0.0, 0.0, 0.0, 0.0, 0.0, 0.5210296374257203, 0.5324508965547254, 0.0], [0.0, 0.0, 0.0, 0.0, 0.0, 0.29957886604768874, 0.30808754120875365, 0.5319610978607462, -0.1017772507269309, 0.0], [0.0, 0.0, 0.0, 0.0, 0.0, 0.0, 0.0, 0.018572791440892807, 0.42559242566182215, 0.6191187895337024]]),
    np.array([6.421107449249889, 3.144497919309079, 2.2104305666855875, 3.487730015107742, 5.398191631918839, 1.4363000154876564, 2.5264366503008087, 2.110494012505801, 1.6912517063574135, 2.58696574849039]),
    np.array([[0.4847415237720149, 0.0, 0.26561771724102357, -0.8202031391925751, 0.56664662128705, 0.7078803316680273, 0.0, 0.0, 0.0, 0.0], [1.0397647837964512, -0.8043323226474566, -0.1955853002046665, 0.0, 0.19657207947477048, 0.0, 0.0, 0.0, 0.0, 0.0], [0.19282519665287814, -0.9094358266455735, 0.7054424547497372, 0.07424167280037347, -0.09104961200673807, 0.2923964863487858, 0.0, 0.0, 0.0, 0.0], [-0.39241631392510407, 0.0, 1.193300573835867, -0.7935909278209587, 0.2053474724287859, 0.21878476723155438, 0.0, 0.0, 0.0, 0.0], [1.1371881872978031, 0.22749555494367904, 0.13685879980987792, -0.2034832797649552, 0.5347864620334457, 0.07155368617082042, 0.0, 0.0, 0.0, 0.0], [0.0, -0.11219144332479863, 0.9978610111116059, -0.7838334302399805, 0.09453859274515446, 0.2118886169471956, 0.0, 0.0, 0.0, 0.0], [0.0, 0.0, 0.0, 0.0, 0.0, 0.5169990176822296, -0.11732025857530255, -0.2207362498533669, -0.08682844027859608, 0.0], [0.040518908988974846, 0.0, 0.0, 0.0, 0.0, 0.0, 0.0, 0.5210296374257203, 0.5324508965547254, 0.0], [0.0, 0.0, 0.0, 0.0, 0.0, 0.29957886604768874, 0.30808754120875365, 0.5319610978607462, -0.1017772507269309, 0.0], [0.0, 0.0, 0.0, 0.0, 0.0, 0.0, 0.0, 0.018572791440892807, 0.42559242566182215, 0.6191187895337024]])
)

hp_gvm_interaction_matrix =   np.array([[False, True, False, False, False, False, True, True, True, True], [False, False, False, True, False, True, True, True, True, True], [False, False, False, False, False, False, True, True, True, True], [False, True, False, False, False, False, True, True, True, True], [False, False, False, False, False, False, True, True, True, True], [True, False, False, False, False, False, True, True, True, True], [True, True, True, True, True, False, False, False, False, True], [False, True, True, True, True, True, True, False, False, True], [True, True, True, True, True, False, False, False, False, True], [True, True, True, True, True, True, True, False, False, False]])

hp_gvm_matrix_hp =   np.array([[True, True, True, True, True, True, True, True, True, True], [True, False, True, True, True, True, True, True, True, True], [True, True, True, True, True, True, True, True, True, True], [True, True, True, True, True, True, True, True, True, True], [True, True, True, True, False, True, True, True, True, True], [True, True, True, True, True, True, True, True, True, True], [True, True, True, True, True, True, True, True, True, True], [True, True, True, True, True, True, True, True, True, True], [True, True, True, True, True, True, True, True, True, True], [True, True, True, True, True, True, True, True, True, True]])

hp_gvm_matrix_vm =   np.array([[False, True, False, False, False, False, True, True, True, True], [False, False, False, True, False, True, True, True, True, True], [False, False, False, False, False, False, True, True, True, True], [False, True, False, False, False, False, True, True, True, True], [False, False, False, False, False, False, True, True, True, True], [True, False, False, False, False, False, True, True, True, True], [True, True, True, True, True, False, False, False, False, True], [False, True, True, True, True, True, True, False, False, True], [True, True, True, True, True, False, False, False, False, True], [True, True, True, True, True, True, True, False, False, False]])

hp_gvm_pvalues = np.array(
[0.3705508325875786, 0.8379934996255054, 0.023387464837296812, 0.2613482660109696, 0.2421370559203837, 0.30495755246044653, 0.8501865747556131, 0.6541106877343272, 0.881593838185749, 0.5704826450650458, 0.504387034819149, 0.735796206481474, 0.2710013375609399, 0.25437658175130096, 0.45515684370422693, 0.7946866796625379, 0.8555951803840991, 0.6705023311657743, 0.49426618708538295, 0.7172206325688506, 0.36832044065589853, 0.39652992430964906, 0.6468142720234478, 0.23810167921421654, 0.21539972573220123, 0.6417708193848412, 0.45188515640508153, 0.8936898678342844, 0.5130646361786679, 0.18070954463167332, 0.2642415815338358, 0.6306696690098018, 0.9116004552972918, 0.9700685585987504, 0.6457989162445608, 0.33216864398611134, 0.4960428039713932, 0.7703872011327395, 0.5122240295778085, 0.8470755564653588, 0.04417514072382367, 0.8129165265826555, 0.2934020561895362, 0.7670392779438361, 0.7023867967769011, 0.6184942424131643, 0.11020727343559711, 0.9846506114889181, 0.062416037484934184, 0.7694109886985097]
)

