hp_short_mem_gvm_estimations_step1 = [
    (np.array([0.9904748733323412, 1.2479726581693584, 1.30127531186867, 0.8028395665375468, 0.30938577713177107, 0.2825442019726784, 1.0985588815489498, 1.1046945382870363, 0.2685595265177933, 1.446044393887689]),
     np.array([[0.6682058560628394, -0.06944632242787104, 0.17433286897464603, -0.56536332787167, -0.16119316674264836, 0.25347244696736726, -0.016924697104803047, 0.3665976809077701, 0.11716117486879433, 0.2999912267716952], [0.9193277487207356, -0.18797358382597468, -0.4314012240944718, 0.22383359054118315, 0.19153044946579906, 0.14907088318271028, 0.13277637307675155, 0.04434446287892596, -0.17885353846681012, -0.0886728182928516], [-0.041359929757624446, -0.9581587765006853, 0.3061065358938464, -0.3757966308924671, -0.6318572687392425, -0.05128430553539964, -0.1629040298661899, 0.05615307046119666, 0.28094902864990723, -0.14709004006705623], [-0.1965343427375506, -0.028197508361390754, 1.458943193643416, -0.6632875724949026, 0.1391640830750246, 0.016196893446720328, -0.28962777434360387, -0.16062126957111475, -0.39464635168571316, 0.07515100639477447], [-0.01909293530573641, -0.002151461230558389, 0.00393424422702719, -0.020450372748848134, 0.7237840164049757, 0.014367741369777786, 0.004230939848174432, 0.029031587553402377, -0.06347928531909806, 0.011980454748922974], [0.25209502258572236, -0.1070854871783542, 1.283737781924193, -0.8334274101658334, 0.24362804137673807, -0.05938858092625644, 0.042415493493582354, 0.051386877357032595, 0.14727612250188202, -0.121349287890449], [0.013027829865844054, -0.04999587773724487, -0.011139937173299318, -0.0024509539038628995, -0.06790663688954889, -0.018579599178540292, 0.2320919907279922, 0.054762250163230664, -0.08676933593988741, 0.03946231014502227], [0.010622988114726766, -0.10240031127972661, -0.04151702252328283, -0.2995977285940023, -0.16453119117494996, 0.3175769747170458, 0.032353348341442316, 0.16821131730862787, 0.25439825995858406, -0.18433098579951077], [0.2131131094033245, 0.12843739519791134, -0.020843349410251302, 0.10861114714243185, -0.058429532792670935, 0.4205990815107993, 0.2923347763579664, 0.4851334784138219, 0.13046677861392725, -0.10590435626907171], [0.039419568373724706, 0.048522229675658085, -0.07058193494419839, 0.11860631181752462, -0.1461182103722672, -0.2088222307229568, -0.0015991394489263176, 0.11938690602149678, 0.1664040026162883, 0.11497460778371853]]),
     np.array([19.963074287624497, 23.494483458371345, 23.523788442927295, 27.196598433947138, 0.057440138469953245, 16.762799631857323, 0.38669945676812145, 6.750148749742198, 12.853049387259546, 3.2402873801561953]),
     np.array([[0.5926584765919992, -2.1308719120477884, 0.1186027388053917, -3.7421664936335572, 1.4941239179380654, -2.259343934025118, -1.1102213170971056, 0.1898011274822175, 2.507915618409135, 0.2895081974901752], [2.7792091175229494, -3.5301131824273426, -0.37819451258468595, -0.4786741607896617, 2.017634608244095, -2.5042257249173927, 2.642487119039429, 0.7411174751695451, 1.5121617583849436, -1.2476198478862912], [1.8305222584204006, -2.040798878858326, 3.037226809418035, 0.07521808504047048, -2.9846339656491625, -3.126898044801473, 2.131914851460756, -0.422698424949629, 5.848845890847616, -1.0485416337002524], [-4.406400205000568, -2.1195733133833086, 0.6843857815478657, -1.5123011735293181, -2.283835012109784, -1.1685740453911122, -1.9798151511090087, 3.7034250304036527, -4.3898644833049385, -1.9424739075613615], [0.011199817296305516, -0.01019894952289799, -0.010962947300711024, 0.017809836286089186, 0.01590469650567588, 0.020250523100822572, -0.021132451503671056, 0.004450632121199156, -0.000893674797609986, -0.01591885393661807], [0.9980460419748282, 0.4579013880651438, 4.862762321683908, -6.067720335429405, 0.22867415508025862, 0.9712435371288388, -0.8179820386796915, -1.9389305479933248, -7.218211049048765, 1.8527848409855403], [0.009783339214536925, -0.03861532352408013, -0.020474158395089356, -0.03241055520209581, 0.07701625420828523, 0.026140412468229467, 0.016299448166467934, 0.005115758947800759, 0.04341256146907539, -0.04781441780476664], [0.8894126779055314, 0.08881166726000612, 0.07972243571158232, 1.0380739047307035, -0.6425039826601555, -1.071806387988531, -0.23397675280443753, -0.2952702443252249, 1.1362887651776161, -0.4731658359729115], [0.4639639105003464, -2.3903232825089673, -4.058543155948932, -4.196475870134305, -1.5578913519126178, -1.6498462278601278, 0.1707175480042484, 1.2215783374753568, 1.3175488320910202, -2.055431050760767], [-0.050706388504113936, 0.02106780985525667, 0.061895573825232336, -0.36886563463234323, 0.029568627186825003, 0.3164944512848588, -0.12167506257473268, 0.6364969302976196, -0.09758788916495126, 0.0673706862249834]])),
    (np.array([0.47006259015158686, 2.407626495357834, 1.3432550705853887, 0.7827346434402689, 0.514469847080691, 0.26518470099090247, 3.404904929289481, 1.0613482282135753, 0.2820880582481074, 1.6628703007976584]),
     np.array([[0.8058000975871692, 0.06953558515910661, -0.029575765602878654, 0.04735546323670399, -0.016868151684288825, 0.05276893024674709, 0.014442965353635337, 0.05025039423212237, -0.020410123558783345, 0.00788439013482616], [0.03025847814619796, -0.5547068629339185, -0.08049421866672163, -0.040746652201086586, 0.05866677867510998, 0.07057825172750161, 0.005926655678558062, 0.009273793249093512, -0.15969728975045572, -0.052379148156128284], [0.03858011593809844, -0.03487063429718631, -0.27410765385835745, -0.012392177471043821, -0.019534091981765065, 0.0002915307799002509, -0.026519263759149855, 0.10134734259875781, -0.02442326315507751, -0.030413331710264235], [-0.09142351683209801, -0.015430377838660103, 0.5570600015557027, 0.004259281169514839, 0.003990383765410064, -0.014592178623567214, -0.021293086158988003, 0.04068667174864279, -0.03174366030322202, -0.047676157669863294], [0.17276849882700507, 0.014586458045412849, -0.003576562457340664, -0.06838989663152861, -0.05652675839808649, 0.04405882197981732, -0.04491112272752689, 0.000732117349353721, 0.14923089723681296, -0.025295268022847837], [-0.0185520124562236, -0.14230961184145316, 1.5996286652776677, -1.0777400267388941, -0.05853396349341483, 0.8187119889940537, 0.051885659759123105, 0.04020581961650032, -0.0937136590743642, 0.06358171029339525], [0.08837844408700682, -0.08465316523155009, -0.07625313253288968, 0.04480940144562144, 0.033216308351308794, 0.14928074765805377, -2.5810773422970565, 0.019502677931906284, -0.10005220535377914, -0.03343435876909729], [0.02963372526700778, -0.09856345921575889, -0.10185782624993858, 0.03593996074496169, 0.09792024260923163, -0.05659549715774126, -0.16882416025352404, 0.1756326606314457, 0.29465751297422305, -0.009748380309878388], [-0.07891053111060022, 0.03929186537128028, 0.061241167526154654, 0.056726596243087346, -0.00977399193416231, 0.007007904317572716, 0.26523728900517096, 0.21054961161299837, 0.2076876161463617, 0.032545281208901496], [0.021600270276178057, 0.036904799923063836, -0.0575048731592363, 0.02162714655910111, 0.016797139369982842, 0.09727734369374581, -0.0590469761556159, 0.0008006405606015949, -0.03949955653439155, -0.598764254568067]]),
     np.array([0.41249123021593115, 0.1959990305069387, 0.002378058356399918, 7.325072615250263, 3.6589414278395167, 17.922848442482966, 0.07036780057836274, 4.76304009531541, 6.746449725022765, 0.11047141939812351]),
     np.array([[0.0018776073274649177, 0.01981442780710381, -0.044198239362353495, -0.022242861455994235, -0.0078485765456929, 0.038610371590731433, -0.04924900045049547, -0.02173976846053617, -0.004049201456022589, 0.010290635646928814], [-0.02069748871170123, -0.02373348565336805, 0.013215833365400498, 0.03849565109247584, -0.03570224957416287, -0.046083839910007855, -0.035392720514475784, 0.035728768077012016, -0.07352344926493413, -0.024455069991923664], [-0.0009116725185513953, -0.0016934265485393904, -0.0233110663818069, 0.019649900352685008, -0.001937106774181793, 0.011640640956609405, 0.0328395701743503, 0.00733851528505607, -0.019357124460375255, -0.014743312507492664], [0.029483021355181417, 0.035240711009698104, 0.2627279456534735, 0.1483339229282722, -0.767139870784477, 0.7906817818395119, -0.41902885432126574, -0.9583031113818263, -0.3004968677606715, 0.1466017562982045], [0.1998767906671297, -0.02496606724738326, 0.07364392613778234, 0.21332815042008269, -0.08735594426479704, 0.47129994249158597, -0.30770474454158564, -0.4364351770466036, 1.0462991079052957, -0.10001755607082212], [0.06872650061319725, 1.171356279850969, 0.41135192085439537, -5.801612316709783, 0.5535500418930135, 0.8463655468728054, -1.7466867217038176, -0.9643519772291901, -1.0772516500314002, 1.2752896378985628], [0.015177668259696908, 0.014684792195680143, -0.005996498803540859, 0.006439283356626494, -0.00025338203554469763, 0.01817310829636361, -0.0394397629458451, -0.0008483248996779801, -0.002169927317202694, 0.011473569444747799], [-0.4256907112178813, 0.32071332924272755, -0.321204998400787, -0.6953566455259061, 0.9483431109114729, -0.7676963208261793, 0.19976258677472736, 0.3105481178820412, -0.19591009763504277, 0.11394101355904195], [1.186697761579739, -0.9806604874068192, -0.3431482866485036, 0.33660959265495755, -0.8176835284139368, -0.14607044952816342, -1.1145509611598905, 0.8723300095143138, -0.6556146516900687, -0.05248439365968446], [0.052080943574872036, 0.01651425842189163, -0.00931810007449045, 0.046257439927960026, 0.010283295394026382, 0.018682860486379228, -0.0014574780724996663, 0.011190716492789627, -0.025343948263606475, -0.03497263805001685]])),
    (np.array([1.0805676256934142, 1.4627265180554732, 1.238626513600176, 0.09038292625715479, 0.3897993660512543, 0.31479296254752354, 1.4545940674831577, 1.4089005175019833, 0.24734112072513284, 1.1998155973655755]),
     np.array([[0.5484146075555169, -0.02729288750112487, 0.0626955240608871, -0.07981319628482407, -0.04452873048162208, -0.07920964204425184, -0.05611730602033416, -0.04454281044753642, -0.06686847620365961, 0.00889367325399447], [0.3488545813397169, -0.06699520840522387, -0.10779640396605059, -0.10820937109219736, 0.09729810738722744, -0.3038188300586185, -0.061406675002075806, -0.22200818017379464, 0.24260999674491557, -0.048458669081122514], [0.06723694695382983, -0.0017232173776528326, -0.19665714105146587, -0.10164941959132878, -0.07079041164985582, 0.1357271598314201, -0.02007670123230252, -0.002580297250725452, -0.13374210872963413, -0.010819392660596946], [-0.013597909350360376, 0.018888269337092166, 0.010618771329009624, 0.5470056599771137, 0.03222332809538135, 0.06483560698111539, -0.027455421525016174, -0.011795212950156923, 0.058059553651577174, 0.02853211480820615], [0.14519075367325907, 0.022683878997807914, 0.02176593736759209, -0.029835073181191003, 0.06447813380101132, 0.0033307467013990386, -0.030775220803064492, 0.04111767857180737, -0.026765431706009667, 0.027831549332512157], [-0.004020654980650259, -0.08993676460170655, 0.4478365671681242, -0.3583199912916623, 0.09468205528334644, 0.005549327308715119, 0.032065646864756686, -0.05391583020951646, 0.09480367097727366, -0.024740643959244885], [-0.0496568358879015, -0.008316889103507811, -0.06410460013238681, 0.03593767361500967, -0.13583411952605928, 0.05307674451927833, -0.7126269454405749, 0.03427927905584996, -0.11736214007480023, -0.005023922033147279], [-0.1724326840090164, -0.12324655205091098, -0.07605504876475071, -0.14361588231618602, 0.07722202102534433, -0.10955899609896276, -0.11188566868124346, -0.6683906114224633, 0.07521619373097466, -0.056364338982807544], [0.04460394583450204, -0.013280898083318535, 0.02881879998815861, 0.10860575377970229, -0.03827515427772027, -0.0168351028286489, 0.10975842928898451, 0.20728703408786556, -0.9113355537193788, -0.050083078550416577], [0.08285350486676835, 0.08781926771377241, -0.0718465594330412, 0.008131371993825189, 0.215080794756469, -0.032801877811477906, -0.1382024230202213, 0.1311353101376439, 0.3561054809503423, 0.8548568350427068]]),
     np.array([1.0258381765705342, 3.243195756713849, 0.6626599753155523, 0.10644094140920404, 1.5014771040452064, 4.801998660904037, 0.6584491682649564, 1.8492167405827256, 3.77581323017049, 1.6417176851763988]),
     np.array([[-0.01721878149363354, -0.11249345767917801, -0.08409467785648347, 0.001040318392861899, -0.14747601009838215, 0.11825846801596468, -0.15219991687830187, 0.016298394310934678, -0.03060917988490533, -0.06365736831172854], [-0.3313653489135225, -0.4418489504031289, 0.4848337931994543, -0.2140275077982514, 0.5482967522530774, -0.41628191875976034, 0.03267240033866889, 0.08532405285895377, 0.696515671633387, -0.012142276996174735], [0.010765183464779119, 0.03646981357342407, -0.03035867119976944, -0.06664576746662643, 0.10292880751050881, 0.0541793595147371, -0.042333079113042585, 0.0026274804902252824, 0.10447500689158835, 0.09118761629542735], [0.0262569939987014, -0.0028931108293372906, 0.011030065856759868, -0.005763946873205569, 0.0331129995122728, -0.015030644999562604, -0.02655694939102301, -0.0054394711708174795, 0.06380579636079595, -0.00874422029076373], [-0.04349563557480934, 0.05174428696303172, -0.06782640699489557, 0.04066564341231002, -0.012914495209308006, 0.07153762037565013, 0.09773634478857075, 0.0446585573086727, 0.05094218568800361, -0.03163122722279248], [0.10595620459303844, 0.07231972930048791, 0.37015451059459276, -0.00953650243879135, 0.07576134424872719, -0.47229912026245935, -0.33310281277542453, 0.1768085071959481, 0.03138244624704747, -0.16705832152988437], [0.04671861640003443, -0.02113679348064868, 0.05808583632334506, 0.08142228060914747, 0.06645283301360017, 0.22947111412428603, -0.03799900526861053, 0.027475122814119558, 0.0003883686154711252, -0.03793633761303231], [0.11124641723351959, 0.0622224842919672, 0.2309124825161446, 0.04916947046822678, 0.29198559770858773, 0.32264837987604783, 0.028273137539210395, 0.14572916223567645, -0.09053975791417335, -0.026738464872420584], [0.4405832346040008, 0.10738560838583185, 0.38905086720807414, 0.7876132740144596, 0.915695611262474, -0.5072918961049696, 0.4148528790461834, 0.424430941952873, 0.486877531682315, 0.10742903572456465], [-0.17573669588542998, 0.09686204699314749, 0.0011011945513654904, -0.07440251016423216, -0.19017577036782207, -0.21767845408718753, 0.05821482813702255, -0.23906819345582098, -0.0030392058658095925, -0.05187173116820565]])),
    (np.array([1.2214049201421737, 1.2323845120820192, 1.2354773428114274, 0.7956412314564733, 0.5266339119558475, 0.2870133076027868, 1.1756058681401638, 0.8597710553815785, 0.31869733716270593, 1.4995450781809443]),
     np.array([[-0.24585936819935014, -0.14531912259512103, -0.07048362964183509, -0.036928208783698215, -0.03271688553097081, 0.13625730427825317, 0.019661946785196727, 0.000924261860621584, 0.01773487973576026, -0.0099498585500629], [0.7689127645198629, -0.13465717082093606, -0.024681115760505846, -0.16477260486674264, 0.2438062032538259, -0.21375565689488354, -0.10892296396766557, -0.039753217864125175, 0.1425485526570316, -0.0746603158997725], [-0.19670941941859527, -1.3884306095440355, 0.5689899620368943, 0.4968386472262346, 0.052297636897516236, 0.30245180398693555, 0.06576104960281622, 0.10149444085717987, 0.7853901077940676, -0.35843035719502436], [-0.2416240098051569, 0.08364118978528967, 1.5059855222471954, -0.66882791432071, -0.19943131360496755, -0.8256493916390514, 0.06279106508282345, 0.24158374661468437, 0.2553266932889849, 0.027131625406736685], [0.5185502086144138, 0.0541538453106586, 0.11303863680432276, -0.1918931539752872, 0.9760357406124314, 0.1802743588145134, -0.21862055262060232, 0.1534030149114387, -0.23074095423432503, -0.14323050128586917], [-0.11138031963092514, -0.06047742450626548, 0.9380609852615127, -0.8347207963384408, 0.11723048768779604, 0.4255573048205033, 0.10559637080330955, 0.012509739407410717, 0.24805894741043663, 0.048429200981324645], [0.04955875665507452, -0.02026954196904813, -0.09533368229115458, 0.060434954911054065, -0.0031069694689805083, 0.13844736644769928, -0.2824612374016311, -0.020727170049705212, 0.16361868119421258, -0.03195013669334785], [-0.0313540444022407, 0.058402004527302695, 0.09546443276067942, 0.1142477222639049, 0.08992891558110551, -0.13431758721157613, -0.021706765900468647, -0.31332607006016, -0.02052552167321113, 0.008416152758893446], [0.06400122943300109, -0.0424322015107366, -0.07786176400233494, -0.0284626108470931, -0.07865987431744702, 0.2757572397812983, 0.3906671794190662, 0.3299178338484938, -0.0181176549803558, -0.03957609143024388], [-0.1488870264534559, -0.314788796992187, 0.0671882524061953, 0.05963603669876082, 0.9404122628906117, -0.5517956242725127, -0.2768403350287134, -0.41009305925769, 0.3540202043628203, 0.2336141945835117]]),
     np.array([1.6502995502571243, 8.011076268280808, 32.23040682107644, 30.10561355257094, 24.09114373384443, 14.35264364447858, 0.5137298028109968, 2.8477722951077693, 16.902013560595808, 23.1960235965336]),
     np.array([[0.04364875390499942, 0.18302218087897587, 0.048637102951684, 0.09627304528213036, 0.020645652083015498, 0.013950734532257517, -0.1940406403443068, -0.05464237030671966, 0.1483930207559727, -0.15664192038933802], [-0.3632925937935637, -0.3727765470987901, 0.3880362196171051, -0.7110312401143043, 0.9762977993642338, 0.11746244722506, -0.23362266299925163, -0.31306284897328196, -0.022949801116811754, -0.011566203296756509], [7.549395170122091, -3.2526992852142382, 0.506675170573738, -0.5561105849901156, -1.328384195993936, -2.68306126708502, -0.9168258599924877, 3.0546253457908086, -9.555669496758647, -2.167196831740348], [-17.545518521885384, -1.6183511472471888, 2.5965573087647766, -13.849955756340112, 9.075907229775584, -23.569680313807407, 0.17923782786881037, 1.8728168650728576, -11.45475027173524, -2.7637475022067948], [-1.556058997817347, -15.05288698287667, -3.2990498921074924, -5.073977344238813, 3.842292552655303, 1.4775779582307065, 2.9416508708388904, 4.3180761488237955, -16.87192090984364, 1.1173069754606537], [-1.2214958101541638, -0.7818096275974761, 2.107402417947859, -3.5316513839800097, -3.820094656868045, 1.1396089369058906, 2.0474395671341408, 0.24214044256477063, 2.2101784091538357, -1.902348564788279], [-0.06623331460056536, 0.04842884526826565, 0.014020930922646627, -0.020139376143571763, 0.03488227253293613, -0.07453566230791153, -0.014046850166737854, 0.014580641045974467, -0.11473872540717799, 0.11210208808138751], [-0.21977602600784152, 0.46954617863001125, -0.12219404508093056, 0.07792117739066443, 0.5486646069698203, -0.28122196325262044, 0.33723145765799734, 0.20392825527860906, 0.06238896488754935, 0.4153057688221652], [2.465137043172319, -1.9683831978893416, -8.743062368568431, 1.8634837501636292, -7.899276404756961, 6.758350329045334, -0.7202674214615324, -0.77494915091906, -8.587522179969307, -0.7172105180560524], [1.7468174284273899, 1.97762435434701, 0.36690584552417194, -0.08373016249341896, 5.817679814329673, 3.5370746488236073, -3.114639095570716, 1.0214633718008106, 2.5901334020118885, 1.8874891931101268]])),
    (np.array([1.0097519739581182, 1.1315498682781515, 1.1447907502849128, 0.8218839165917657, 0.46282041689783127, 0.30754585099218706, 1.4285056929036444, 0.9608511629378799, 0.34797943330019043, 1.4002730432226191]),
     np.array([[0.45617428105482594, -0.07837469776700601, -0.042426145378541016, -0.19156813185584712, -0.003942199426492491, 0.009249835381640727, 0.10361681870040056, 0.02906885475973535, 0.004869616176753925, 0.022351682953348495], [0.4896174492240719, 0.04444596919022283, 0.08546840230764072, 0.24300484693075167, 0.05621024778813684, 0.07234080675354705, 0.1167503556659965, -0.03549789940697798, 0.0327634674186082, 0.06742709885606811], [0.625524367228258, -0.8598157811682205, 0.36251117380917897, -0.11220472026211592, 0.3842390395889839, 0.30797356042005547, 0.005102805235644493, 0.056225079540370065, -0.03568678710973115, -0.04372298648607947], [-0.2507868763505588, -0.12751688721010918, 1.3623773127317722, -1.0175943522083246, -0.45748897191142884, -0.06792899670712647, 0.13364503738342112, -0.11784942315979224, 0.22761192684104248, -0.0013335164965528079], [0.022413711195882622, 0.02777164633648011, 0.03172898305955946, 0.018799891883119636, -0.04267305435569241, -0.022542066100792676, -0.009541500557848845, -0.04003450445507327, -0.007288275422062144, 0.005138601936079381], [-0.10380428198766983, -0.033699485416779154, 1.3032008759076303, -1.167509571803605, 0.12168655835684192, 0.4617705789319059, 0.0295213577480329, 0.07123701254714321, 0.1488813105376621, -0.0651843838165571], [0.028206234161798658, -0.0321688805869267, 0.035846882769527515, -0.09815148718552576, -0.016128776052532462, -0.09910110096607787, -0.5606869250584919, -0.12425625852358704, -0.010220133544770684, 0.016130291878987024], [0.026332919205406872, 0.053137905993270985, -0.3510153929820657, 0.31676594796728424, -0.047067127037021456, -0.4821884464916159, 0.0009071005716493144, 0.9733792367946469, 0.21222675318722783, 0.03132666573451415], [0.12154948957349895, -0.1261903472327222, -0.03813129038888346, -0.17980191351374228, -0.11799809058256334, 0.20138217159154478, 0.10050444426885602, 0.3703890104952396, -0.35919865658286676, 0.02845930378374246], [0.16791894547692673, -0.15079547556277767, 0.00011766542244662348, 0.20565016575262754, 0.14802270353850436, 0.34425554418118387, 0.08538101551950987, 0.09929888140711839, -0.14136599111254816, 0.3855789107207291]]),
     np.array([2.0943980206296207, 5.386965635395852, 15.69083901952638, 32.97464143641924, 0.55421764139513, 14.692286268575181, 0.6913132141927157, 18.25516751119863, 13.266690535572318, 5.118362519560545]),
     np.array([[-0.1509493279674113, -0.2184408688379656, -0.16395494246688416, -0.22468026794021717, 0.5007474637299406, -0.16593404391025232, -0.14232946968594812, -0.0162168305239552, -0.10539992412171321, -0.03945209746774117], [-0.584036913734199, 0.17754501626315541, 0.6292091345879931, 0.12677661340898463, 0.09002734146894767, 0.4529812283165318, -0.049541726197895444, -0.14440295003953837, -0.8084948479422136, -0.110619533582993], [2.9219362912613724, -2.0949710871948373, 1.3175540375209966, 3.2523492607377618, -0.12196902493887081, 0.8896806883585283, -0.258333787166914, 0.22201717108737412, 1.3135230454392186, -0.49196531689582396], [3.6336801754506114, 0.06534870692850886, -5.0931435286264355, -24.867163598949634, 0.43840748251058576, -17.744706613072218, -21.30514029721843, -3.7269480082909765, -1.472667344439805, 1.1177359690775883], [0.009865845310023028, -0.012994955495574396, 0.037098200385832655, 0.03927786911688078, 0.0477134640115923, 0.09015438164496122, -0.0048292474061525535, 0.055300949555756915, -0.10706246375228996, -0.06263280265208587], [2.44137969813862, -0.4363452224588998, 0.20706496684536285, -2.469954484075942, 2.6030645401616095, -0.2698741562061121, 0.9891343347791682, 1.6418047636464208, -0.048446089578031454, -1.410200080799314], [-0.017799377222723522, -0.011967672913664556, 0.009253418313589584, 0.04101694330613475, -0.006965929545197931, 0.10160357234182724, -0.0011671814512044596, 0.07408049504693835, -0.1314324713000759, -0.0038337291746139593], [0.02825364166398746, 3.0498246596069127, -0.998580242000301, -0.4549487974077045, 2.9652169550252725, -1.192208782874008, -1.106519462372576, -1.3687462640315051, -0.9625614413052527, -1.9766518408458649], [-0.4443400810579185, 0.506194979615242, 1.263498523192636, -5.1552492501322185, -3.670138191237523, -4.392769630503825, -0.7294729988577724, 2.6369539582473203, -15.678900138660072, 0.5947546948247906], [0.06561112079901325, -0.11340674799262251, 0.021376703207875145, 0.7134008618626161, 0.8255188569801784, -0.3678366497259332, 0.25725040493001516, -0.4259184380050339, 0.5141364190823835, -0.5694174931704653]])),
    (np.array([1.1324321786268547, 1.2854209969169819, 1.1712833805848972, 0.7469469650760016, 0.5280771786948341, 0.2565140167885142, 1.0862486679267536, 0.9861254392124568, 0.25067043725569293, 1.4540574612060393]),
     np.array([[0.29902698006741174, 0.04145570684695476, -0.07528080063469549, -0.04908893844849555, -0.07331767127210598, 0.0579269342365399, 0.0978641549972211, -0.060762812956830246, 0.06399397392420811, 0.006092637259275113], [0.39561529450105415, 0.3552367438823174, -0.221049001446083, -0.07158910912840324, 0.14360202315929402, -0.05139357647602483, 0.0713800855303744, 0.08173501871013258, -0.31240887538798645, 0.0730200233550602], [0.11459138228239273, -0.24523133619965282, 0.6429238372177581, 0.09965671681232798, -0.15782110059348395, 0.008094295297840084, -0.045502284668996154, -0.0031183511045102435, -0.12542219783705716, 0.048531033162500056], [-0.06700426329892492, 0.04563092733125829, 0.40361078136585726, 0.1306321367662498, 0.13655763321650938, 0.19775964977465593, 0.008942529719579304, -0.07268931920145141, -0.126691640203337, 0.10896049817681591], [0.015460894263482242, -0.02052540607182397, -0.0020584968738589136, -0.03301430187985409, 0.12518792628561198, -0.06972367357029775, -0.01795929653874729, -0.011586401868446615, 0.00556333814224662, 0.017873112737897743], [-0.018386650955208264, -0.04379170383919475, 0.852264073424264, -0.8203300408711566, 0.36809040194637466, 0.8836318151343429, 0.06767727253765303, -0.08238117694592544, -0.1813599200243775, 0.09476343410577125], [0.02883963574084705, 0.1244716886890394, -0.10972269401278247, 0.04341917967614787, 0.03552798927513649, 0.20141072155997156, -0.46180277206618714, -0.0836807324701408, -0.031791265867592025, 0.025626274782665655], [-0.06423850030772975, -0.03734163344677217, 0.006350820061541214, 0.00416712214231508, -0.01038131299406001, 0.0995914037040301, 0.018167151218244637, 0.35960451617488637, 0.045064921206677426, 0.015311493781787717], [-0.01563865941640824, 0.03933111167175818, -0.052841987690775374, 0.07886110026867653, 0.23604777102383465, 0.3848922427358846, 0.20732667862984136, 0.25372909190119103, 0.10305273053842003, 0.05475115405729414], [0.05756146852734671, 0.04828065413878291, -0.08119487743413628, 0.027490904986689487, 0.04013027749508874, 0.14510211670257264, -0.07255633301658754, 0.04026093142178477, 0.059552407277158596, 0.24895579832199297]]),
     np.array([0.7297023644396852, 4.036991417593785, 3.7282718873212053, 5.884462739147035, 2.655434659412711, 13.882942084021105, 3.0920505435428014, 0.05753368944553551, 6.59523665864228, 3.4113684196028538]),
     np.array([[-0.0674034422660078, -0.11066097882926662, -0.10278493947139339, 0.031007617714543016, 0.12751170786171317, -0.0340245688876322, -0.03001755342429681, -0.059967526296330856, -0.020143588522461682, -0.001968062924447352], [-0.01545913428889707, -0.2661797732219266, -0.3623735756899609, -0.35230701096431905, 0.47312237178490213, 0.3368220190946062, -0.3934470555684363, 0.1486027377874272, 0.27423615720305017, -0.32412576410538274], [-0.08419201569293495, -0.289308449405701, -0.07173843032076276, 0.12528974257327524, -0.30681200384542767, -0.5288376953908454, 0.06012323809569137, 0.0020509838345645916, 0.052530729297469915, -0.42085819722183093], [-0.3698346691047695, -0.4238236046620284, -0.46466635945361284, 0.22862673496071295, -0.2456909761664674, 0.6343702943346823, 0.22235061724234212, -0.278847616038915, 0.4343285397543425, -0.19607440513057592], [0.06805276618129423, 0.12152049827952927, -0.09500386609597987, -0.4436765012671789, -0.6005837621108702, -0.5262931991177153, 0.1441336902906582, 0.059693722505084194, -0.4805776991475979, 0.1422404957199162], [0.8455034099463264, 0.3602720753611298, 1.2486540672840527, 1.8924050766583382, -1.7543304223692902, 0.5295504580032401, -0.8415685286116964, -0.836271231052745, -2.0310563180371806, -2.1571778946408413], [-0.38401934516856084, -0.15527177764627864, 0.21756795511953206, 0.2134867081072579, 0.030827064020395405, -0.43014449778986247, 0.5547134975803171, 0.2380126160196256, 0.012001351748764974, 0.42651384168370715], [0.005898030901197421, 0.021503351750282895, -0.019792478253675867, 0.03298542577729644, 0.012109668860597354, -0.022429905243103128, -0.01281328107953028, -0.01887271373862503, -0.01289625212436065, -0.01008495872057884], [-0.6755113741398133, -0.5622326993944009, -1.1718195676038488, 0.23438381627133797, 0.29356414930069047, 1.1292470866350917, 0.4698314467892666, -0.16462756791119365, 0.19187908427032307, 0.3701618566840647], [-0.03730503461951565, 0.3148672050532929, -0.11243855395978111, 0.2712834253130866, 0.1180891411223773, 0.3084164924839087, -0.29747507304705995, 0.39469400192235615, 0.7179887236889724, -0.08135374265619942]])),
    (np.array([0.8630822138188834, 3.019405112544868, 1.2544921929694035, 0.8048412436559612, 0.5169806151983247, 0.29078002691244936, 1.0526617344493379, 0.9532565227098238, 0.4490549622988228, 1.0919698714699122]),
     np.array([[-0.3786241415564578, 0.035147719489660126, 0.07556164611160728, -0.049883463524370904, 0.10036008785162778, -0.06566216337961794, -0.06972955400954536, 0.022154007640897817, 0.088129566597516, 0.0007465927120937927], [0.12237169036223064, -1.924067942499303, 0.028579907535868556, -0.011587330996886431, -0.038969543668576, 0.02682715332429567, -0.0028669519715377686, -0.009474095558384014, -0.040187168687361885, 0.007675556516093981], [0.1478097777765568, -0.6983583671634285, 0.8011926013704576, 0.22836357349193923, -0.28103005853653135, 0.3762246827857947, -0.17133845237175852, -0.26879362794462947, 0.23572807817727032, -0.25453487677203285], [-0.3882408512556635, 0.011396385068219703, 1.0130972963691334, -0.6708690780532819, 0.035352433475771466, 0.29143353186561266, 0.08298077295005579, -0.0887351811915511, 0.20752956773860892, 0.05020866929675916], [0.5111353401321566, 0.04576724124986722, -0.03941596879626798, -0.034854054806127084, 0.28612674755758555, 0.12882175707228868, -0.1321841311429764, 0.0846942009007846, -0.3134067214587249, -0.16658840812311812], [0.03059670789473594, -0.03204586479899139, 1.045974866805951, -0.7902141180260122, 0.11424845648457872, 0.1708913252563623, -0.09675602066148704, -0.00492454710714677, -0.13466962367115265, 0.004108994788784197], [0.01804816050035857, -0.12111519202670963, 0.1612842996707103, -0.08886075398231255, -0.26765647563684947, 0.4432023132534897, 0.29632119372051346, 0.02185574169515447, 0.10124147952361003, -0.03227197467537209], [0.09919730759682534, -0.07093388783242298, 0.1061788778990503, -0.008015150793866204, -0.11539768851344458, -0.004296352216396372, -0.031329419638897536, 0.03641364439159476, 0.22216066603555754, -0.06874452542205012], [0.01847978865671927, 0.00782727583315561, -0.03953999707250127, -0.002025624741538039, -0.0015538766140332427, 0.08129331354039245, -0.016130284449696795, 0.020153921876417596, 0.10883993841956702, -0.036161009364406235], [0.0995210085325966, -0.004965368786797921, 0.06980630939238579, 0.010220000650562106, -0.12160891378871551, -0.01784312805456732, 0.01883976794127544, 0.025416773451608126, -0.028537141416238587, -0.012531941719468675]]),
     np.array([1.0424944224119026, 0.03641952970131242, 17.239659741014727, 22.21944683474584, 12.37708681956253, 14.294128017252525, 4.801493208448158, 1.5563062943155321, 0.7361798878633717, 0.1984533042292795]),
     np.array([[0.05045601260721849, -0.08495077344854791, 0.04835615972781813, -0.02081377485705488, 0.17205778748522155, 0.1664727745013249, 0.12141356384328895, 0.14636253850181424, 0.04725421462600923, 0.048744490202024975], [0.03439213080383138, -0.03341134004570975, -0.006231683025438439, 0.023528887341009466, -0.008893679775985366, -0.016504776811969116, -0.022020345006616537, -0.003928800106775439, 0.037027690271301185, 0.01719786815419866], [1.9694674380062671, -4.502464649690234, 1.2708609714222758, -0.6313150048836088, -1.3233888654282602, -0.15369638205583536, 2.0165143556478355, -0.46067721669706213, -0.1251100143473782, -0.17777217069007586], [-1.2178545121219495, 0.5675195111774021, -0.3316156929531028, 1.0577723115119149, -6.846116101051445, -0.12421413939075722, 0.25591558169628525, -3.0828218095435242, -1.7049867105990177, 0.6250797748466569], [0.43662847214683514, -1.2920072890548866, -0.7051247629826567, -1.7168627500494769, 1.3022886043371598, 1.3745419079534533, 0.7045891202761726, -0.0009053969578126958, 1.3094467114485095, 0.5827058166010779], [-1.3477600577062685, 1.5376226420034345, 0.8749993974806514, 3.349720441470842, 0.23729563119465935, 0.15615314032448924, -1.7104127216299252, -2.1873173914843487, 2.0402921490419104, -1.1940939898932599], [0.15533873904754802, -0.3441099557759049, -0.054805042167854076, -0.6382195645294585, 0.11457008177297334, 0.7963117750662413, -0.06876183045604783, 0.4973677781482254, -0.2559338418522678, -0.4960090640660867], [-0.044223392510307484, -0.10319894623106961, 0.19561139651823004, -0.060928975123120364, 0.020762450142169448, -0.3632035781473638, -0.04779652729518199, 0.09155309857849404, 0.1854625647843924, 0.13027270603561666], [0.0036446891072107863, -0.14872580398214325, -0.01218132272150629, -0.04680651446257498, -0.036927390412092385, 0.11579037984820341, 0.02219133189990334, 0.04839064172374063, -0.07722878041152535, -0.013792390785541205], [0.03446749615241233, -0.007073229626181978, 0.02109299840615091, -0.014497437090230268, 0.05348386455013548, 0.012009483463969982, -6.019386199169569e-05, 0.010386885793760462, -0.12909101730941291, 0.028407925540230132]])),
    (np.array([0.9752827626230851, 1.4379887018223858, 1.878249453480634, 0.8129828885778448, 0.496842983847638, 0.2905115716311348, 1.1369904761257583, 0.9272395843824469, 0.3315349934119468, 1.3372625241580047]),
     np.array([[1.626938652098735, -0.46979688789907353, 1.0495258798323381, -0.7077388065231225, 0.22078112207475226, 2.6663027868822677, 0.10540284276778786, 0.07413960398431099, -0.9983350844243566, -0.16256313558649169], [0.07050962435483019, -0.24214934062135446, -0.05044155932416895, 0.07148705332342643, -0.0030870463773945956, -0.1617795751998397, -0.13314530991606865, 0.047881001744914595, -0.0876392181220797, -0.03025791031830266], [-0.02722739083371757, -0.04633801998299876, -0.5714633959859062, -0.039617931949241236, 0.018430507349748913, 0.05118807778952325, 0.0028928806763356338, -0.09720480289744096, -0.23217277077544837, -0.059369127572856534], [-0.270944508111326, -0.22947744802861575, 0.9356758130805688, -0.7785812520323495, 0.02990072999546622, 0.4555158919559671, -0.013410754162871623, 0.3802830805755913, -0.1956458705128927, -0.15547856715745859], [1.4421653105259042, 0.4664401715661368, -0.14071581974601743, -0.8540196027179853, 0.6695419338289874, 0.4037079449624991, 0.03875645050204066, -0.011634934198295137, -0.059884357251039674, -0.20721523023082036], [0.07426134749537065, 0.034309255250912093, 0.8901599988273433, -1.132108565651004, 0.25741437451444615, 0.3720123285115089, 0.032477370252870084, -0.10944436400566773, 0.14832865799641512, -0.002649968464699172], [0.3520611092910718, 0.1598249664168608, -0.0702311663718493, -0.16022308672855298, -0.22398457432660826, 0.12718550088892566, 0.023053745839679497, -0.09087971797864874, -0.3162850737736466, -0.26932001466578903], [-0.03683429574207287, 0.038713589890645723, 0.07250780882078023, 0.05743649903288969, 0.24338013579244724, 0.14958715514986906, 0.02824564837579215, 0.04352013848872006, -0.28047611165506553, -0.042008432332834446], [-0.0581414570805508, -0.05323542364442417, -0.013640673513453537, 0.07513635338991102, 0.037298759688897475, 0.20888823423264305, 0.09408104181099207, 0.5696207677115981, 0.21717556504537033, 0.04846905613668573], [0.24508279438128203, 0.055551886541645036, 0.041167345394554196, 0.011165389087609104, 0.07388266424956452, -0.1857547460603114, 0.013611790082182641, -0.033844933165847, -0.06470755955705661, 0.09814968333772905]]),
     np.array([91.95696199006318, 1.1866424247113707, 0.708923319523241, 21.068671185851198, 68.43607379562599, 12.833290702851944, 13.696892647865461, 2.7187304895459445, 12.681888242659427, 2.5013907546320335]),
     np.array([[-39.54368461429043, 6.599033567043481, 17.012404436725443, -22.37352376628486, -34.09571954551356, -23.842768401097796, -23.01862129010666, -5.385341005821058, 6.781653772580534, -5.743698479363457], [0.18670793628860616, -0.11709742208295051, -0.01770861881570404, 0.18714713119639173, -0.15138292265163167, -0.18542165982587758, 0.055696970129937635, 0.012987442741387498, -0.09260448872175858, 0.03336179802772428], [0.04640440018169296, -0.08612235428159165, 0.05647719164229519, -0.11276252005146904, -0.09968145739430809, -0.14402237310598404, -0.010070258496388788, 0.10270484154649076, -0.07420470726738235, 0.0008194149125756559], [-3.8425024918334327, 0.8597954737077094, 2.712252536592642, -0.10608844555321809, 1.077783816077589, -1.0175590811368327, -0.28129136235032837, -0.026841546017126967, 0.33242743537713354, -0.17501674935944508], [-7.572474694579163, 0.7651349009193278, -40.47119156353658, 25.059512510040395, -25.483852501562215, 21.122006063023207, 5.560268703809587, -5.433061951364926, -40.50502554778566, -23.859032108595713], [-1.5958746739689191, -1.607984956932868, 0.8267436532267295, -3.5788800643397702, 1.4317464699931102, 0.28164745947452446, -1.4105063731228236, -1.9285580019169553, 1.4791907904976647, 0.15493097442652604], [-1.0367476574605312, -0.5655249188913556, -0.7866507052921119, 0.12366108249494992, 2.1628802529592086, -0.09780494617429535, 1.3123151227737593, 0.2126141678916697, -0.4935697963216714, -1.1983144333959588], [-0.15288265532615267, 0.20669084167280397, -0.03405542141029103, -0.2154352293081091, 0.5956046492701216, 0.20867761186356792, 0.2057380327397026, -0.20237116949242268, 0.396439148601411, -0.08719479156156652], [-0.958604204992726, -1.105607587151241, -0.9520021149535542, 0.3921603966922616, 1.471510680868028, 1.4334185007114815, 0.5329621395663454, -0.14754056824574718, -13.975416074469747, -0.6763097236999309], [-0.21574403286878518, 0.17477042332626663, 0.13123925913384799, 0.32431960681574595, -0.10074367910615936, -0.28569859919276197, -0.01714075258433436, 0.10504354395134871, 0.3251631748534687, -0.14891712474519875]])),
    (np.array([1.3381456110786885, 1.4482146978691728, 1.2174222177075051, 0.8415048199600161, 0.508829174425908, 0.3152330879219646, 1.0538026984265654, 0.6962925521736207, 0.26439722667004956, 1.4189864166228603]),
     np.array([[-0.2801333070008916, 0.05452863811365184, -0.05457020136686173, -0.060531907976666306, 0.029216354673055427, -0.031775136333244906, 0.021516282917652785, 0.04138422425305567, -0.10549636145695937, -0.008516822684689616], [0.027994191934499896, 0.26351892005734123, 0.02826804640105876, 0.018111910618980348, -0.016366502077873647, -0.06258179107706383, 0.07668174821542732, -0.033456973060355354, -0.0254644873730746, -0.049812934707857276], [0.13039364004402795, -1.0782492210155945, 1.8557159639507432, -0.156995519346608, -0.6592225145415794, 1.14603739655099, 0.4168805548339727, 0.12389911128774096, -0.3518623594663576, 0.15676568309113276], [-0.2228391562624028, -0.07273468170547337, 1.8639467040851463, -0.907741634956588, -0.11810711319617552, 0.581797625666214, 0.10344820280868602, 0.03964148505041375, -0.8234949824857384, -0.231212511697698], [0.9512324050395705, 0.09992028161329528, 0.29102745981271827, -0.32287500984944445, 0.9206989348542695, -0.1992414010473434, -0.1500555765865098, -0.0156179376147483, -0.11618368873622899, 0.012304465864540783], [-0.04814910750652246, -0.177705875835844, 0.9459090863997385, -0.8229118320499779, 0.08501976197059989, 0.17791339593401992, 0.09242072374927539, 0.051190912581079266, 0.14418511722981986, -0.10507819512680049], [-0.20034422255755902, 0.17331434580420846, 0.04720420647574255, 0.15725399743245427, 0.4803677821667579, 0.7187229083089675, 0.15613539393949427, -0.2952635484187267, -0.14013997803831085, -0.17301382565087967], [0.012824439505058413, -0.02611883996347526, 0.05132338690832406, 0.05044467542372986, -0.06259342933829332, -0.0011708121735698027, 0.020730737578587788, 0.7414450693975444, 0.04072560416611159, -0.034882359681607786], [-0.021355544930433186, 0.04952142292722349, 0.10240990572610391, 0.010497937742942444, 0.1169364799046959, -0.2093566107637871, 0.40476838877784466, 1.1155492583372488, -0.17616689151256687, -0.045996103011226926], [0.33268373476500174, -0.07882484177507357, 0.06354678232101615, -0.06606648607741317, -0.043034213177775636, 0.20873431515625518, 0.033092301768103315, -0.06848788746190469, 0.2590689614698976, 0.03864567153079112]]),
     np.array([0.12964928785560167, 0.6922810403641039, 37.81606775833691, 42.03147478992655, 34.51684827363546, 15.372154921864043, 17.03823687535867, 0.1951443677619428, 27.153336537110036, 3.844621547323112]),
     np.array([[-0.005234911162263916, 0.007056510373172596, -0.004498117851041196, -0.020715406798994276, -0.013047669023319775, -0.11898352231772115, 0.013235018990716836, 0.001482049866151879, 0.011166100589191116, 0.028329554744933764], [-0.013006546935482142, -0.07236866587896694, 0.022143455825009088, -0.07137224891032067, -0.10448093996334556, 0.014784860003806298, -0.014592269919493623, 0.030357791963304657, -0.2362342951292169, -0.021186220217003615], [-6.330949838142985, -0.6914692286964067, 0.3125037002810035, -2.373275166249094, 5.2494468939944285, -6.3197906083474304, 2.7253167660584534, 0.1349443595826473, 5.222697376298494, -6.338236739614663], [-8.088861061117978, -4.641525791298829, 1.2336432167899798, -4.934353832897568, -3.9664700170696885, -8.996235920628898, -0.5033412165758526, 0.5243556448633915, 3.6221093846126275, -0.7777955346289693], [2.6072237732007952, -2.6952171302395933, -10.08468654821317, -9.175568473464402, 1.0464399752087044, -10.954274394348937, -7.744215909420932, 8.044029094419493, -3.9277946777099326, -4.913611661523003], [0.043062061789542035, 1.2458526242206867, 3.732537033401649, -18.00547742898785, -0.505257079903121, -19.71940431798692, 0.9875668274515971, 0.9839302771170874, -2.926348349240616, -2.898079953394911], [-1.055470544596392, 0.2146219046649782, 1.7662953366399583, -0.7519449728120786, 0.4880280318961772, 2.1613140011397642, -1.2188872427709363, 0.5504940901819734, -13.409440341412516, 0.6220209086988794], [-0.023824693369183105, 0.014503869796949473, -0.0687079260831562, 0.06289398994086272, -0.0522071835770545, 0.018416348134433026, -0.020863949017410486, 0.002046836329545234, 0.011118234185779941, 0.0026800090218623883], [-1.6822250853789555, 0.028184921230619046, -2.8774251645695923, -11.408323108395091, -14.398817698207893, -4.838592900696142, 0.08546744269288657, 4.830675868043817, 8.233315455355312, -6.46426209327857], [0.22774965835166996, -0.47040807605507146, -0.06570967172718105, 0.36893456201225816, 0.10253557255805575, -0.34446590368557384, 0.24635273835241658, 0.1021170515801995, -0.5999047473264227, 0.2592664979496106]])),
    (np.array([0.9072273640079798, 1.6079989748862222, 1.2396727364499236, 0.7894464500095776, 0.52329106325812, 0.31235040869682534, 1.1380095423091985, 0.8677136625099126, 0.27952687817530336, 1.4207213836246955]),
     np.array([[0.5068845018606409, 0.03324468258637225, 0.04373193660893583, -0.04584014518020582, 0.05366571320997739, -0.040918973242351976, 0.03931612906252843, -0.05816878739889677, 0.0009044228656874279, 0.0025284485693307605], [0.015848346811806604, -0.27437038533214325, 0.07405913801806088, -0.051523813398460114, -0.156722209579119, 0.022708560061116365, 0.007847945706845218, 0.027650685576302677, -0.021494638079271232, -0.028261616467714815], [-0.07873896366348901, -1.0820774304894072, 0.20376375707352654, -0.039095947383605174, -0.4001575133526604, 0.5206944397490861, -0.26012759954979936, -0.19790807502886154, 0.5147469078707141, -0.10268682774659355], [-0.3217880148107117, -0.03755614278353037, 1.1379965364736995, -1.0665540558544448, 0.2649531653649942, 0.8219562131463151, 0.2863028959899586, -0.2066691708836483, 0.19451103121943045, 0.2429318985070201], [0.6097274285700202, 0.015997493139803982, -0.09810032032593684, -0.6178808979143978, 0.5538122660150722, 0.049312148992702205, -0.24418967507250747, -0.10312794611022184, 0.15336124998009007, 0.11669453846093303], [0.10977347985210399, -0.20142083382969458, 1.1966222340610073, -1.1636239033612936, -0.06976827693597801, 0.08863847069233548, 0.020314288745857677, 0.09853054738777794, -0.119659854131098, -0.00812675793321228], [-0.032489134176507256, 0.018656507212352652, -0.0434871113541229, 0.042404027926591766, 0.004235653527984067, -0.061955516524313095, -0.25084834322610283, -0.007994405779613517, -0.015848967473398107, 0.05037084267000968], [-0.0012443770232597577, 0.05410704898799454, 0.07343540937741216, -0.022498431698932918, -0.03290306546726492, -0.07376051343787073, -0.012371383746731428, 0.6037437442710075, 0.0685077151404312, -0.03462849715304415], [0.01158675713688165, -0.07817937244971708, -0.01996953957841295, 0.022161300725650788, 0.1964535326039762, 0.16091637457111724, 0.11575965238907387, 0.28799092267685206, -0.4106624881909356, 0.03963704555872281], [0.12286096713472472, -0.1318732942781915, 0.1506773285358216, -0.43307261007428627, 0.5596898521560044, 0.4639269295446187, 0.5217286237887978, -0.05470185939388655, -0.20327102799584737, 0.6638125299298717]]),
     np.array([0.2331935369725413, 0.7904554716489731, 27.29322135446878, 37.20646472618493, 22.615457056392017, 18.6977728986993, 0.06252226837891127, 0.26912679880453066, 5.775632471582984, 28.802366211775105]),
     np.array([[-0.07923388366937732, -0.01153286593837548, -0.03238805965196374, -0.08117333573085872, 0.10345573879144657, 0.0002242215567471909, -0.0034464912677397395, 0.0012598098017178514, 0.02020300189181757, 0.040464568779724826], [0.07813858484718335, -0.022564816797533107, -0.09760130484124924, 0.06062674504083959, -0.16284232685273228, -0.11487796688663425, 0.029537951107424035, 0.024768137177238504, -0.209711673228967, 0.04167899047350888], [1.1506888311342551, 0.5628146270779939, -4.441788300234796, 0.050707443403039724, -4.419130133058072, -9.69920079609571, -1.6715688759675942, 1.0889798466924079, -3.29564564306619, 0.4282450409187076], [0.37322539128976684, 0.9351136229656818, 1.756992604985516, -5.813237694037079, -4.53858872208369, -0.5387528739787919, 0.2151129929247521, -3.284956963105029, 0.15816580396025165, -7.915006335942912], [1.307934807395216, -0.44470911877472796, 8.606010566206859, -11.929079082230421, -2.2646907547851534, -2.257171447333689, 0.5701571545792555, 1.071369456420822, 0.9166942614439876, -3.1855320673761174], [2.293079173962318, -10.578705235745595, 0.2448658794393693, -9.54820871570608, -23.137949429898956, -5.495079727238316, 2.752757349449238, 1.1904120469924404, 4.015507291157925, -0.1316540574691351], [-0.01459711438118793, 0.015701855000371405, -0.006802153574971541, 0.0011545997405868712, 0.01876547044926441, -0.055655225863627866, -0.018853516278277655, 0.007816900213071663, 0.02123291900240139, 0.019220106610588216], [0.006220792369037772, -0.029751234555452064, 0.01524983732418835, -0.06342543826177198, -0.049791835712776567, -0.04195736507479697, 0.003410012329708471, -0.002395249760212774, 0.027857183994065365, -0.009946929918494484], [-1.0376319264676657, -0.09566455659093052, -0.10039374438615142, 0.15731973084783107, 0.5833050059851025, 1.092158739474125, 0.16804140042075877, 0.6005485965752706, 0.9474338519510925, 0.9141997677624868], [-0.015817089412570536, -1.2322253511313663, -2.4913062039816882, 2.0230957953445894, -1.5374309920089737, -0.17614923310930333, 0.6096224346726571, -0.2213360010456241, 4.165375898182672, 2.4997432112476745]])),
    (np.array([1.3127786663504726, 2.0565584743470158, 1.3987450928907843, 0.7917887798078651, 0.6145874689536446, 0.31455949952266693, 1.060146672050515, 1.2176585976804688, 0.24214437944122472, 2.0357815156789814]),
     np.array([[-0.09650170020177934, -0.03519107705062424, 0.06571150288922703, -0.002207426898865178, 0.024617884624893716, -0.032301373551412424, 0.0430409341966741, -0.03376642667184625, 0.022920246249321943, 0.0064371271577155975], [0.09262732253160592, -1.1089637322363337, -0.07187174852201894, -0.02377318175616197, -0.10451427989278218, -0.15304521082527245, -0.04104093362026389, -0.017833579887112868, -0.04531308022018859, -0.1533399960493182], [-0.0547634395608037, -0.2400810045769039, 0.009763567990735366, -0.1406145609375278, 0.17426865617482185, -0.13544507444905562, -0.1484908030213836, -0.09788150802464916, 0.01700373109829167, 0.05695559994531046], [-0.1775169156739219, -0.0995779820654545, 0.29067008102185404, -0.3521305865924359, 0.14163334614855658, 0.2249373733426796, -0.042125137759407856, 0.027333134022807428, 0.2162537814626723, -0.043073769380770316], [0.1839594776600812, -0.014201260927457151, 0.057742671846101656, -0.08592157218453843, 0.35528321574958277, -0.04364441418232447, -0.10198497645554903, 0.01978294474214333, -0.17586058760441575, -0.08293122885400094], [-0.0783752508488884, -0.0018524731314419657, 0.9518384665499912, -0.7444642331472134, 0.08285145955892632, 0.07741599355288713, -0.06148632272995981, -0.0632832316234007, 0.09293363182995298, -0.05834001137438098], [0.019356021018285843, 0.00817747591768644, 0.12086092944843044, 0.012427040826055218, -0.05540023935034817, 0.5048833296572792, -0.20381844729850643, -0.08107447044159077, -0.12784672876729705, 0.03478994044747007], [-0.08521181647851357, -0.037277755734939425, -0.04533493039871327, 0.01920620743324627, -0.03603016124198258, -0.05146126893731702, -0.036799738892788994, -0.18971989060060512, -0.17866113167910913, -0.07312733420014182], [0.0028951284804157565, 0.026785875031145174, 0.00042552881176515417, 0.021153258749755936, -0.008030199715924544, -0.005381634952326659, 0.08426701402881227, 0.10593093383782265, 0.2524788901740997, -0.013041475594567805], [-0.1267266198510991, 0.018428801763751446, 0.0007942222005484007, -0.015764741511577477, -0.0013455093772875748, -0.0637665575004324, 0.10745881403854218, -0.17714238398389703, 0.05165749236527581, -1.0547999726504331]]),
     np.array([0.0032607637470189743, 0.8773301476909712, 2.198260610929823, 3.9186612302955104, 3.1798473270355037, 10.0080574807192, 3.106336185542842, 1.738542381026525, 1.9465944124865708, 0.4050899933000585]),
     np.array([[-0.015558549018677594, -0.0008657358904774216, 0.006197615882723093, -0.005876429683900382, -0.009086470517563144, -0.01836987382745046, 0.023126344669258406, 0.004045835852325378, -0.006106414776254609, -0.001930318545883413], [0.07873321083288873, -0.0374410432106629, 0.026528807448886103, 0.08694112298257153, -0.02220330892055264, -0.1197425475725861, -0.04932290324109993, -0.033239482563244306, 0.3643189331789262, 0.057876556541859664], [0.08027571912384868, 0.04484353123461781, -0.09827419702334772, -0.2940219464033457, 0.19932895084600155, 0.4143331872484249, -0.2337655238261589, 0.017262052746473862, -0.1179647702766203, 0.042696694713095854], [0.08270668367614785, -0.07415989746141116, 0.13130357834466072, -0.3508651529245355, 0.019663681975908807, -0.19212431084931095, -0.16533661482737583, 0.12014229683401588, 0.34476005867812776, 0.503457356722277], [-0.16337354845132948, -0.3249300377000898, -0.03144016502262302, 0.02000364171895364, 0.17575202199684473, 0.06376571442229662, -0.15487621760826412, -0.40806779181728925, -0.658023908859186, 0.03355591822504229], [0.04860725362239961, -0.7620638087296245, 0.9550392895114503, -0.5132385651718155, 0.11334392793479864, 0.29873916841049747, 0.7268228418590583, -0.042980300510542115, 0.2806439256125263, -0.03900351529055476], [0.8030785553688662, 0.008937917221967528, 0.07098317303181198, 0.13940550398975424, -0.04610598188910659, -0.08129875430536074, -0.30998733283536506, 0.041216948533368054, 0.502769944302159, 0.007216551741874811], [-0.1637420829687315, 0.127948460962095, 0.088098362467394, 0.09857225437694948, -0.08754606292055202, 0.21340178907864354, 0.019036733044491275, -0.22325089465917536, 0.30466802056698356, 0.027098500542511218], [-0.2571176534422187, 0.1313591225042786, 0.008435022924434179, -0.11979249673846747, -0.31057370200931794, 0.014361603454535457, 0.14006398024050107, 0.17582192516113113, 0.03572664379196938, -0.12401794570927384], [0.03928902709092523, 0.030333853835110794, 0.017809537717042006, -0.02816715664569715, -0.022320299334195284, 0.019329018997556856, 0.062075591786775415, 0.03500896234858566, 0.005573157716566721, 0.03810166131917533]])),
    (np.array([0.2854731335688805, 3.1605775973646097, 1.1741773068579024, 0.8623724885095108, 0.38060951476518884, 0.3166278345907666, 1.1498486123774294, 1.1318030077467867, 0.2679180935446271, 1.4494856037661668]),
     np.array([[1.0232966398912808, 0.04530512900742344, 0.00519007313515376, 0.14872508089125058, 0.048286999278121495, -0.14248039778674335, 0.05223312842757431, 0.0652349365716078, -0.060018439786592125, 0.04694709416677331], [0.062124129865555336, -2.7401041416907184, -0.005256874894915356, 0.002376407379584312, -0.054164424963027064, -0.08639081040850166, 0.0004868386561778029, -0.002661179073676581, 0.03432248756265957, -0.009167497175226616], [-0.05851824412312033, -0.4762861702344378, 0.9801909561337675, 0.08453842502961073, -0.14071759474127166, 0.18972242126587674, 0.02996227836756817, 0.30265638091477337, 0.11101775788620502, -0.0029743378719167255], [-0.32869146671343497, -0.052491830092598765, 0.5360502205709106, -0.4461526500945421, -0.04525816518448767, 0.2785841881549608, 0.0010673824216195272, -0.09568116654400734, -0.24289463483297397, 0.02838520272140629], [0.03624312009435056, 0.023152415349415215, -0.0075270643448594665, -0.04367770053044199, -0.02041015765886589, 0.004371771674641305, 0.05999731511515925, 0.06396605408065874, -0.06689820437740361, -0.004626991485281455], [0.048460748452792586, 0.03791221923267381, 0.8093397924573602, -0.7723972011449499, -0.0001590366106450642, -0.1742445746904124, -0.036712059403242465, -0.14094295495378908, 0.03492238809156827, 0.022212408234018266], [0.21257504926193818, 0.15946294297317484, -0.1315197120300678, 0.00655576141839703, 0.018433211394264192, 0.19610354987607118, 0.0373365250275315, -0.1272883535789585, 0.09093337486743044, -0.25166980549091866], [-0.0810434545093912, -0.025648515913906367, 0.06728064633317395, 0.008586758177773917, -0.05888206483176519, -0.0956705830107855, -0.023426107203293706, 0.2354855048832551, 0.01819990291815289, 0.006545947121987518], [-0.014876553812763166, -0.0023505146448382095, -0.013491303252246869, -0.04518663551178638, -0.01128771283642765, 0.055319826805451354, 0.02766968312599711, 0.03196184073858898, 0.10655593871487987, 0.019683638605469404], [-0.013467858466640639, 0.0772570370189231, -0.05026778993049358, 0.0026275023743101626, 0.023542369770079657, 0.0753123991852116, 0.03847660431924768, -0.06328887581994957, -0.059915119857443425, 0.7228482426571705]]),
     np.array([0.4740184398523292, 0.05249414861825143, 7.332081750172881, 7.3496035586954775, 1.116956118595663, 12.716206873584483, 4.953790205960802, 0.9310579085922972, 0.3489333805909907, 0.7119767630943565]),
     np.array([[-0.05383787692969593, 0.06620624616873252, 0.013726701221144562, -0.03590155616954089, -0.08787616781134806, 0.06841497797261283, 0.009929813789710168, -0.09515410407872228, -0.011037007708876776, -0.011716161486072013], [-0.006622443494038039, -0.005786193047792275, -0.020275537703549756, 0.005814542109311297, 0.03631306315055859, 0.0021667662246109285, -0.007409956831822745, 0.018616162017320224, 0.030908645594560774, 0.02430241585387055], [0.0007872295325626006, -0.20282882327246948, 0.22352803620145262, -0.25517035012412065, -0.66776698454747, -0.8609563572212213, -0.39299695491875464, -0.7667681074555414, -0.15358282001845772, -0.6952302554683712], [-0.06559876554834777, 0.24148401377195747, 0.1195613034640751, 0.26385028605284244, 0.5607107350668338, -0.5114172938027681, 0.4550718971557502, -1.056706637609187, 0.6172678367339013, -0.03984944533408252], [-0.00436020919974727, 0.06648106315215614, 0.057461522833501456, 0.02989014321779843, -0.026105040170716333, 0.0001952262992370389, 0.012545570855146147, 0.02737867804625704, 0.002199686413991581, 0.012401044938307964], [0.6714865224342716, -0.18769091800505616, 1.639221343140097, -0.3260939848844259, -0.542236971807056, -0.8533845236199623, 0.44724061154717565, 0.9891127040614291, 1.2995600467125166, -0.9767933084754914], [-0.07540817498998811, -0.4515886641571177, -0.10125520872175237, 0.49799615161118155, -0.6267472211893357, 0.8666742193848496, -0.5017621331475216, -0.21818802354228817, 0.4079040322416386, 0.19116806247610685], [-0.011267407521315383, -0.020946820028423668, -0.08707854070114135, -0.05838473202167811, 0.05367393467794527, 0.1724447512564189, -0.04118194234738862, -0.024496256018600757, -0.251324528675869, -0.0205839043903795], [-0.021205833916952677, -0.08305600590303316, 0.00946842177986929, 0.003422500115635679, 0.026311550012029693, 0.026839538160574463, 0.06916220378514852, -0.006987330130610093, -0.0013827076565046423, 0.01660270632789852], [0.008961125786004085, -0.17542204363844197, 0.06088957949371342, -0.017137275725906873, -0.08167259797432605, -0.11833244580585695, -0.03136778183862488, -0.11997066394485141, -0.013991804565967212, -0.004457202796015957]])),
    (np.array([0.8228447888328474, 1.362682684369407, 1.2647958440935816, 0.7927935919557451, 0.47305435975929894, 0.34387570133806306, 1.0552150598818706, 0.9512166913564823, 0.3228666878203115, 1.472414503949953]),
     np.array([[-0.211244667578687, -0.012888942430599591, 0.009543616879588919, -0.039224423851815376, -0.001423976219958081, -0.008584411126123242, -0.021906337633128846, 0.0640416581307724, 0.041143976261585606, 0.024404579370806197], [1.4707570973620219, -0.16593903036907925, -0.7586144457680848, 0.18398922645119611, 1.2495124615731987, 0.5426000279109107, -0.32807290746131, -0.08048629972458753, -0.24873599870333185, -0.48472312250026145], [0.2829413291212327, -0.7181169791789124, 0.6381004745126302, 0.15964988829895022, -0.3001896117011275, 0.12637938432197737, -0.20748139441685687, -0.07623272128656862, -0.1808867488935218, -0.015335453356292359], [-0.25643126621388007, 0.047348398196537064, 0.8590236770926892, -0.7375410459865162, 0.17172493393452723, 0.17281236370880418, 0.43751631339207625, 0.24320686138114636, -0.48618295538835493, 0.00272054878729559], [1.127556973036473, 0.155571523793021, -0.02464666250476194, -0.29396774099351064, 0.9423917333806591, -0.06444681164049207, 0.08581902077881463, -0.08918666472973591, 0.2522004305620293, -0.22300187971280208], [-0.08023179006395087, -0.0986835580739583, 1.2930060743012484, -1.1875256327883164, 0.28401428435646286, -0.4829420907161148, 0.05259008730888571, -0.04780837483304762, -0.22151759355484016, -0.067183928680535], [0.30938032292276285, -0.007463322697759356, -0.03530851771774687, 0.016331500867444504, 0.0566369353180851, 0.13845915539065562, -0.0036073471713678313, -0.07649656473320036, 0.06598439454969547, 0.023034018141316604], [0.23451052439937303, 0.17016975428427158, -0.12359436847806185, -0.033179405364606104, -0.27261523362367895, 0.3835884044563479, -0.06354720493275302, 0.4711104248358437, 0.275116508925999, 0.06756633091271616], [-0.031781292173914996, 0.047727790763601737, -0.06417773110033403, -0.054029374681982205, 0.0003364181573829648, -0.08652732001724447, 0.4234950250605858, 0.5507625181231913, -0.2796091731728923, 0.05334780324388827], [0.11337294792180148, 0.03386156949554237, -0.09490173428551242, 0.07759589016294338, 0.28211068093220204, 0.3866247101695055, -0.18413583104549136, -0.14448269083197665, 0.17289159479463762, 0.3413345896164636]]),
     np.array([0.342154714136485, 47.44217874445544, 8.734173248384025, 20.58956940502889, 26.65892803261007, 16.54116838948309, 3.9753448551868877, 9.31816757569337, 19.111592971548152, 5.368336196286573]),
     np.array([[0.0358945703022244, 0.02515292660271593, 0.04093954315796316, -0.005551008720603871, -0.038264437147390536, 0.057107605881356695, 0.01944037612302806, -0.020052457203487594, 0.13425166195095664, -0.0029166927918459658], [3.133565150265911, -10.043913115029843, 2.4750200894675505, 2.016289044412893, 4.405602129626382, -5.399079211048698, -2.0721846048568837, -6.954950714647887, -8.324526329250284, -1.5093187762885163], [-0.6205078147650601, -0.8085436036715185, -0.6419820483455763, -0.3771552268310663, 0.7911523664660794, -1.3209539593575974, 0.723584960312685, -0.21929668114513767, -0.526308159459653, -0.6185032462929341], [-0.8884074762439131, -0.579074115230404, 0.780821708993891, -0.5236285093929574, -2.903270377782295, 3.011148866255367, -0.7877203989787305, -0.2799951432971157, -5.363311648556938, 0.30498870416454427], [1.3310959403822626, 1.5683321624993647, -1.8062397461091086, -0.7396655508522908, -5.611463615623564, -21.449052006981947, -0.22700903145647952, -3.9832930372280706, -1.4162302882105384, 0.4845204641604879], [-1.0611897218102113, 0.36668554292030237, 1.702984295380918, 6.313690392044198, 0.9187011937806561, 2.237615815274807, -1.8915184733974746, 3.903647377891563, -0.3332228924897103, -0.3854987960468559], [-0.27205352261588334, 0.005112461012482617, 0.06017642858238725, 0.4789544094363554, -0.662779849240208, -0.46754579244304306, 0.0960422488239736, 0.2692931013141211, -0.5980872572036044, 0.3890628363697251], [-0.11576498219275777, 0.4624223021994688, -0.4147389177651146, -0.8927783683510563, 1.0622443786752975, 0.15416656068602136, -0.7451354919691981, -0.10116169482922936, -1.143674879494452, -0.3302320819057549], [-5.296205645909676, -1.2951104493114067, -0.03521124062706342, -0.9808474136913853, -9.288487407616989, 7.016266360514487, 0.4912103852079801, 1.0211248513069149, -0.9479784008674869, -0.9469848276594522], [0.013452809961579123, -0.4292073371973662, 0.17938833657459508, 0.7202871045775892, 0.7803058273422715, -0.16768224501699852, -0.05101308648970277, -0.2667394401915678, 0.3995373430404072, -0.3363028930631906]])),
    (np.array([1.1737419746351527, 1.2246732777009532, 1.5469505361422282, 0.9828400233345529, 0.4516937841532096, 0.3185982234387042, 1.4972041904264055, 0.9787723864486518, 0.2954092601705459, 1.333821430171775]),
     np.array([[-0.18564478108583923, -0.014560007175100574, 0.008044064812220263, -0.18074190263171744, 0.05042537560472168, 0.14745500904784056, 0.02475746918849305, -0.07182477841093227, -0.07383804407476795, -0.01244183262502858], [0.05329412053331335, -0.6043194323595595, 0.009647413962845852, 0.005691927352229919, -0.00990424453362998, -0.022106681446922096, 0.014444949671008797, -0.06342638240098067, 0.04376711649387007, 0.03781921112990514], [-0.02980762520951332, -0.09927551645387721, 0.6364503391305177, 0.06713423127279636, -0.06977308450316619, 0.0012860698450208935, 0.10615863553158301, 0.039163112416659616, 0.12520285743211632, -0.020376475158827356], [-0.024273333893491122, -0.04552390342568386, 0.061054123586006634, -0.5323651593531029, 0.21942223529409197, -0.12195400996855578, -0.036999045144479166, -0.006804650737958237, -0.024392815925101518, -0.00985200126008115], [0.16660331545720022, -0.08497494639854013, 0.06502873685694954, 0.08160603829504606, -0.28817355162339775, -0.026505634227888313, -0.004441683883172027, -0.029292004008310373, -0.11395672385981999, 0.0874132807592637], [0.047575315890090036, -0.11462980314909849, 0.666972075063022, -0.5319295237663175, 0.09580807278265434, 0.5283289909690702, 0.10776156366895494, -0.07334528284616972, -0.05219625817397366, 0.009456591742399094], [-0.01980247047687049, -0.06771950607627915, 0.01746316697569091, -0.060369785895675154, -0.012334508224121632, 0.03343088664043327, -0.4380364370457006, -0.011234784564526661, 0.058396925012373264, -0.027508818328235367], [-0.019538354949606936, -0.011932697847978098, 0.03626975336996436, -0.03856643558553987, 0.09029052296814624, 0.06377614790733255, 0.006623931410377857, 0.36177265684425125, -0.04402083693503478, -0.013816177897079923], [0.05459785402384018, -0.046468882004304816, -0.09547924709641188, -0.004365996788195138, -0.005789766286773828, 0.16697057210970512, 0.1049407595917398, 0.11174453776837737, -0.37541728004219227, 0.04132192419049274], [0.027592563339504737, 0.026539593640518347, -0.015884506094569477, -0.012859688842353815, 0.17997914355711772, -0.06180272665024688, 0.022700780239692256, 0.12196705523270154, -0.1164211273105141, -0.2687076329968118]]),
     np.array([2.4259081170024364, 0.06434411215441041, 0.238407505804658, 0.8363404394501346, 2.997312121673573, 8.558642897927912, 0.7020997379529197, 0.7465883235092831, 3.628908073464694, 1.777276834287717]),
     np.array([[0.07699305953537092, -0.04554740596557743, -0.04387655518930216, -0.0849289366712002, 0.07230132786226642, 0.2540970517491916, 0.17240483200760734, -0.10200695450344904, -0.15867903314349932, -0.23012261411293342], [0.026454566666479464, -0.02731038351625258, 0.01719959372403718, -0.004394022183033915, -0.025798680900912484, -0.004447352725480126, -0.019397819709209334, 0.023355036262108872, 0.03819433132073032, 0.016498109772302046], [-0.028955562108292737, 0.025215672438317183, -0.030607944959051496, -0.0674410166919517, 0.018658457523605215, 0.036022185340535605, -0.019487502409051713, -0.030251006532051504, -0.12656489957725434, -0.040755139247751086], [0.10476881694333329, 0.05268427414570416, 0.07387169686094784, -0.009865843809183856, -0.2149872487493933, -0.06338533229091126, -0.022866713400546405, -0.02784621222318487, 0.09522246136265125, 0.06586240020985393], [0.313058684241656, 0.16039385251995458, 0.1247860303005252, 0.48084807693028825, 0.10673218022255113, -0.29256142224162446, 0.43283871047089584, -0.07804017894688974, 0.1808531745901597, -0.12962539908950418], [-0.7405994212740066, -0.10475981056414257, 0.950856508571016, -0.2517084157024046, -0.5688811304110192, -0.43957822689582493, -0.2368554910884464, -0.7517980301592176, -0.121484740899667, -1.0443915994300066], [0.0855130716857607, 0.05347936252656195, -0.033743291875118965, -0.12827528754362927, -0.11256093584304933, -0.1340357278852394, -0.03913632779418023, 0.07435164852460445, -0.009476400534279977, 0.035689279704581876], [-0.027526907230104248, 0.013262750584456756, -0.05701395936582797, 0.06254225182384728, -0.03340452965119091, 0.0647282983673839, -0.03192364300784132, 0.011130591490499369, -0.04905939151844975, -0.103142530068317], [0.5402182288126596, -0.07683813594154337, 0.030345948840497364, -0.4212286820444517, -0.2947959527130689, -0.16147119136729776, 0.7359904260450125, -0.044281420114163764, 0.28552170574967006, 0.3162871875643838], [0.2654227955310327, 0.1519819200238751, 0.028778455898569637, 0.36249088015512304, -0.12482163488658907, 0.15120420276292781, -0.003622507695431302, 0.007864284287265601, 0.10242926927686102, 0.13542348992058112]])),
    (np.array([1.070565899574336, 2.966499672227709, 1.1522895700945188, 0.7733640365531883, 0.5051166500337712, 0.3087371436936203, 1.1447283236794494, 1.0439962421239781, 0.2993842351699255, 1.5056005296813606]),
     np.array([[-0.0652780028526812, 0.07880456514036112, 0.05637373569176731, -0.1890795513476567, 0.0655775394209484, 0.05403806565789314, -0.09715508730722729, 0.004339107814168084, -0.1383356630614853, -0.012903485546258576], [0.024430599982818137, -1.7610983978658197, -0.02134520486050092, -0.011939495680916137, -0.009797974075917204, 0.07151052465431379, -0.029767603031834327, -0.05892620395740348, -0.0633017144913985, -0.04934976177202441], [0.06558082485437042, -0.9004832812067802, 1.0605678020270197, 0.39357164368819475, 0.507082210442716, 0.6682072042085293, -0.10921752332065213, 0.23119635588553314, -0.37524428103296686, 0.05879580967158463], [-0.31874674749057275, -0.2265787977209233, 0.8217609223366361, -0.6954149562530602, 0.34849192857859, 0.15205308453352878, 0.1306163089548754, 0.13623139164498285, -0.6432589761969412, 0.20685617946024018], [0.09153099255205942, 0.0645019587572341, -0.004943503908279544, -0.2093793839734345, 0.16852863013615105, -0.1748236112513264, 0.19557694048832122, -0.04950738301555866, 0.0013294140631752672, 0.055207464188001966], [-0.06038157338476657, -0.13660609201999246, 0.9034300153886058, -0.8624559658480848, 0.03510509939129592, 0.42027407385619364, 0.1428126712610326, 0.1036806307514811, 0.3939394467014427, -0.049690007040832034], [-0.04264861913664879, -0.017302787231607098, 0.07132680860596421, 0.028019572505582468, 0.029398054698204803, -0.030520235535063216, 0.6725626953949188, -0.08393476347172381, 0.061650647728727116, 0.04469753285440223], [-0.02976649960373393, 0.0753033194115964, -0.09925079852893327, 0.1837896582564696, -0.02580127050431765, -0.4660902998816897, -0.04198852380220894, 0.09123352828507683, -0.07366173305079, 0.11199052508945413], [0.11592113560245773, -0.06407849569825687, -0.17141298772781927, 0.07403624486905433, -0.10308506675279815, 0.04966910800564774, 0.29013097529673026, 0.41921551223824277, 0.3421926790680585, -0.03488930751770227], [0.14091022580930326, 0.4773592186674234, 0.09958184392889419, -0.33751155238350733, -0.206463921796085, -0.48901042708275305, -0.3407896755131482, 0.024038655523015692, 0.012187815896931476, 0.9457169167619774]]),
     np.array([3.493699302737904, 0.14354308803409685, 17.36872202215832, 26.964429743928886, 9.825075924067079, 15.548300302985474, 0.3725373308586872, 8.416970180897414, 12.343242028515922, 24.24541076156982]),
     np.array([[0.42629761684610407, -0.14617024681657853, 0.16074458859647914, 0.11146755076759607, -0.762371429853463, -0.0996957930521684, 0.1645899341050103, -0.10188276347187868, 0.19437065044598056, -0.2637173922296054], [0.009855632279034575, -0.0022900190334600606, -0.009441155236085753, -0.0479604571552926, -0.0564794485225959, 0.006573216044788573, 0.005666823819652888, 0.034634851320635346, 0.02381736511515586, 0.015795945276950392], [-1.7189305380581497, 0.834081225483722, 0.49972928072797257, -3.2758179798995593, -0.3926726594893536, -2.5854456252637763, -1.3749182186664333, 0.3698057722007109, -3.2992575791142524, 0.010383577873279974], [-0.29749645296461136, -0.17844850300499326, 1.366834370506302, -2.6437217591288107, -11.918704775471117, 5.18433422399073, -0.0751146612650205, -2.1347255414406514, -3.216843438540797, -2.439051192672458], [1.3743724254755463, 0.016454742072889505, -0.03329499038275875, -0.515809803045698, -2.428757564846516, -3.261991487536523, 0.44410940285460915, -0.479089101076179, 5.521410440814615, -0.44847574741808865], [-4.638831532106379, -2.3064939668160873, 0.08648024574057186, -8.909164127354376, -0.8219457859855314, -2.1306443530025216, 2.5096592335808023, -0.8966254190290779, 7.102612278321004, -0.9426337832485555], [-0.07798508308412676, -0.01851713034238382, -0.038618835336502906, -0.009112058925033898, -0.050575554080526344, 0.008748777311838834, -0.07120931060394697, -0.014419739383151064, -0.12262446637460446, 0.009192410138780834], [0.41645432001830585, 0.9534329219560544, 1.4950125325936705, -1.2023259399035116, -1.3067984704704445, -1.3246868918863277, 0.7009195631579929, -0.055171899884771426, -0.2466384538050361, 0.04768043165845897], [-1.4195273366536574, 0.5766229178354338, -0.006865004279339209, -0.17369991252711212, -5.615815179944496, -12.099239111369942, -1.3582719749615073, -0.6322023939562386, 2.7589587760268697, -1.0193763596598573], [4.0977566545454485, -0.20360949065398457, -0.02425242082591464, -4.288650973668942, -2.7911048353124954, -0.7820002313177672, 0.6233112873867191, 0.3436025650913946, 1.778940766509575, 2.1028539783856295]])),
    (np.array([0.5440136755707669, 1.5257088487599364, 1.03302750791104, 0.8068259499387259, 0.5597082075297481, 0.3028173626864402, 1.745837703182691, 1.0359280235771824, 0.25688657927520986, 1.3027879299666365]),
     np.array([[1.1108812296580568, -0.03566516554585587, -0.023206740177543393, 0.03230290791829483, -0.016954785556686208, -0.011719527023575734, 0.03755844329739682, -0.009318448831085704, -0.01215837124915904, 0.019812420242924327], [0.14752780632946022, -0.7819745667770156, -0.1357291746933263, -0.08185897145411106, 0.1725547175843364, -0.07041904872693026, -0.12358148329065016, -0.10358054357814811, -0.11945318121959021, 0.06615534160335265], [0.005916150503417148, -0.1480258649257568, -0.16718664645766662, 0.10964173668606447, 0.1306984836880048, 0.17206910726981775, 0.0487384652197588, 0.020193130731916257, -0.0013369528093335585, 0.05446309798066949], [-0.004491315382745537, -0.012022822360662506, 0.14365829089330764, -0.23458686619464839, 0.01944301807504806, 0.023656542190832176, -0.12166345583346808, -0.031059097332318996, 0.11326993495402499, 0.06792257276284477], [0.11211198527261818, -0.037937520547596026, -0.059969956585831076, -0.027533363356628236, 0.22677481095636756, 0.03145388733455287, -0.0179482882346096, -0.0016421447233485801, -0.038117399504951986, 0.027145752373082217], [-0.04291975231582437, -0.07434319649415973, 0.4000762705903278, -0.3650308980874597, 0.10993871369242209, -0.3692943455988493, -0.0954049775131791, 0.08351676575294388, -0.08319846913158174, 0.06394795944177244], [-0.0037418463234843865, -0.007066671641653181, -0.04255711033044236, -0.08036642757507201, 0.0364767171219443, 0.14287188602717843, -0.9033913280659275, -0.10251098144037056, 0.01470245207438988, -0.018308091104765372], [0.04167471591756639, 0.04207275622934657, 0.04133493202071614, -0.0736930738558948, 0.04031878147615573, 0.023215517804404485, -0.07113487891070948, 0.9323412469932576, 0.07508996198296009, -0.029742316858327962], [0.0059573861096184665, 0.0804765628630901, -0.04409712864064767, 0.06498314013532687, -0.09805818532808477, 0.22804943248750903, 0.17946309289176854, 0.19051391866305664, -0.5824167345466639, -0.009843379213368579], [0.02791038921463138, 0.029726442188915354, -0.06919149653123403, -0.012975943844722925, 0.1867335146211033, 0.028517164791959215, -0.02788341772573204, 0.03533193790329083, 0.1995504266813863, 0.4536495516845531]]),
     np.array([0.012180977756100164, 3.2417935580719726, 1.4570258748803635, 2.1194172532080158, 1.5728954035866691, 5.623463076518787, 0.43218179046576166, 0.23992115775251127, 4.06127688287358, 0.6784289754476348]),
     np.array([[-0.019647262538716615, 0.024648255330222118, 0.004266230387786534, -0.02263752026273152, 0.00824131270286426, -0.004413054165824009, -0.020055801644066645, 0.0009048455953573537, 0.04712039850981356, -0.004802291853416271], [-0.36212703319134976, 0.02645704643670908, 0.1476265418473665, 0.11045354062846163, 0.604326987715053, -0.184266653200396, 0.23213751885114384, 0.29360291334996974, -0.3192821908338612, 0.13575499321944798], [0.029848248679789406, 0.18341523374208077, 0.18055666874468587, 0.06051733803088015, 0.036379757127158865, -0.5302830586589855, 0.27519330819970106, 0.04838958331431507, -0.13673710432292857, 0.009032153816537379], [0.11576529381545346, 0.0819471128223091, 0.0944414836361116, -0.18702284932571533, -0.007822463563019383, 0.41694197452332654, 0.004151855777694126, -0.1204377456985743, 0.2481919178184757, 0.036014531928831854], [-0.07623004237211475, -0.042731724418615315, 0.06562109658475626, -0.06602176043692543, -0.12804419717698687, -0.16465751910519866, -0.07162123401766476, 0.1486719422862092, 0.2335347050885515, -0.06978089151820574], [-0.00787572496078719, 0.4322674562719618, 0.3333336375469038, 0.5674754535339891, 0.7095821367197797, 0.01085570249192245, 0.4499959194326835, 0.693145266938426, -0.08515151112611946, -0.3947762605195309], [0.014375458415752775, 0.0107731461447682, -0.010060133862267633, 0.09218467966956179, -0.04060887466582207, -0.005504313107306051, -0.022814509629130196, -0.04552555297526345, 0.18281590208967377, 0.018705327839434283], [0.02780612269597583, -0.04691259870545133, 0.000592704045442118, 0.0073706753853534784, -0.12964276933052968, 0.0007828916964465189, -0.01812286391960157, -0.028319091356945186, -0.04905086573076429, -0.025048600043095347], [0.6649599010171723, 0.059409889796863756, 0.460746842282849, 0.0077579823471259565, 0.9486595261607887, 0.6902539932073716, 0.1891413795980264, 0.5864070397792716, -0.16120212473202994, 0.0308801614694984], [0.07163359439391145, 0.005167522877941375, -0.07866615895531473, 0.1224944802232879, 0.032596157141014236, -0.08960317763095389, 0.03741488464345025, -0.028928772713308192, 0.00880638372363791, -0.11260642802549713]])),
    (np.array([1.0986273517376557, 1.3598066294645905, 1.2182909139930411, 1.9866558088451587, 0.4564343259669086, 0.29230855293821983, 4.603674147663073, 3.774323157542, 0.3037699606815734, 1.3930557252202498]),
     np.array([[-0.40686112468138097, -0.019031626593780198, -0.037850321266232966, -0.11080415711070486, 0.17398842647876148, -0.31687171044668183, -0.055037072739798985, -0.029122888486386903, -0.006013919122480355, -0.048173535401898976], [0.1752942334326649, -0.1718641103037924, 0.0521806835403426, 0.01942139246931441, -0.0500533914797587, 0.014291158630228604, 0.009878769273902082, 0.06419208785717324, -0.2196666907899875, -0.07566997306684864], [-0.030313025108008287, -0.12543048680346464, 0.11027511467335833, 0.09643745427168096, 0.13407694709529847, 0.156478546649448, 0.047131659583316686, 0.016660332120515778, 0.0809676079903698, -0.08635413887804562], [0.00799706729709776, 0.022689117079441937, 0.025885223568044312, -1.3462543516002732, 0.014501166365591846, -0.02078769492885956, -0.029761293995346636, -0.02742205356638608, -0.03982024253532662, 0.03133523226170265], [0.2990514419250999, 0.117198293121854, 0.07219424292893967, -0.19084655410930743, 0.48138967987552544, -0.29639943371420224, 0.13296327571922328, -0.04967292845432048, -0.1456332922716083, 0.015313421475483535], [-0.06297838361821045, -0.07769075065513774, 1.1332022731916194, -0.8532756770506419, -0.18138454413087488, -0.008690862080808557, -0.09868043696005385, 0.15080269487154865, -0.06979319906462389, 0.06776692042515119], [-0.029317177269053845, -0.06181556038235272, 0.027434868656194766, -0.1090333180907013, 0.00875428899729609, -0.02284183356450865, -4.220099145619256, -0.01799159004434519, -0.11967450370578098, -0.02354309209526633], [0.0030957892296433337, -0.026986862040117174, -0.0072829478539360604, -0.02452999485296733, -0.09877403605965523, -0.08057177169793515, 0.020767389422478133, -3.4554632212689933, -0.11485146792694344, -0.027959018576518526], [0.09992776627658147, -0.11218015722589653, -0.027522273642244993, -0.03163375380853536, -0.1334866807780682, 0.14729334463268762, 0.17065338093206006, 0.29961040720042265, 0.029483377864214535, -0.005403874613663215], [0.07479419463743264, -0.019010995789732674, -0.10922315290363263, 0.012187192907703615, -0.11145252482580201, 0.07945365762649559, 0.07329944308922348, -0.01848067572379201, -0.03400723574973929, 0.1583195574666255]]),
     np.array([3.2456433201384254, 1.3463896954384391, 1.7404916092650944, 6.799296889688273e-09, 7.628694943872491, 16.94955956679382, 0.09020581329087107, 0.08459884528673141, 7.251178275506196, 0.38446565661000787]),
     np.array([[0.04331981850895886, 0.06773333462300472, 0.42441875162837955, -0.13123615082593862, 0.29497850348651355, -0.5522065435091787, -0.11742369866545664, -0.07478139844623934, 0.02497221876878119, 0.12471946141462432], [0.15410970336051963, -0.07581163570972858, -0.1696719504279981, 0.24393119875343217, -0.053480760538338695, 0.588223394097235, -0.10265917352848408, 0.018127466766035424, -0.3017975999415077, 0.04536070212095097], [-0.10220356071091075, -0.11551108512395575, -0.18562364723659464, 0.37137594105967575, -0.11079952865901338, -0.41471851377852864, -0.20816310154007628, 0.21177093494578433, -0.06621769650923205, -0.03410177486822686], [-0.005278239491156893, 0.011663624117638023, -0.004581911934027557, -0.018298462550465123, 0.012642735445630918, -0.004993198875888554, -0.015127353528613309, 0.009226259312486764, -0.00916385599097861, 0.010371575873787453], [0.8287253201312281, -0.30641802473089547, -0.010549108777229406, 0.12995596755401176, -0.9439793897952592, 2.5354421150930064, -0.38704666623086315, 0.18672393978395327, -1.803563403810171, -0.2704729717092219], [2.9898735027467307, -1.5865097848799536, 1.963712738719041, -3.2871852256127356, -0.3623191779036001, -0.8116930893024169, -0.9525435040929493, -0.7799997053680722, 2.3551526633212023, -2.6284618477875177], [-0.0026245598325539514, 0.023211453914879967, 0.019562727909892354, 0.009921977265813687, -0.0025007596523120975, -0.01180685099958617, -0.02928399679241129, 0.03676236238830577, 0.006520315565383956, 0.001049874405775612], [-0.003224564393361728, 0.009105905366166882, 0.015698429383330662, 0.025462368781245828, 0.031179925551243527, 0.015071315158134911, 0.009625939690441194, -0.019721361562128954, 0.024122853572079904, -0.006127714911327462], [0.06523865503285448, -0.2125942016158267, 0.2210272697101737, -0.6738748830556649, 1.3741276402327607, 0.33697848227827626, 0.21016921892344845, -0.09873831119396054, -1.5191382693472455, -0.09495704357109001], [0.053546613925653935, 0.037549241813023916, 0.01131595420639897, -0.02160282109401319, 0.02890480536675412, 0.1130737651042937, -0.07094711634204726, -0.03087710962316158, 0.11236183341845593, -0.04068627894468862]])),
    (np.array([0.9827132297574228, 1.3414018589800165, 1.1387293369266145, 0.9148062850561717, 0.4852609758199788, 0.2795039072031182, 1.0671381599340628, 0.8712664668719047, 0.2524320370170488, 1.3668487433851801]),
     np.array([[0.44198178018886136, -0.00435908518605231, 0.004915092413489951, -0.11209443924389856, 0.050637188471319934, -0.07960538726827848, 0.009796337731586799, 0.03257967491865781, -0.022880616821982454, 0.02006620554806731], [0.08693994018082815, 0.10607777098173089, 0.021343705980362695, -0.05227627513868717, -0.06127585778944795, 0.08332886828613088, -0.0779689549797156, -0.03252585221733792, 0.16977583715584946, -0.014985676250820442], [0.07136498402367163, -0.13603090082281008, -0.0031707451455015197, 0.09791584664998935, 0.015078828091690605, -0.13053044980923278, -0.03559547397574611, 0.016629761791411884, 0.10810003940715963, 0.04814330756218743], [-0.05349784982751465, -0.07246513738341857, 0.04247095340029188, -0.3209694618359939, -0.09056804872876698, 0.05545061975816649, -0.02277003671662816, -0.03478548414432359, -0.025456311177558023, 0.0832777688084124], [0.13076693244654794, -0.02404324895028473, 0.07300605911530395, -0.0896623970840218, 0.02558192338585806, -0.016035177188493708, -0.018421167755599186, 0.008894676397373971, 0.09611901920471033, -0.03201175740116078], [0.010248036020012938, -0.06183963114180418, 0.44112425546803324, -0.4496574046053788, 0.09407779835972183, 1.5161529975891552, -0.018734740365157453, 0.10643088352302568, 0.036849840674698466, 0.003774907596171319], [-0.04234716519037811, 0.018157977270018635, -0.002684425604495253, -0.007490228963498588, 0.04243069125711565, 0.20731993496264284, -0.22633718091693805, -0.026678834072432364, -0.08077094851186994, 0.06748911195395231], [-0.06379608487052131, 0.03751309307702099, -0.0041550168894564305, -0.11723484892156347, 0.0600472646725209, 0.05856050734495811, 0.009398243350050175, 0.5539624903730231, 0.04304374294622242, 0.0356720629755404], [-0.028947597871256073, -0.03782951073134806, 0.0347307787489464, 0.06089674339271787, -0.06308298404942636, 0.07199437785467747, 0.02921233637652696, 0.06506103904681255, 0.2639840986149265, 0.034148322345271834], [-0.07410524617857416, 0.008707533748723231, 0.05198922116097294, 0.10683376040758098, 0.06421695457907105, 0.1835063417211808, -0.07603576962138038, -0.08744421167515921, -0.08158399664813874, 0.37571849836767707]]),
     np.array([1.1946692272971893, 1.4443981123837135, 1.3608227943614088, 0.8789403622301079, 1.142155584698438, 4.435154164598487, 0.9154370554636555, 0.8524844375080306, 1.4527891203904921, 1e-15]),
     np.array([[0.0471567608504531, -0.09484995977178937, 0.04836165461009095, 0.07148837321359165, -0.10585198674312049, -0.160031258941821, -0.00887474932513784, -0.036393234593936966, -0.40550709117112255, -0.0977459452148468], [0.0849709460209579, -0.17999801962829737, 0.09769960888061681, 0.039281779984537586, -0.16331058165677956, -0.30094766483626517, 0.19123953438706703, -0.01126476848033909, -0.11366797128106343, -0.10338637416427182], [-0.0013672907397114797, 0.03179977039807816, -0.06834666735336621, -0.11379087125231441, -0.004934078077488918, 0.566731544627427, 0.10592191911489436, -0.013557108043416533, 0.12313501246203802, 0.053972999160791554], [0.09170379854994884, 0.04392573651187483, -0.036092398393680364, 0.08477140660247794, -0.006314285879577842, -0.012058675518881509, -0.004602899136327161, -0.022533097959563788, 0.008869921710985664, 0.021824972121920947], [0.04473770129818983, -0.044968597868521074, -0.007564615232341139, 0.060647317759129585, 0.03569801747702266, -0.02218773334338511, -0.03840918654412945, 0.039972687990930976, -0.041815575931839585, -0.0029296529379877834], [-0.08140673325963207, -0.594790967120222, -0.2567828933464983, -0.13684770729356163, -0.8574796485747744, -0.315130101698601, -0.3705585827820943, -0.5212394105520896, -0.4825273827997099, -0.5115451806860212], [0.023777459904111634, 0.005418580510446669, 0.11683387718878385, 0.06637847522555648, 0.0057641792037325295, 0.056841307943458416, -0.12729595644066877, 0.019432797356542186, 0.03611175231144104, -0.005236766529681551], [-0.03427363537763954, 0.04740039600956383, -0.013388616220344103, -0.11861091815343343, -0.05555399130580673, -0.13919049500555167, 0.041811065362067065, -0.033779026552167246, 0.1000193447747816, -0.09148212588959564], [-0.034994027349425236, 0.1564244473525753, -0.009896969516606948, 0.010678798260428458, -0.1368992541572923, -0.0720363082939444, -0.03673612044253587, -0.009215788178360038, -0.43091925134872133, -0.07122535509399877], [-0.005697804765043416, 0.018047478977590275, 0.010696474621965305, -0.00869241093850142, -0.011836715090382269, 0.0020715402532960965, 0.007897010905479614, 0.004327852059249212, 0.012708917891139732, -0.02321229026694925]])),
    (np.array([0.9945528892163008, 1.3327695653133822, 1.2049797676639729, 0.8567059797081087, 0.47577337387911434, 0.2972561761627538, 1.1999500352812067, 0.9795521122418704, 0.30926703979627074, 1.5019630935171968]),
     np.array([[0.59639469430201, -0.0056800188800492915, -0.02220848157342944, -0.47571980187211355, 0.08509046389345325, 1.5645099784658227, 0.5096048401378315, 0.07498078109032015, -0.24759382688296394, -0.12631975509737783], [0.22762873001792558, -0.05254192328668983, -0.12054519992667559, -0.017828520450608863, 0.05157279582143171, 0.13494456665522994, -0.041895064293841044, 0.0196564398841991, -0.007110271795340639, -0.13332744066553995], [0.20312309055727898, -0.7951401773340183, 0.336433695679601, 0.12641533711376762, -0.007872923254209923, 0.22786647431495918, 0.1872370710586172, -0.10542351510968367, -0.10259714554373447, -0.08511631230787421], [-0.09000803384773835, -0.053052059495932044, 1.0791403134782065, -1.4120125319625936, 0.1551336113043181, -0.21877301337686014, 0.02122934287726656, -0.3905231602524274, -0.07437102306950849, -0.07267002614939269], [0.3393352360537694, 0.1598897925934213, 0.15316978787583083, -0.4410428840289271, 0.7032918909594944, -0.16225903265318964, 0.15244061215037552, -0.026657119135898, 0.617617899528012, -0.014614400917033608], [-0.35794354727060257, -0.1643471117039993, 1.604782222350383, -2.4987657430446726, 0.3209330158588684, 0.00017991605409136045, 0.14291556938085315, 0.20042026197439242, 0.10849526583610047, 0.10239333796098811], [0.004372198152343418, -0.0166271325056282, -0.026122299519011967, 0.09893709662788003, -0.4073896450454314, 1.1807329996762586, -0.574780252252148, -0.4404684028819525, -0.08982937467887918, 0.09217921425466492], [-0.1237799360951655, -0.22235479595145627, 0.08254836933526218, 0.10748689601583063, 0.214840861317482, 0.1000314640489605, 0.04240330843957136, 0.4756904287613168, -0.2788586649555865, -0.04044505626729639], [-0.079497418436159, -0.0128551205011348, -0.056251471594698246, 0.12493553249000809, -0.06715617739968224, 0.29959756657637365, 0.12439234518655322, 0.37648972112675994, -0.8079260914383503, 0.055046953537394944], [-0.15343615346780065, 0.24375937541897144, -0.4561628190559345, 0.12041499432579561, -0.448756421419398, -0.01941664965732524, 0.14732215985290378, 0.1455330843619101, -0.2100228384758493, 2.047053007356062]]),
     np.array([28.65683260016886, 4.605290351649979, 14.3102834843458, 39.81335546250637, 14.589887459129482, 22.881459253138154, 23.01769845498956, 10.31236504278134, 8.069137479321197, 65.34681095259714]),
     np.array([[-1.732488112469549, 0.833640753633581, -1.1820088465172405, 0.5497874218649502, -5.288383531243669, 3.3090663570069583, 0.14544132768076729, 1.3367793694767258, 4.450957727568165, -3.116480254455772], [-0.25348810987181347, 0.0005079926027328414, 0.755541476294998, -0.13468435808656887, 0.3810978472451671, -0.15777052785149656, -0.4038472529589766, 0.5226228650286617, -1.4879156105240765, -0.07243272984357678], [0.6053165253916581, 0.23426585694446317, -0.8010023897727082, 0.48091580965995107, 1.263761750550319, -2.8151024403151497, 0.2710777166728121, 0.4449273557173525, 0.9231067084346591, 0.41368172984154716], [0.2325365650126594, -16.19069467026156, 3.993250532099907, -16.92766085861752, 2.086969802277015, -12.572025585204868, 2.7592809717765756, -0.9457967828501231, -2.232407118955497, -1.195890333451295], [0.8800643496899336, 0.024792654325886964, -2.29305415433917, 1.1007067860844588, 0.2429722032480308, -2.7770843657501025, 0.5170969207927546, -1.666357847322542, -1.5967016502623175, 1.3126456020068888], [1.6621578231161953, -0.4990385401169671, 2.7011891642435475, 13.807833517401262, -6.387964453948234, 4.36720371635291, -1.8959996243937478, -1.428016607980269, 1.192317912689378, -1.7646893139461328], [1.39601564871668, 2.092520804911806, -1.0496114915819323, -1.2890752118337012, -32.09030430600951, 1.7407588119538313, 0.5518511789760003, 1.885942205300914, 1.87610840942807, -1.7089265170278052], [0.5551940961727131, -0.274766079711118, -1.3601259269318309, 0.017510986090224983, -0.08918094542610454, 3.5548325808282724, 0.9793466279174182, 0.004848999010270509, 2.5020102275932197, 0.6712443396740109], [-0.9342898476228769, 0.22028036835260084, 0.667756566466351, 0.24277926513508472, -0.028551661663627957, 0.6200521152989137, 1.3985619001245406, 0.7665456518958764, 0.22842907954183875, 0.12959565196560005], [-2.3547409695940122, -3.7640387045319716, 14.731665109280463, 7.988015504438127, -14.382122429309081, -17.448814807975864, -5.562316427117294, -8.445020002785125, 29.108934028129077, 0.5491209441709195]])),
    (np.array([0.9254138603445311, 1.7039666367589799, 1.3766406512406362, 0.9266525610257241, 0.5236278180089727, 0.17663164090886393, 1.3592140107062527, 0.9427583815745512, 0.2675701523675134, 2.2818612216255936]),
     np.array([[-0.2816114446323692, 0.05483632220051275, -0.09253425379340496, -0.020172834121069162, -0.040109082748872316, 0.21299501128071913, 0.007772476092768925, 0.05203301898748131, -0.1357433465987136, 0.008178305747415548], [0.041613661229309935, -0.9909730737829322, -0.07704402126080519, 0.08863003932171588, 0.07060094627289068, 0.1864595227528198, -0.1889078263652024, -0.04947905896177365, -0.24403396738912417, -0.01693172398355905], [0.09138883095549666, -0.14177793961674043, -0.1571559718977183, -0.055894313073784535, -0.08075641830993927, 0.018111680828944675, -0.07817463665393286, 0.01804849585957397, -0.2083523412897633, -0.026687903836051935], [-0.07733854592534234, -0.06309394228618144, 0.027512585020781393, 0.1042895707859177, 0.01444744671956114, 0.09502010965444038, -0.026502680521237557, 0.055665135929010165, -0.0348712559584779, -0.009417770359856189], [0.10817943774926973, -0.017836080068668828, -0.009960862821107244, -0.062422208098173615, 0.382108577112358, 0.07204444668062952, 0.03283692380973528, -0.028395568962226572, -0.09802231397365616, 0.036012085207004954], [0.017727900207666417, 0.023324082961940447, 0.34951039494711605, -0.1713041922456192, 0.03580194703969992, 0.4687841854408372, 0.055755575330621275, 0.0037670885321509796, -0.09232125416973368, 0.03180077696391759], [-0.07498023528105456, -0.03244736687552379, -0.03159300363458909, 0.13122235654801187, 0.039338791293979665, 0.17808776410150018, -0.76897560195243, -0.07489579067828593, -0.22164239444060096, -0.06300269978409873], [0.06539421045186174, -0.003492220680101317, 0.015985784924090956, -0.019965732193705243, -0.12407578527868368, 0.07687770184183233, -0.05789669001770478, 0.4841560607892824, 0.03921763653570424, -0.020203220762194496], [-0.0006691982827592702, 0.005231148071375152, 0.005488733054521476, -0.02894201409990379, -0.05939451589631367, 0.07983586402112042, 0.0896389393324199, 0.07915340960030666, 0.1646221371555822, 0.005361603959041588], [0.05705927408807152, -0.04030699266808194, 0.04641232112627858, 0.0011291381054351274, -0.012778922632492104, -0.1008467502483993, 0.04776164309647841, -0.06374006503770396, -0.03690147996245998, 0.09472423325160538]]),
     np.array([1.631422166023801, 1.3668624705375938, 1.5255935478391918, 1.444607694865703, 1.7611544878807155, 2.460946291769418, 1.2679574605030504, 1.2920328248448358, 1.5680551897029695, 0.004765432118467108]),
     np.array([[-0.024958297146440933, 0.045109633728996165, 0.02852349909411847, -0.016576109850113204, 0.21035249001442036, 0.3071418661000977, 0.13885514804105825, 0.14481675433185945, -0.09875620181053338, 0.07744981481324782], [0.04162829297981104, -0.03930191863051239, 0.11117452494975807, 0.23146818743443806, 0.07519342906197367, -0.41800293289879786, -0.0076650948315306125, 0.14258913211237728, 0.30240516427377817, 0.06171279903104929], [0.1346781351069995, 0.006041110558114754, -0.005751366992647361, 0.02077049344677393, 0.04215916253379629, 0.1459223920614752, -0.0016040439266171722, 0.1295400571953368, -0.1086295437181055, -0.0459003014793755], [0.12629922135377292, -0.014643479621071619, -0.17912315022898248, -0.2671984090610072, -0.21740414763973587, -0.05895521574707031, 0.21357702060208938, -0.0054603623271669505, 0.03684099669738233, -0.09910974089514757], [-0.07965828622740317, -0.08519319298057182, 0.042908873966695155, 0.12639369024881691, -0.23582350822955184, -0.3577485573375767, -0.0801098767755644, -0.12949637258458765, -0.05087012232972834, -0.10530650045140559], [-0.09699787907113556, 0.08052808462604863, 0.025349057599189154, 0.06454681830524375, -0.03385708006401336, -0.6996219915026818, -0.12566147938215064, -0.15321480183033914, -0.348644202048546, -0.029162747972062246], [0.053707367703169015, 0.11968522826857492, 0.06716739631189741, 0.20160814149398204, -0.03488926170926904, 0.00911713568285748, 0.03306803228731304, -0.011542896509122767, 0.021369771847352097, 0.011372041887984853], [-0.04695948062295571, -0.08632602716196375, 0.006903081546953672, -0.17370233912994892, 0.23784287927754608, 0.06841555654777005, -0.10584322497663964, -0.08138101003875481, 0.06366414022107882, -0.029030122452923548], [0.09402485233728029, 0.04220563711041266, -0.07888256360493912, -0.19821913202660038, 0.08072141360633359, -0.11929628074026667, -0.018466923371411842, 0.1374577887687602, -0.18107907311683463, -0.16859901256948542], [0.0035887955485038227, 0.013757397987021422, -0.0026445217266643766, 0.01878217077823289, 0.00012602682369865602, -0.0300772165390129, 0.003252850224650597, 0.00539516146811572, -0.01706592162952608, -0.020073099340674704]])),
    (np.array([0.9276782280484294, 1.241171270107743, 1.1883483447536762, 0.880464227960305, 0.46224492754367774, 0.2888353995104144, 1.0893861881815519, 0.9557862022100931, 0.24417737288022848, 1.5404812420296807]),
     np.array([[0.4474269746946261, 0.09591690934413913, -0.023516717823191955, -0.10996788389467359, -0.012500556681974162, 0.191922054136081, 0.08918908923914766, -0.09720081349565492, 0.047953824980935325, 0.09591896748843629], [1.2057374929639495, -0.7400536951072146, 0.38286820243886743, 0.7841195900976803, 0.133668377319904, -0.19150673642871618, -0.22960130542681773, -0.25636130468088997, -0.42431318658039596, -0.0074859625536968155], [0.020879548781855196, -0.18400278199967668, 0.14307732272267185, -0.09851538813943589, -0.012191630324395512, 0.44176567128148914, -0.153288688889714, 0.07431103214764748, -0.09925750479627947, 0.08956380811772652], [-0.21437895108611255, -0.15454833123355602, 0.2933890968728059, -0.30015119729423084, 0.07907469622413897, -0.23380808406631595, -0.13363939187450954, 0.1404745592634897, 0.044187067001430526, -0.0283706311410224], [0.5968648009234968, 0.0175471850486748, 0.0285391815048449, -0.3895748923212438, 1.0036539868985757, 0.4722678325018803, -0.04317688242671826, 0.15180824310566352, 0.11041444950804807, 0.12382792773449183], [0.058873386454407754, -0.2522776487705893, 2.20110943581109, -2.2442972086919237, 0.1756634865911382, 0.44595518318131655, -0.03921243918987328, 0.02163978728297205, 0.026944026359572944, -0.06707191234269842], [-0.031965919652066306, 0.015213503128726599, 0.0021309596411337225, -0.018539215519467175, 0.08030723467640236, -0.03341893477107944, 0.20053820405266198, -0.006486176289636321, 0.015314743001602805, -0.023803070844332464], [-0.1477255635011024, 0.1808933224457121, 0.0929129797579952, 0.03987601305433109, -0.12688510246561988, -0.5110019290763651, -0.07983351446135688, 0.5865498704694849, 0.22838046749752955, 0.1300163276064938], [-0.0020488772034543638, 0.01883352886698514, 0.12327821286802038, 0.05237011448273354, -0.21419986216058776, 0.1514348642997437, 0.29199404178591376, 0.3540696004263924, -0.8666044509671135, 0.06680239418615182], [-0.11791831466138848, -0.14243603588924497, -0.10265461199301189, 0.2676778191481433, 0.06521281721903603, -0.20652830244919804, -0.06532623882128485, -0.00036644268175849636, 0.16928052511590783, -0.2393939859305341]]),
     np.array([4.180699805361308, 14.72680223954136, 2.7543007599238996, 9.260980154267653, 12.112292913941037, 30.93246420108486, 1e-15, 8.610469958752223, 10.360496493029215, 2.7703736432604744]),
     np.array([[0.0035693295664906864, -0.3507250233131639, -0.5133475724374621, 0.25013862926571107, -0.3030463697549304, 0.1864474881473708, -0.46452580138058797, -0.07975325629721444, 0.12838640732018058, 0.10173342475852293], [2.4865036921156567, -0.6716476623779573, -0.915435376815204, -0.9019042823648757, 2.6010100774172815, -0.6119034537575526, 0.40612044108288525, 0.3767909880651182, 1.386201635863715, 1.6240118168984348], [-0.006146077051628722, -0.18226300848070348, 0.2072351101363672, -0.17508821912237443, 0.3544139075923566, -0.34348876499951136, 0.218401011238086, 0.16172851461137688, -0.540714064738983, 0.002494857925933769], [0.604359284181896, -0.1015040162212328, 0.2892807351552549, -0.19694401517993984, -0.5588439284499667, -0.09930055322911775, 0.37244610854119126, -0.5473249242443131, -0.5659469066743685, -0.777535587694345], [0.409002603846667, -0.3006147372880413, -0.2535908396658878, 0.8153037283884476, -0.5828246961489612, -0.2450603761127815, -0.11594410570637873, 0.4325524888072442, 2.2249679095854256, -1.1998500559003467], [-1.8876541954683368, -7.494973501314526, 1.4379695542850033, 3.9566984460154235, -0.09456604036865501, -4.292983917773598, -1.1717936445280033, 1.8417868205800834, -0.8961526782433809, -1.1238966800620782], [0.008495682796475511, -0.00445623285925553, 0.011341181048972061, -0.0025752459302214514, -0.015811858483404797, -0.021246477313803594, -0.018469649040681196, 0.007344026234062804, -0.008000911599067245, 0.011342536810100431], [0.5257611884535618, -0.7764750540640519, 0.3249260817580821, 1.5698909616485723, -0.48504175384132986, -0.08482809014771737, -0.10149481194595322, -0.01710292426448213, -0.05738271411776378, 0.5867579795052421], [0.9829778300411476, -0.014627495838557894, 1.6208479537158176, -0.3232690704148889, 2.551018882116875, 0.8341078642885774, 1.4903166268386028, -0.4039764891168191, -0.7083463356155112, -0.12299366042657082], [-0.4037595549210396, 0.49654541757992476, 0.08544915481847237, 0.048766501266627266, 0.09236887939919439, 0.1428812965326858, -0.04451374837841141, 0.28947690042414626, 0.14320514007547494, 0.16104291554610356]])),
    (np.array([0.9514641401064422, 0.814308570393935, 1.148410277378413, 0.8286132154281382, 0.5670758613224938, 0.327872044932006, 1.1578578112231, 1.0735781641725395, 0.30477099963688253, 1.5762070308579588]),
     np.array([[-0.49609491522990135, 0.09324258320124049, 0.04325059724677492, -0.032904134514044454, -0.17364571335476184, -0.05181843008482226, 0.06013008235296398, 0.014915725800854648, 0.15967045581606557, -0.023236043902236103], [0.0497439017539828, 0.9326636717036628, -0.029236214809441455, -0.006471728994022112, 0.08907131313676492, 0.1256423577810554, -0.002926534903152589, 0.016811154487267513, 0.13049389959412894, 0.03684368784767758], [0.6991924499515283, -1.1647685383223383, 0.7318888002371223, 0.7423781472895006, 0.01893131733045877, 0.7256643380310683, 0.1439099266801716, 0.2017817622421787, -0.26256738395416535, 0.3022416731502612], [-0.5560763375205249, 0.46992580337590684, 0.5743725201217814, -0.534175153032994, 0.009400624129886823, -0.5304953467767628, 0.14634652283148442, 0.008930409271774856, 0.19979797977397962, -0.22447958826577966], [0.008898178105352475, -0.017037897121548986, -0.038432134588150015, 0.03755608050389768, 0.3599112608259918, -0.02535275521502415, 0.003702410979441106, -0.012339795134653782, 0.01275136079046104, 0.00817667777228079], [0.0013785151527458124, -0.08738016106812888, 0.850990842060634, -0.7613750943985971, -0.20244889757707477, -0.13253424046136694, -0.01678442407047805, -0.1156294093357009, 0.13912276868703174, -0.0030653071238349486], [-0.03966972800709299, 0.061072571977600375, -0.09604742741917488, 0.04776961298851063, 0.1629248752646266, 0.09232927324313214, 0.3034845111205624, 0.029289726004153697, 0.04478747306629594, -0.04024657853684469], [0.041541190218067764, -0.0805835631615307, 0.022137732970097357, 0.02954751655228832, 0.11665760846753147, 0.27004057597983083, -0.07419173500344517, 0.04362482510923576, -0.18413807087235293, -0.009504801105277157], [0.07380515225461276, 0.025424115488882015, 0.030781617862460836, 0.016960881983878667, 0.029918063185238788, -0.06676093955848254, 0.21166706809036154, 0.6630727610990117, -0.2878554434007225, -0.02823047000792087], [0.04866121875860445, 0.06947084997970092, -0.07860183738458242, -0.05237414081555175, 0.10690758118135413, 0.012550887540017649, -0.19939684925036372, -0.08476425955532682, 0.08255814683428561, -0.3062490175775641]]),
     np.array([1.959014554603235, 0.5038459255855068, 25.506244495547005, 19.18415737800946, 0.250901725216507, 11.193416529597854, 0.6949386033375284, 2.051737155369678, 17.256759009352564, 4.07980206375132]),
     np.array([[0.04764167003702051, 0.07305860701594857, 0.1225369888083691, 0.07148549149982213, 0.07245888131706522, 0.20516586018318902, 0.1839764662656176, -0.0026565912567383587, 0.036490509029594505, 0.10224975630242263], [-0.06823688912642405, -0.05745844266750035, -0.02196628197527973, 0.08968241341680115, -0.0481307439468823, -0.035143738265937155, -0.08295316116688006, 0.0061712565727407975, 0.11156630100062895, -0.0048595630659499685], [-1.5946406841662988, -0.6132774904555067, 1.7531498068171643, 1.010772190520662, -2.3163024096275158, 3.53797232153843, -2.1310308133357196, 3.405580929541615, 0.120865436259091, 1.6669005452868655], [0.3658269845071024, 1.9805929390739268, 0.6800572805502746, -4.139162878780523, 3.0187425452100496, 1.708734907356552, -2.000378997579171, -1.8516031747627435, -7.921470440781142, 0.3057663665090592], [-0.04790009103789665, 0.0048250505359246024, 0.01620123596175339, 0.06655016727561762, -0.0207754012686634, 0.028290613839634576, -0.010734227174571741, -0.026328941028991987, -0.04495132034160973, -0.03908530021734619], [1.1885883455473185, 2.700213039527759, 1.9715945078053825, -2.97516230927701, -0.8850694534248271, -2.1437258914970037, -1.3829547612358677, 1.564077828702272, 2.7902385397767255, -0.5149226364720293], [-0.046700409908448155, -0.051239392241498524, 0.03140703306218191, -0.13352205988030977, -0.08601957519650681, 0.09565737412213098, -0.004490668748637457, -0.1631479847589483, -0.05979987806024655, 0.048142429795117604], [-0.17578510226233007, -0.2739554422062547, 0.11212752140759369, 0.18973185172872561, -0.0712495256522626, 0.053950627393719176, 0.2141177357383147, -0.08973530072151958, 0.02750792822391428, -0.02425701893976163], [-3.466545131602606, 0.3951603954564126, 1.732733383869554, -1.867579626121448, -5.131228516416499, -1.444669645018189, 2.4244243406521773, 1.6161651873281586, -7.952351221730456, -0.29027371537451424], [0.22529588471788187, 0.4155813824661898, 0.6103870921606742, 0.06582387526086857, -0.8694915907616593, -0.26054009529918487, 0.1973218714242077, 0.5789840148816038, 0.3232040735238507, -0.05764705907882679]])),
    (np.array([0.9380469124158048, 1.3059059007527827, 1.1587196770785153, 0.8259716047138266, 0.5599190735274658, 0.25415377623430274, 1.3648226649115038, 1.6894761287366638, 0.24082980710313076, 1.6841379525336426]),
     np.array([[0.03789786383662874, 0.20276231270602807, 0.3572298470980058, -0.6818946712769027, 0.0028341746191657474, 0.8515857757353573, -0.15739583629849424, 0.3046859923526788, 0.22190946025850372, -0.055839640438465725], [0.6955340109956349, -0.18192370752622397, -0.15036743300985228, 0.2592853519184387, 0.0029302538448940183, -0.4644829390678811, 0.040302293865287664, 0.20530006077436364, 0.15181177808546972, -0.11209461780665464], [0.08924553243688742, -0.9801560819341812, 0.8502476119077613, -0.06244528128683193, 0.013613217654656748, 0.2590278609631311, 0.31515158247030334, 0.06895806073857878, 0.27414228925573747, -0.17665449547316409], [0.0006212887854842632, -0.000888872442110253, 0.022129418580539253, 0.08346395851173831, 0.12146627512371097, 0.029213779071480712, 0.06922692995287072, -0.060001225005284035, 0.07101506918587303, -0.04037621009897059], [0.0695656223201049, -0.06600140095492361, 0.07218319874408284, 0.006833147052631726, -0.44109974246396316, -0.02493990585541699, -0.07018747422160387, -0.02295931950666367, -0.1841436455009051, -0.0021867577989857284], [0.0007426623133699857, -0.04687174192135773, 0.7066113869052671, -0.41622231498839657, 0.05654612291636579, 0.27622176708977225, 0.07654355942706019, -0.0062133624464950155, 0.10929315541014782, 0.004065005738881528], [-0.029480911725526675, 0.0675563744047443, 0.049381810960488125, -0.08356756523348981, -0.028387602306863192, -0.10190561125804898, 0.015093963499161298, -0.09364624573265966, 0.004401020624405121, -0.10197849229176362], [-0.020003175736361414, 0.012697845708966485, -0.03417595428443101, 0.014723712717589495, -0.05928210238775742, -0.008447363043369297, -0.0011214899981537563, -0.4289066484273188, -0.022777692254606432, -0.05507719607805452], [-0.008697393223931045, 0.014281081701154111, -0.009570929596624134, -0.014764191863474609, -0.019933896770350592, 0.08811282562614951, 0.02795209687651088, 0.05343999779907491, 0.13107456505994014, -0.0014512496287595437], [-0.046955773490060644, -0.005064503468623838, 0.09633186438758301, -0.032602874784227624, 0.0788496252187664, -0.08165002848743101, -0.07369253877442915, -0.06948838005381233, -0.01526991837924026, -0.1441850067231875]]),
     np.array([31.116644199902805, 22.785728119155102, 27.01362207685829, 0.45699967346924175, 3.1346859525015285, 8.661299496061151, 1.2579804672439436, 0.29600227727769673, 0.6513887889891655, 0.3201543036449803]),
     np.array([[-1.840750119615269, -0.22596703003707982, 1.825463573722369, 1.8198493737773744, -11.87459839372428, -21.60443055802892, -2.0546457040292907, 5.3196397220789615, -3.149134349459175, 5.862454424910764], [-2.260608994659054, -2.8990017419922807, -1.3358297858119075, -1.457625226054886, -0.4329256847344936, -20.125238620195532, 0.11802182343145418, 1.3712625308100932, -1.9122553942245308, 0.41039485580592483], [0.49744937038314757, -5.2913488611664, 1.2189308392152494, 1.5245147627876854, 3.342961302115522, 1.4248746579590539, 0.2226642399209982, 3.0787378962023606, 1.801751574149556, -3.80767246337197], [0.07628916256385561, 0.015076752952076642, -0.04314498128171712, -0.0017820371259061668, 0.1376866851771004, 0.023427923305406363, -0.00685625144836176, -0.07786928628081768, -0.07655389405986694, -0.06432972490133322], [0.2359846901634344, -0.1832787491543562, 0.021360730266271, 0.5881131008294113, -1.0091503313681538, 0.11530516343639534, 0.19795911738504335, 0.27002085028962697, 0.2707058469623074, -0.07215074693365377], [-3.321668940278592, -0.31820068884285424, 0.9908385826523051, -0.9427091092869603, -0.3383174858537913, 0.433453182101862, 0.1652849343906592, 0.0029825904466828403, -1.783481878992034, -0.4256531130817805], [0.07110345751294862, 0.00467788191618909, 0.11901600251360742, -0.019937411232419995, -0.21750335819036246, 0.1214395931799219, -0.17589184824706422, -0.07399035453382619, 0.03827658376492295, -0.1559909148537649], [-0.02944115224548672, 0.03404822221276848, 0.053889368897718365, -0.0016472146309366954, -0.0871786433480726, 0.06760320283452231, -0.019868373776585607, -0.06421859368342678, 0.06582075064647178, -0.02882624930517637], [-0.06893081203106835, -0.023502530779016616, 0.035906456800750566, 0.06611196922317232, 0.015390521293586564, 0.08201969439602322, 0.03846763213923325, -0.06162451288159204, -0.14243209418144367, -0.012979250681588395], [0.07610799362853313, 0.05670207507474472, 0.017850070079355605, -0.025840551875054275, 0.02272559444459084, -0.08644517731606025, -0.04269655390399549, -0.04003204206207215, -0.062230485691310344, 0.003982022667118498]])),
    (np.array([1.080984204860437, 1.365711171418703, 1.3443923902153494, 0.8452312350522626, 0.4790191087564372, 0.30544144246708166, 1.076005400843168, 1.003414471055363, 0.29911047635690485, 1.8694323231616508]),
     np.array([[-0.3479838971127682, 0.027440462987943986, 0.023006003452872677, -0.006782909679889657, -0.011022706512804159, 0.037919840587149325, 0.0037780804895409417, -0.006870546378344775, 0.08003251079092007, -0.029672491490196247], [0.023083739267011908, -0.6247811702819761, 0.083242381952909, 0.12396048147197292, 0.09962718805089256, -0.08816264879350139, -0.12031204132256039, 0.05453269695831975, 0.05905847959186799, -0.026402414175975577], [-0.11712182439291023, -0.7737089550615333, 0.6334449661656577, 0.10964500873479094, -0.42803404465747835, 0.14144036174115754, -0.0670095592718189, 0.005911449268403186, 0.044997906592865566, 0.1287492471170248], [-0.10688322663391832, 0.022854459528062396, 0.11914687391759272, -0.0967597719097087, -0.06365111868176823, -0.03621610658852744, -0.024163962887871142, -0.01894438660291164, 0.1511410579280761, 0.03224885998526982], [0.10673860187717173, 0.04497928884221595, 0.02794196599839856, -0.14111908014650987, -0.08293955208262302, 0.005390221603457254, 0.03788821222340351, -0.014350272312980018, -0.04073649858512277, 0.036234286223594946], [-0.015468590691607295, -0.13452484593264422, 0.7584414900575478, -0.7259523184920874, -0.008285657949836517, 0.9537766432461819, 0.03552652054948201, -0.023302256799015826, 0.04714042989243226, 0.08476175916229979], [-0.01841555470222854, 0.10452986051790056, 0.04092860322776238, -0.08269818234007643, 0.05471193057186615, 0.12406960578534938, -0.13721409066335727, -0.10090325025285089, -0.021553160307904665, 0.06200241869091975], [-0.20342803641242052, -0.054521267368991225, 0.06916406467848328, 0.028992939690734354, 0.11790549732009982, -0.036894556132574294, -0.006204349674988378, 0.23207373982083568, 0.4826263070840021, -0.021956771070335033], [0.03797867935234807, 0.028398065891846267, 0.026444493649079928, 0.024196968355244933, -0.003741774228186123, 0.0004295185183589502, 0.1759534400899517, 0.29206810336737465, -0.1650966157823027, -0.12347538495739499], [-0.08421248554525369, 0.034230144779884286, 0.025630580389405706, -0.08931962283951646, -0.046896689112893394, -0.046284018877435586, -0.004958947903676733, -0.07297270539368916, 0.06120671767879022, -0.47415175407066384]]),
     np.array([0.0001426018500725697, 1.231438370000422, 8.353432019851038, 1.176662762126372, 3.3674191302914007, 11.039976166579729, 1.7813071040448707, 2.830510870059156, 5.244819886189264, 0.6218787557258397]),
     np.array([[-0.019883444450534762, 0.016957489408026997, -0.0033570336628896674, -0.008115933339592646, -0.019987267896717814, 0.036473834361114975, -0.016222562902118483, 0.0024317202729328114, 0.019608413716816056, 0.009493154153358179], [0.1601142924950727, 0.12755566413592437, -0.038801164737440136, -0.0991809952002564, 0.3253424968001076, 0.06332831895689292, -0.07163982499453203, 0.17880043692688413, 0.00649223885042333, 0.00858127315396993], [0.5700563210086736, -1.5374155255966835, -0.3206630029754705, 0.6897150104940615, 0.48658924133623843, 0.5744641793327258, 0.6057295190789174, -1.267254443456941, -1.0132728385848648, -0.8200040467445062], [-0.11252377495984264, -0.02503943350528568, -0.018614121185120697, 0.14817907528452645, 0.20408864417045208, -0.05605476334569853, -0.0025689850792194294, 0.01799497340347941, -0.20896456035881758, 0.039636078836661065], [0.2847528949077294, -0.0919232609205952, 0.22700186309108014, -0.3213791508524456, -0.17337436226235267, 0.11306240735481633, 0.6653996131757388, -0.26297817836540927, 1.3011310848508766, -0.030305873094655256], [-1.3916859335653715, 1.5553982884174247, 0.1208937110449615, 0.31313155534696874, -1.627890027344706, -1.3283342244611978, -2.181788567721413, -0.09083631987393175, -1.641679298007777, 0.21197587764090992], [0.007901579499282583, -0.06280247570903638, -0.05649414062496745, -0.022943647727841687, -0.07773876201462944, -0.11822400506336975, 0.15054549432555245, 0.0812477197125743, -0.10494939881263804, 0.030204871288213673], [-0.061991839263975126, 0.08456316833843405, 0.047676631522341285, -0.3560945037977121, -0.27831993408014133, 0.41065320246762205, -0.015490672568672568, 0.022200187718284397, 0.18537513838804504, -0.17648014548466442], [0.6687058084949973, -0.23734832235618403, -0.3759436149897716, 0.3849025735765141, 0.33572070385414016, 1.2638826653487085, -0.3034475694343293, -0.10602718423025076, 0.1742609356360577, 0.1401132697929472], [0.12583180151434806, -0.026024976303457004, -0.04059494661099207, 0.013912207725909355, -0.04491837721392021, -0.0791841428831837, -0.014727044232817614, -0.07899032003806392, 0.058468891535609246, 0.11882624877162372]])),
    (np.array([0.7114714543059315, 1.3539680641782423, 0.858054663760504, 1.0908491128689533, 0.5069982772730733, 0.32888636488945044, 0.7600642290733007, 0.8250809991085823, 0.4945865331014451, 1.1803597307139122]),
     np.array([[0.8088856740089099, -0.003086032053021232, 0.03583953471368607, -0.03887108499328991, 0.06410146527991732, 0.04260143853152971, 0.07935512258207822, -0.031629443210983495, 0.050717729335425836, 0.04117732284979177], [0.4126075568910968, -0.39462533918067105, 0.06505448916313553, 0.02183722375314823, 0.031481237532620825, -0.2649539975818235, 0.059042188686210896, 0.002596478997308797, 0.10724146635533505, -0.06835265072548108], [-0.03264771569508582, -0.0079051127383678, 1.2865953550042482, -0.044645682338688625, 0.04984709344635587, -0.014038398454646205, -0.007956393876231671, 0.01019304262481963, 0.041900742021058604, 0.013956305775175848], [0.008515795807877174, 0.0052202105667877195, 0.06439725492565267, 0.24363740168820128, -0.03169426877337858, -0.021578440105306986, 0.0019021635901620947, -0.04165534265443266, 0.054085728403961496, 0.007575908350093775], [0.08907693855195695, 0.059704405876181886, -0.03913649477644918, -0.09968921995955757, 0.4994824715621073, 0.14728960147554981, 0.07265602775117448, -0.05277613496205034, -0.15486176254931633, 0.041029812235783954], [-0.07935432642700808, -0.03859014408609246, 0.6192689466683482, -0.5103641807886926, 0.054036630654371476, 0.17515360442449282, -0.018796061819392626, -0.030912492129459367, -0.06894533734611691, 0.013442888006484115], [0.018732472714260005, 0.027124555216534344, 0.0184864314603654, -0.006661938929956587, 0.08127637474696332, -0.004827717602205794, 0.12325147426545721, -0.0522090392570392, 0.023044086802887737, 0.008836865375137833], [-0.054018546981654036, -0.03842809606607143, 0.04420652259645003, 0.019803843544573298, 0.04363475243545614, -0.026098071145452435, 0.10721749626741327, 0.9288351403577353, -0.027524493989503795, 0.017446205182338505], [-0.03167908052598374, -0.03116492717404007, -0.022787212838065934, -0.03379246462388386, 0.030653919709231314, 0.032770586824242186, 0.02035147799901219, 0.03717591279906552, -0.22617689487750156, -5.805019058285235e-06], [0.3429009561781422, -0.03821311390788429, 0.08666378196400502, 0.2001989851006649, 0.30636081852030417, 0.1529769243811826, -0.1696039892472158, 0.14598327077122833, -0.005164084762413238, 0.2605807101505096]]),
     np.array([0.6384817590228591, 2.690144896822382, 0.0003278553635781943, 0.036015398524213885, 2.0013995431345117, 7.324061584210951, 0.20522023415598425, 1.4051562547264964, 0.36187064427230803, 2.9537159967801916]),
     np.array([[-0.04327455892704339, -0.05812219391569604, -0.014988028274832843, 0.07014361564548388, -0.05165837843985704, 0.18672338188249332, -0.00021985136467202193, -0.05212863431544182, -0.250645033247419, -0.09970040656468147], [-0.09217911133432784, -0.0373327696037979, -0.1557297791876279, 0.5604187780561084, 0.05118167106945367, -0.22036835949255199, 0.1786688906546297, 0.009167776827769536, -0.6379552687558677, 0.16275697262879885], [0.04518903314122229, -0.006808648159089481, -0.04577694498642284, 0.02560055235304733, -0.007440857539518771, 0.0020808598852559215, 0.00448305975972541, 0.003802778468370438, -0.03083927579758484, 0.00039360157504917526], [0.006289352368883391, -0.007012234467148329, -0.005795267382149114, -0.03155902997114521, 0.01123333148968234, 0.00861743586270343, 0.0018458467671110459, -0.017638227475236183, 0.053680535704170654, 0.004509191843855946], [-0.09489992513600447, -0.05680005832136417, 0.14441315377840683, -0.22635251753201704, -0.21772578526445086, -0.29782857031690474, -0.20214925161459962, 0.06613458676014491, -0.013157870264522694, -0.11522100917879442], [0.8756639428473354, 0.7304620580208627, 0.2936307944927849, -0.43298003286962644, 0.22315892675465046, -0.1302700454609713, -2.3255143578470925, -0.1861453236268228, 0.9243162163785493, -0.101892116734058], [0.02970858639923646, -0.017000319252267946, 0.016055521598636116, -0.01792474883740632, -0.026841597625641252, -0.08464022564588848, 0.0005417715391937855, 0.017269078975589793, 0.0290634859007744, 0.023849650089976443], [-0.04779546262411961, 0.025905544961910415, -0.062046317404844314, -0.2910284970178834, -0.012545816787326027, 0.1316809745229944, -0.013645088020759262, -0.20672344368887313, 0.053207968835522056, -0.11905605725942191], [-0.031147654758466918, -0.015131743823966246, 0.058484882638010806, 0.0005358710692533767, 0.0503205125113875, -0.042521435213161526, 0.027319827647411192, 0.009812687020179092, -0.037336196625133246, -0.03258293633678605], [0.4576554021756848, 0.06827259829879795, 0.2196770185398159, 0.2820634520641068, -0.2832288783801835, -0.173386532448492, -0.13789700802893318, 0.06103300372692231, -0.43227613509885693, 0.059201539568082905]])),
]

hp_short_mem_gvm_estimations_step3 = [
    (np.array([1.0413734420545784, 1.2376948292912657, 1.2617467867562282, 0.782013371436033, 0.48963606042268754, 0.293160385754509, 1.0969824502856758, 1.0609691790714013, 0.2736570400960087, 1.5602557499673455]),
     np.array([[0.0, 0.0, 0.0, 0.0, 0.0, 0.0, 0.0, 0.0, 0.0, 0.0], [1.0554582645777368, -0.0052606842172885325, 0.0, 0.0, 0.0, 0.0, 0.0, 0.0, 0.0, 0.0], [0.0, -0.8135443883078523, 0.44922905189394047, 0.0, 0.0, -0.11321231970584739, 0.0, 0.0, 0.0, 0.0], [-0.17920259150098286, 0.0, 1.3666608834956826, -0.7422541389398993, 0.0, 0.0, 0.0, 0.0, 0.0, 0.0], [1.048988340606705, 0.0, 0.0, -0.4806889382374461, 1.2104318736217794, 0.0, 0.0, 0.0, 0.0, 0.0], [0.0, -0.07025305468290681, 1.2609966958182655, -0.8298483080128835, 0.2628117382249692, 0.0, 0.0, 0.0, 0.0, 0.0], [0.0, 0.0, 0.0, 0.0, 0.0, 0.0, 0.0, 0.16457064478183833, 0.0, 0.0], [0.0, 0.0, 0.0, 0.0, 0.0, 0.0, 0.0, 0.0, 0.0, 0.0], [0.0, 0.0, 0.0, 0.0, 0.0, 0.37152451191868, 0.2916357246747719, 0.4326171186580401, 0.0, 0.0], [0.0, 0.0, 0.0, 0.0, 0.0, 0.0, 0.0, 0.0, 0.0, 0.0]]),
     np.array([1.0, 30.295698156867314, 18.70899789000717, 23.996146191810535, 46.94863160381328, 16.493959385375877, 19.06374159745505, 1.0, 11.11618207251195, 1.0]),
     np.array([[0.0, 0.0, 0.0, 0.0, 0.0, 0.0, 0.0, 0.0, 0.0, 0.0], [3.1344685724163623, -4.1983844811534885, 0.0, 0.0, 0.0, 0.0, 0.0, 0.0, 0.0, 0.0], [0.0, -1.894640296892749, 2.199785003504733, 0.0, 0.0, -2.1163972688656454, 0.0, 0.0, 0.0, 0.0], [-0.013593468982796524, 0.0, 0.4168865756765052, -1.1821496539911036, 0.0, 0.0, 0.0, 0.0, 0.0, 0.0], [-0.5673515986128332, 0.0, 0.0, -43.08298033793241, -4.552493748438213, 0.0, 0.0, 0.0, 0.0, 0.0], [0.0, 0.26296318334993457, 4.8103602905407845, -3.8571583243835197, -0.5549457601149722, 0.0, 0.0, 0.0, 0.0, 0.0], [0.0, 0.0, 0.0, 0.0, 0.0, 0.0, 0.0, -0.8107377067598764, 0.0, 0.0], [0.0, 0.0, 0.0, 0.0, 0.0, 0.0, 0.0, 0.0, 0.0, 0.0], [0.0, 0.0, 0.0, 0.0, 0.0, -0.7353756023704671, -0.0059097465934813374, 0.2922131138111356, 0.0, 0.0], [0.0, 0.0, 0.0, 0.0, 0.0, 0.0, 0.0, 0.0, 0.0, 0.0]])),
    (np.array([1.014359729866791, 1.2943141305322419, 1.1881844623334894, 0.7875700998818164, 0.5131073331775582, 0.28380417341510283, 1.0566074656879358, 1.0469309312137158, 0.30141761942110107, 1.580141461370179]),
     np.array([[0.0, 0.0, 0.0, 0.0, 0.0, 0.0, 0.0, 0.0, 0.0, 0.0], [1.5739630077719347, -0.5050065266923487, 0.0, 0.0, 0.0, 0.0, 0.0, 0.0, 0.0, 0.0], [0.0, -0.9392467112067331, 1.5070447603025694, 0.0, 0.0, 0.38880701763212555, 0.0, 0.0, 0.0, 0.0], [-0.22903175006559787, 0.0, 1.802511909309134, -0.6491127128597175, 0.0, 0.0, 0.0, 0.0, 0.0, 0.0], [1.5881202623697068, 0.0, 0.0, -0.2942056517366146, 0.24887037983094448, 0.0, 0.0, 0.0, 0.0, 0.0], [0.0, -0.16922025613241493, 1.341562454037772, -0.9108588624601, -0.037532023493398466, 0.0, 0.0, 0.0, 0.0, 0.0], [0.0, 0.0, 0.0, 0.0, 0.0, 0.0, 0.0, 0.23473319994600017, 0.0, 0.0], [0.0, 0.0, 0.0, 0.0, 0.0, 0.0, 0.0, 0.0, 0.0, 0.0], [0.0, 0.0, 0.0, 0.0, 0.0, 0.028970402800979775, 0.2828409089935752, 0.21883479573608422, 0.0, 0.0], [0.0, 0.0, 0.0, 0.0, 0.0, 0.0, 0.0, 0.0, 0.0, 0.0]]),
     np.array([1.0, 37.68768866412373, 55.48311989431169, 40.00784083660882, 51.88828225302018, 14.705318559687818, 9.860957504888258, 1.0, 7.58672751513666, 1.0]),
     np.array([[0.0, 0.0, 0.0, 0.0, 0.0, 0.0, 0.0, 0.0, 0.0, 0.0], [1.2893068907436775, -0.4238632643601853, 0.0, 0.0, 0.0, 0.0, 0.0, 0.0, 0.0, 0.0], [0.0, -4.881686883214941, -5.532024180961546, 0.0, 0.0, -12.933656731776281, 0.0, 0.0, 0.0, 0.0], [-2.1977307369834835, 0.0, 2.8284754725269825, -1.590290221453749, 0.0, 0.0, 0.0, 0.0, 0.0, 0.0], [-0.26280440823277207, 0.0, 0.0, 7.715960395780146, -5.663883066911773, 0.0, 0.0, 0.0, 0.0, 0.0], [0.0, 4.729599552222746, 0.9688829842747299, -9.231388918584177, 0.9661707818218759, 0.0, 0.0, 0.0, 0.0, 0.0], [0.0, 0.0, 0.0, 0.0, 0.0, 0.0, 0.0, -0.5038139136330559, 0.0, 0.0], [0.0, 0.0, 0.0, 0.0, 0.0, 0.0, 0.0, 0.0, 0.0, 0.0], [0.0, 0.0, 0.0, 0.0, 0.0, -0.44922157134954566, -0.5215529333709965, 0.9959079712643415, 0.0, 0.0], [0.0, 0.0, 0.0, 0.0, 0.0, 0.0, 0.0, 0.0, 0.0, 0.0]])),
    (np.array([0.9874929931450744, 1.339393209277327, 1.1944250752006118, 0.7899123023238929, 0.48974122309678864, 0.29517989761274804, 1.1041483493603284, 1.0716346934168257, 0.2665975100483216, 1.5434742526918117]),
     np.array([[0.0, 0.0, 0.0, 0.0, 0.0, 0.0, 0.0, 0.0, 0.0, 0.0], [0.9891908468093854, -0.027484350068585673, 0.0, 0.0, 0.0, 0.0, 0.0, 0.0, 0.0, 0.0], [0.0, -1.0877895251246914, 1.249357087342737, 0.0, 0.0, 1.4558025481917027, 0.0, 0.0, 0.0, 0.0], [-0.16031098728489676, 0.0, 0.40568805987569967, -0.5970768482417871, 0.0, 0.0, 0.0, 0.0, 0.0, 0.0], [0.6481052868432583, 0.0, 0.0, -0.39113046796460826, 0.6837169177633503, 0.0, 0.0, 0.0, 0.0, 0.0], [0.0, -0.10573360092600452, 0.8435929761653711, -0.7356977556079479, 0.16733165165138011, 0.0, 0.0, 0.0, 0.0, 0.0], [0.0, 0.0, 0.0, 0.0, 0.0, 0.0, 0.0, -0.3164441923417785, 0.0, 0.0], [0.0, 0.0, 0.0, 0.0, 0.0, 0.0, 0.0, 0.0, 0.0, 0.0], [0.0, 0.0, 0.0, 0.0, 0.0, -0.19805941951662867, 0.47198752475082467, 0.7840113101991307, 0.0, 0.0], [0.0, 0.0, 0.0, 0.0, 0.0, 0.0, 0.0, 0.0, 0.0, 0.0]]),
     np.array([1.0, 20.23994878262199, 49.96755595488023, 22.080919856091807, 16.863203559921764, 11.209358193161936, 32.332097198416456, 1.0, 19.59327484861039, 1.0]),
     np.array([[0.0, 0.0, 0.0, 0.0, 0.0, 0.0, 0.0, 0.0, 0.0, 0.0], [-0.5857116137674255, -2.0413928578467564, 0.0, 0.0, 0.0, 0.0, 0.0, 0.0, 0.0, 0.0], [0.0, 1.3958028225409083, 4.003165104872066, 0.0, 0.0, -11.38297324788239, 0.0, 0.0, 0.0, 0.0], [-0.5181309716605121, 0.0, 3.5525507700547867, -3.6987600827539393, 0.0, 0.0, 0.0, 0.0, 0.0, 0.0], [-1.8665515267544472, 0.0, 0.0, -5.058515797922306, -5.821418384939635, 0.0, 0.0, 0.0, 0.0, 0.0], [0.0, 0.22655670711271322, 0.7830129653835372, -1.7805717894459465, 0.8937233358017954, 0.0, 0.0, 0.0, 0.0, 0.0], [0.0, 0.0, 0.0, 0.0, 0.0, 0.0, 0.0, -5.462825568305357, 0.0, 0.0], [0.0, 0.0, 0.0, 0.0, 0.0, 0.0, 0.0, 0.0, 0.0, 0.0], [0.0, 0.0, 0.0, 0.0, 0.0, -18.17891986475876, 0.7018534189063848, 0.36819560935259865, 0.0, 0.0], [0.0, 0.0, 0.0, 0.0, 0.0, 0.0, 0.0, 0.0, 0.0, 0.0]])),
    (np.array([1.0185777951995738, 1.198990443510487, 1.239162408524344, 0.8004849645883508, 0.5244380879332332, 0.3066889453439525, 1.1312037763650629, 0.9965394883782462, 0.29424730749217315, 1.5163587210118252]),
     np.array([[0.0, 0.0, 0.0, 0.0, 0.0, 0.0, 0.0, 0.0, 0.0, 0.0], [0.8957498641084884, -0.1456483807622797, 0.0, 0.0, 0.0, 0.0, 0.0, 0.0, 0.0, 0.0], [0.0, -1.323953906245156, 0.6310996024182918, 0.0, 0.0, 0.2796519497945776, 0.0, 0.0, 0.0, 0.0], [-0.25790569878835445, 0.0, 1.4572418355876608, -0.5903180290754921, 0.0, 0.0, 0.0, 0.0, 0.0, 0.0], [1.0599117872699817, 0.0, 0.0, -0.22617256403240205, 1.5249832081792463, 0.0, 0.0, 0.0, 0.0, 0.0], [0.0, -0.07453814999923405, 0.9024053705163072, -0.790274779407423, 0.09999723693016095, 0.0, 0.0, 0.0, 0.0, 0.0], [0.0, 0.0, 0.0, 0.0, 0.0, 0.0, 0.0, -0.04904477205963307, 0.0, 0.0], [0.0, 0.0, 0.0, 0.0, 0.0, 0.0, 0.0, 0.0, 0.0, 0.0], [0.0, 0.0, 0.0, 0.0, 0.0, 0.2530562081305679, 0.3211576626445406, 0.27213030989256887, 0.0, 0.0], [0.0, 0.0, 0.0, 0.0, 0.0, 0.0, 0.0, 0.0, 0.0, 0.0]]),
     np.array([1.0, 10.902038263543119, 29.336588456738, 30.01793584335483, 57.475089336379874, 13.591845318917052, 10.370645953011216, 1.0, 11.840944947635133, 1.0]),
     np.array([[0.0, 0.0, 0.0, 0.0, 0.0, 0.0, 0.0, 0.0, 0.0, 0.0], [-0.3334031537524443, -0.8792593449729473, 0.0, 0.0, 0.0, 0.0, 0.0, 0.0, 0.0, 0.0], [0.0, -2.7282851205602774, 0.8394204191157466, 0.0, 0.0, -3.0144950125069343, 0.0, 0.0, 0.0, 0.0], [-17.51371920520415, 0.0, 2.0074110802999026, -17.325252894498465, 0.0, 0.0, 0.0, 0.0, 0.0, 0.0], [-2.7680380946803385, 0.0, 0.0, -29.23571858541005, 3.4263233195448364, 0.0, 0.0, 0.0, 0.0, 0.0], [0.0, -0.16295191045614718, 2.776773827974804, -2.4643649546401396, -3.1075831077674674, 0.0, 0.0, 0.0, 0.0, 0.0], [0.0, 0.0, 0.0, 0.0, 0.0, 0.0, 0.0, -1.1082730017575775, 0.0, 0.0], [0.0, 0.0, 0.0, 0.0, 0.0, 0.0, 0.0, 0.0, 0.0, 0.0], [0.0, 0.0, 0.0, 0.0, 0.0, 1.2957977042541222, -0.4328885258002956, -0.44981058653286504, 0.0, 0.0], [0.0, 0.0, 0.0, 0.0, 0.0, 0.0, 0.0, 0.0, 0.0, 0.0]])),
    (np.array([0.9770588631489028, 1.2566893396460515, 1.185032043483331, 0.8068535204251864, 0.5200939112703848, 0.31800428013321724, 1.0422288046217958, 0.9952394045350514, 0.32038149269426414, 1.556405881471831]),
     np.array([[0.0, 0.0, 0.0, 0.0, 0.0, 0.0, 0.0, 0.0, 0.0, 0.0], [0.7209653355184192, -0.15813830188112216, 0.0, 0.0, 0.0, 0.0, 0.0, 0.0, 0.0, 0.0], [0.0, -0.912295182115937, 0.7590469004294064, 0.0, 0.0, 0.3483552541038416, 0.0, 0.0, 0.0, 0.0], [-0.2247852147750191, 0.0, 1.3833509510040365, -0.9714922743764258, 0.0, 0.0, 0.0, 0.0, 0.0, 0.0], [0.6248971888995309, 0.0, 0.0, -0.42652870956028216, 0.021500531783731593, 0.0, 0.0, 0.0, 0.0, 0.0], [0.0, -0.06772568907038853, 1.4261768583740286, -1.2729689591763311, 0.07726421935744766, 0.0, 0.0, 0.0, 0.0, 0.0], [0.0, 0.0, 0.0, 0.0, 0.0, 0.0, 0.0, -0.2614713397059385, 0.0, 0.0], [0.0, 0.0, 0.0, 0.0, 0.0, 0.0, 0.0, 0.0, 0.0, 0.0], [0.0, 0.0, 0.0, 0.0, 0.0, 0.22261283321169092, 0.11183492726876687, 0.3745379111550615, 0.0, 0.0], [0.0, 0.0, 0.0, 0.0, 0.0, 0.0, 0.0, 0.0, 0.0, 0.0]]),
     np.array([1.0, 11.230923842774292, 19.813069681218927, 34.024946008735725, 53.34213874886684, 17.282300536255942, 9.575497799180553, 1.0, 13.67577138873253, 1.0]),
     np.array([[0.0, 0.0, 0.0, 0.0, 0.0, 0.0, 0.0, 0.0, 0.0, 0.0], [-0.7138096429267354, 0.4243177201676176, 0.0, 0.0, 0.0, 0.0, 0.0, 0.0, 0.0, 0.0], [0.0, -2.8837130677024416, 1.664367413490014, 0.0, 0.0, 0.7015100831990079, 0.0, 0.0, 0.0, 0.0], [1.8194176020939477, 0.0, -4.940192141212071, -42.7719790489337, 0.0, 0.0, 0.0, 0.0, 0.0, 0.0], [5.399041387780139, 0.0, 0.0, 7.657766785769501, 5.4396749279817325, 0.0, 0.0, 0.0, 0.0, 0.0], [0.0, 0.9716005967659211, 1.140860263703266, 1.2724147756653779, 4.595373171399669, 0.0, 0.0, 0.0, 0.0, 0.0], [0.0, 0.0, 0.0, 0.0, 0.0, 0.0, 0.0, 0.5120090085417017, 0.0, 0.0], [0.0, 0.0, 0.0, 0.0, 0.0, 0.0, 0.0, 0.0, 0.0, 0.0], [0.0, 0.0, 0.0, 0.0, 0.0, -5.25803123970382, -1.24822132195002, 1.9531127800147672, 0.0, 0.0], [0.0, 0.0, 0.0, 0.0, 0.0, 0.0, 0.0, 0.0, 0.0, 0.0]])),
    (np.array([1.0031277360007573, 1.3094902544911071, 1.1987848736282072, 0.8103738142509292, 0.501984647933501, 0.2651342471883201, 1.0967541855948275, 1.0272709594868488, 0.30805905831387154, 1.6193110353064246]),
     np.array([[0.0, 0.0, 0.0, 0.0, 0.0, 0.0, 0.0, 0.0, 0.0, 0.0], [1.6809674400912062, -0.29547266127155175, 0.0, 0.0, 0.0, 0.0, 0.0, 0.0, 0.0, 0.0], [0.0, -0.9372121301822459, 0.9248090349919341, 0.0, 0.0, 0.13928065303802722, 0.0, 0.0, 0.0, 0.0], [-0.4622557357379748, 0.0, 1.200389279398422, -0.42749487494701016, 0.0, 0.0, 0.0, 0.0, 0.0, 0.0], [0.3295736920322558, 0.0, 0.0, -0.36532340092813104, 0.17470401027450475, 0.0, 0.0, 0.0, 0.0, 0.0], [0.0, -0.03385240983820864, 0.842347582940883, -0.8605645994789407, 0.3462639638299468, 0.0, 0.0, 0.0, 0.0, 0.0], [0.0, 0.0, 0.0, 0.0, 0.0, 0.0, 0.0, -0.8251291474156024, 0.0, 0.0], [0.0, 0.0, 0.0, 0.0, 0.0, 0.0, 0.0, 0.0, 0.0, 0.0], [0.0, 0.0, 0.0, 0.0, 0.0, 0.8647851271550723, 0.3918619763531059, 0.5265351816415536, 0.0, 0.0], [0.0, 0.0, 0.0, 0.0, 0.0, 0.0, 0.0, 0.0, 0.0, 0.0]]),
     np.array([1.0, 34.3038276743122, 22.75348288576121, 26.815816570269572, 23.134618529486186, 14.032532457536359, 77.16875392831837, 1.0, 19.119668837008117, 1.0]),
     np.array([[0.0, 0.0, 0.0, 0.0, 0.0, 0.0, 0.0, 0.0, 0.0, 0.0], [-1.4605329878126065, -0.7026844276829084, 0.0, 0.0, 0.0, 0.0, 0.0, 0.0, 0.0, 0.0], [0.0, -2.338752841831823, -0.3159242696471978, 0.0, 0.0, -6.128372957445936, 0.0, 0.0, 0.0, 0.0], [-6.777596728120723, 0.0, 0.6597291678708288, -1.3901415007735831, 0.0, 0.0, 0.0, 0.0, 0.0, 0.0], [0.20567937460612096, 0.0, 0.0, -10.420625730260006, -36.05374480903418, 0.0, 0.0, 0.0, 0.0, 0.0], [0.0, 1.6378704288180648, 1.8889240413432011, 9.450808324374957, -0.830671343633938, 0.0, 0.0, 0.0, 0.0, 0.0], [0.0, 0.0, 0.0, 0.0, 0.0, 0.0, 0.0, 6.962016765958214, 0.0, 0.0], [0.0, 0.0, 0.0, 0.0, 0.0, 0.0, 0.0, 0.0, 0.0, 0.0], [0.0, 0.0, 0.0, 0.0, 0.0, 0.7100664609141902, -0.5605777133287608, 0.4936539559633457, 0.0, 0.0], [0.0, 0.0, 0.0, 0.0, 0.0, 0.0, 0.0, 0.0, 0.0, 0.0]])),
    (np.array([0.9615448740203484, 4.034412977538514, 1.2155598733826123, 0.8239965945137969, 0.4789169275999725, 0.2968579860243535, 1.0421815081668928, 1.018279050786233, 0.31005854340914385, 1.5064113630982299]),
     np.array([[0.0, 0.0, 0.0, 0.0, 0.0, 0.0, 0.0, 0.0, 0.0, 0.0], [0.10335955878608552, -3.1957401946535895, 0.0, 0.0, 0.0, 0.0, 0.0, 0.0, 0.0, 0.0], [0.0, -0.5418200315894338, 0.9355308838339162, 0.0, 0.0, 0.33122703885613847, 0.0, 0.0, 0.0, 0.0], [-0.31404868269046676, 0.0, 0.6463480258638367, -0.48931462656264546, 0.0, 0.0, 0.0, 0.0, 0.0, 0.0], [0.41034896231642654, 0.0, 0.0, -0.015151623239574408, 0.22192332723084382, 0.0, 0.0, 0.0, 0.0, 0.0], [0.0, -0.1464474105802094, 1.8171715840111968, -1.5122104585061376, 0.07632422128995563, 0.0, 0.0, 0.0, 0.0, 0.0], [0.0, 0.0, 0.0, 0.0, 0.0, 0.0, 0.0, 0.022158197951507336, 0.0, 0.0], [0.0, 0.0, 0.0, 0.0, 0.0, 0.0, 0.0, 0.0, 0.0, 0.0], [0.0, 0.0, 0.0, 0.0, 0.0, 0.4606340696536263, 0.06231650034262028, 0.18099039867563782, 0.0, 0.0], [0.0, 0.0, 0.0, 0.0, 0.0, 0.0, 0.0, 0.0, 0.0, 0.0]]),
     np.array([1.0, 0.03725251280859034, 11.407604015362622, 12.22417393146507, 8.653702426243933, 33.48649095385369, 3.4989634830618566, 1.0, 9.648554262453267, 1.0]),
     np.array([[0.0, 0.0, 0.0, 0.0, 0.0, 0.0, 0.0, 0.0, 0.0, 0.0], [0.035583502185838514, -0.017275391509173368, 0.0, 0.0, 0.0, 0.0, 0.0, 0.0, 0.0, 0.0], [0.0, -3.1299620320736605, 0.4952223433964226, 0.0, 0.0, -0.22376684867297283, 0.0, 0.0, 0.0, 0.0], [-0.464607293375334, 0.0, -0.27798017162449395, 0.6708249209340962, 0.0, 0.0, 0.0, 0.0, 0.0, 0.0], [0.29769612014709285, 0.0, 0.0, -0.8252863492344192, 1.486492893785045, 0.0, 0.0, 0.0, 0.0, 0.0], [0.0, 2.290180335400451, 1.6012111149193267, 2.136258610493724, -1.1972686329166717, 0.0, 0.0, 0.0, 0.0, 0.0], [0.0, 0.0, 0.0, 0.0, 0.0, 0.0, 0.0, 0.34502443965851004, 0.0, 0.0], [0.0, 0.0, 0.0, 0.0, 0.0, 0.0, 0.0, 0.0, 0.0, 0.0], [0.0, 0.0, 0.0, 0.0, 0.0, -0.4189680581194115, 0.2637006557251919, 0.4939351809213886, 0.0, 0.0], [0.0, 0.0, 0.0, 0.0, 0.0, 0.0, 0.0, 0.0, 0.0, 0.0]])),
    (np.array([0.9962577759077978, 1.2844811267204863, 1.8334327101316754, 0.8138844337633252, 0.5010983169885634, 0.3018478819689403, 1.1114881210194878, 1.018321598193854, 0.3293204901245017, 1.4861782643061672]),
     np.array([[0.0, 0.0, 0.0, 0.0, 0.0, 0.0, 0.0, 0.0, 0.0, 0.0], [1.0016443109438713, -0.6512721087740165, 0.0, 0.0, 0.0, 0.0, 0.0, 0.0, 0.0, 0.0], [0.0, -0.04372283760630195, -0.3102710875307018, 0.0, 0.0, 0.03528986679342908, 0.0, 0.0, 0.0, 0.0], [-0.5883861923553779, 0.0, 1.6581331051702357, -1.0316864102946943, 0.0, 0.0, 0.0, 0.0, 0.0, 0.0], [1.592489372022414, 0.0, 0.0, -0.9875322589613702, 0.6423894184070267, 0.0, 0.0, 0.0, 0.0, 0.0], [0.0, 0.011500236770223507, 0.9393601454442113, -1.3047148960957209, 0.2702810550469751, 0.0, 0.0, 0.0, 0.0, 0.0], [0.0, 0.0, 0.0, 0.0, 0.0, 0.0, 0.0, -0.06650880584418796, 0.0, 0.0], [0.0, 0.0, 0.0, 0.0, 0.0, 0.0, 0.0, 0.0, 0.0, 0.0], [0.0, 0.0, 0.0, 0.0, 0.0, 0.18934642665711482, 0.09873440134909357, 0.556415721155807, 0.0, 0.0], [0.0, 0.0, 0.0, 0.0, 0.0, 0.0, 0.0, 0.0, 0.0, 0.0]]),
     np.array([1.0, 27.54424120263521, 0.2241407331878705, 60.048463388815854, 78.04574498590164, 14.164344900067361, 1.4697506954905857, 1.0, 12.153841671790076, 1.0]),
     np.array([[0.0, 0.0, 0.0, 0.0, 0.0, 0.0, 0.0, 0.0, 0.0, 0.0], [1.8567168249734822, -0.31538462139594975, 0.0, 0.0, 0.0, 0.0, 0.0, 0.0, 0.0, 0.0], [0.0, -0.05608909942254442, -0.0009529612862727995, 0.0, 0.0, -0.04452703354555789, 0.0, 0.0, 0.0, 0.0], [-16.46373874545643, 0.0, 4.362949900711832, 11.320829829118084, 0.0, 0.0, 0.0, 0.0, 0.0, 0.0], [-9.452874062444359, 0.0, 0.0, 16.977195076017455, -12.62395072654248, 0.0, 0.0, 0.0, 0.0, 0.0], [0.0, -1.5972317543378336, 1.165890587775448, -4.340855059203315, 1.4758711283344361, 0.0, 0.0, 0.0, 0.0, 0.0], [0.0, 0.0, 0.0, 0.0, 0.0, 0.0, 0.0, 0.06646438488271608, 0.0, 0.0], [0.0, 0.0, 0.0, 0.0, 0.0, 0.0, 0.0, 0.0, 0.0, 0.0], [0.0, 0.0, 0.0, 0.0, 0.0, 0.6929815457739041, 0.36011252570716834, -0.49974025469758115, 0.0, 0.0], [0.0, 0.0, 0.0, 0.0, 0.0, 0.0, 0.0, 0.0, 0.0, 0.0]])),
    (np.array([1.0199619552845367, 1.3465054168254444, 1.2246053466301552, 0.8317763812428602, 0.515712056395715, 0.31611663732885853, 0.9620957355698001, 1.0330025647584937, 0.26496542722467353, 1.518331340210846]),
     np.array([[0.0, 0.0, 0.0, 0.0, 0.0, 0.0, 0.0, 0.0, 0.0, 0.0], [1.352191864163594, -0.9807964329251305, 0.0, 0.0, 0.0, 0.0, 0.0, 0.0, 0.0, 0.0], [0.0, -0.842110521814733, 1.2428213549858629, 0.0, 0.0, 0.8126474610036901, 0.0, 0.0, 0.0, 0.0], [-0.285788163337781, 0.0, 1.9715423581734872, -0.9745446360636315, 0.0, 0.0, 0.0, 0.0, 0.0, 0.0], [1.1003679689098043, 0.0, 0.0, -0.3248349397758266, 0.7030130123903641, 0.0, 0.0, 0.0, 0.0, 0.0], [0.0, -0.203052192528895, 0.9913108508144058, -0.8329941190613841, 0.07061093568852629, 0.0, 0.0, 0.0, 0.0, 0.0], [0.0, 0.0, 0.0, 0.0, 0.0, 0.0, 0.0, 0.04870154815871768, 0.0, 0.0], [0.0, 0.0, 0.0, 0.0, 0.0, 0.0, 0.0, 0.0, 0.0, 0.0], [0.0, 0.0, 0.0, 0.0, 0.0, -0.1379501849774219, 0.39017185367664603, 1.0676562971960026, 0.0, 0.0], [0.0, 0.0, 0.0, 0.0, 0.0, 0.0, 0.0, 0.0, 0.0, 0.0]]),
     np.array([1.0, 64.66762165504393, 20.875904299019236, 45.8172566751198, 43.289799886744056, 16.192204882064598, 0.5163267929128775, 1.0, 25.555152159093282, 1.0]),
     np.array([[0.0, 0.0, 0.0, 0.0, 0.0, 0.0, 0.0, 0.0, 0.0, 0.0], [3.259326156152333, 3.308118371820976, 0.0, 0.0, 0.0, 0.0, 0.0, 0.0, 0.0, 0.0], [0.0, -1.3380659420782424, -0.3453769370179106, 0.0, 0.0, -2.2690777503900987, 0.0, 0.0, 0.0, 0.0], [-17.803464951814398, 0.0, 1.1718910328315337, -9.227123299436425, 0.0, 0.0, 0.0, 0.0, 0.0, 0.0], [3.8757433078646084, 0.0, 0.0, -32.705830806721025, 2.9928346786893476, 0.0, 0.0, 0.0, 0.0, 0.0], [0.0, 0.8442449024959725, 3.532159551657615, -40.49662039926146, -0.8991992869494401, 0.0, 0.0, 0.0, 0.0, 0.0], [0.0, 0.0, 0.0, 0.0, 0.0, 0.0, 0.0, 0.05609188094449084, 0.0, 0.0], [0.0, 0.0, 0.0, 0.0, 0.0, 0.0, 0.0, 0.0, 0.0, 0.0], [0.0, 0.0, 0.0, 0.0, 0.0, -7.036094055907428, -0.33111888127430383, 3.8115050926755014, 0.0, 0.0], [0.0, 0.0, 0.0, 0.0, 0.0, 0.0, 0.0, 0.0, 0.0, 0.0]])),
    (np.array([1.0699143529293393, 1.3503244593404171, 1.2069410758206662, 0.8091498969167422, 0.5136408374894719, 0.32897149120322894, 1.1279360306440787, 1.0559952590057131, 0.3029718278406908, 1.479135711834735]),
     np.array([[0.0, 0.0, 0.0, 0.0, 0.0, 0.0, 0.0, 0.0, 0.0, 0.0], [0.7073872277141058, -0.626158604447086, 0.0, 0.0, 0.0, 0.0, 0.0, 0.0, 0.0, 0.0], [0.0, -1.096097353387947, 0.2100749634201317, 0.0, 0.0, 0.4889357141653227, 0.0, 0.0, 0.0, 0.0], [-0.2900689899630083, 0.0, 1.2494096245365183, -1.1851614289526244, 0.0, 0.0, 0.0, 0.0, 0.0, 0.0], [0.6892466039118204, 0.0, 0.0, -0.6646833138847581, 0.7546911484719324, 0.0, 0.0, 0.0, 0.0, 0.0], [0.0, -0.20883307420261424, 1.1257308094712464, -1.05873635060103, -0.08301757767750476, 0.0, 0.0, 0.0, 0.0, 0.0], [0.0, 0.0, 0.0, 0.0, 0.0, 0.0, 0.0, -0.03697740360130456, 0.0, 0.0], [0.0, 0.0, 0.0, 0.0, 0.0, 0.0, 0.0, 0.0, 0.0, 0.0], [0.0, 0.0, 0.0, 0.0, 0.0, 0.19262526525298107, 0.17727419723297616, 0.46031739852506504, 0.0, 0.0], [0.0, 0.0, 0.0, 0.0, 0.0, 0.0, 0.0, 0.0, 0.0, 0.0]]),
     np.array([1.0, 19.119289929754363, 30.12619558757194, 40.34543190203075, 27.95325244799881, 17.337300325508085, 1.2068576402131608, 1.0, 11.362290785130964, 1.0]),
     np.array([[0.0, 0.0, 0.0, 0.0, 0.0, 0.0, 0.0, 0.0, 0.0, 0.0], [-0.7875845077193676, -0.0795962220269733, 0.0, 0.0, 0.0, 0.0, 0.0, 0.0, 0.0, 0.0], [0.0, 0.8697915813511367, -5.651732097860109, 0.0, 0.0, -15.632310131168223, 0.0, 0.0, 0.0, 0.0], [1.0955972748978102, 0.0, 1.2473211931700598, -19.452209731003425, 0.0, 0.0, 0.0, 0.0, 0.0, 0.0], [3.4214367555628935, 0.0, 0.0, -22.892945111856974, -1.8167000598521645, 0.0, 0.0, 0.0, 0.0, 0.0], [0.0, -2.902665749815424, 0.4676761511196315, -1.0191702238913805, -20.833193351787685, 0.0, 0.0, 0.0, 0.0, 0.0], [0.0, 0.0, 0.0, 0.0, 0.0, 0.0, 0.0, -0.018440757333270226, 0.0, 0.0], [0.0, 0.0, 0.0, 0.0, 0.0, 0.0, 0.0, 0.0, 0.0, 0.0], [0.0, 0.0, 0.0, 0.0, 0.0, 1.4332826378890318, 0.8548732696305336, 0.2890485188725775, 0.0, 0.0], [0.0, 0.0, 0.0, 0.0, 0.0, 0.0, 0.0, 0.0, 0.0, 0.0]])),
    (np.array([1.008689207762408, 1.3312222368793927, 1.2126839534041527, 0.7907728889974803, 0.5404573166177449, 0.29939365060948064, 1.1527362439244555, 1.0142982302338102, 0.3211294345756439, 1.5789452211626083]),
     np.array([[0.0, 0.0, 0.0, 0.0, 0.0, 0.0, 0.0, 0.0, 0.0, 0.0], [0.7826712534258549, -0.8461086452521178, 0.0, 0.0, 0.0, 0.0, 0.0, 0.0, 0.0, 0.0], [0.0, -1.044193957506954, 0.6651925316429166, 0.0, 0.0, -0.1601564704305217, 0.0, 0.0, 0.0, 0.0], [-0.40735770933332804, 0.0, 0.9390369098113481, -1.2220171218212832, 0.0, 0.0, 0.0, 0.0, 0.0, 0.0], [1.1519257324345118, 0.0, 0.0, -0.6076449260775748, 0.5851594837031051, 0.0, 0.0, 0.0, 0.0, 0.0], [0.0, -0.044393937487063204, 1.2880953253162408, -1.1195619165641701, 0.0957602574374613, 0.0, 0.0, 0.0, 0.0, 0.0], [0.0, 0.0, 0.0, 0.0, 0.0, 0.0, 0.0, -0.057524325032876585, 0.0, 0.0], [0.0, 0.0, 0.0, 0.0, 0.0, 0.0, 0.0, 0.0, 0.0, 0.0], [0.0, 0.0, 0.0, 0.0, 0.0, 0.3073615004754301, 0.35744346074694155, 0.5586588226682282, 0.0, 0.0], [0.0, 0.0, 0.0, 0.0, 0.0, 0.0, 0.0, 0.0, 0.0, 0.0]]),
     np.array([1.0, 33.22257726185168, 26.549591082266808, 31.42789022456712, 36.994576788846715, 14.550459484629963, 1.0575073785010154, 1.0, 23.39725641347641, 1.0]),
     np.array([[0.0, 0.0, 0.0, 0.0, 0.0, 0.0, 0.0, 0.0, 0.0, 0.0], [1.1304079710304331, -1.8814796843324624, 0.0, 0.0, 0.0, 0.0, 0.0, 0.0, 0.0, 0.0], [0.0, 4.1738044908608485, 1.1780157048206925, 0.0, 0.0, 0.42867038388205786, 0.0, 0.0, 0.0, 0.0], [1.1043709104386485, 0.0, 6.061834102189461, -18.375385727186966, 0.0, 0.0, 0.0, 0.0, 0.0, 0.0], [0.06217503769424403, 0.0, 0.0, -24.386795846029493, 4.2760168423375475, 0.0, 0.0, 0.0, 0.0, 0.0], [0.0, -2.1213737448816863, 2.1516195404443934, -7.138215999266567, 0.8765489732774968, 0.0, 0.0, 0.0, 0.0, 0.0], [0.0, 0.0, 0.0, 0.0, 0.0, 0.0, 0.0, 0.027128277213489926, 0.0, 0.0], [0.0, 0.0, 0.0, 0.0, 0.0, 0.0, 0.0, 0.0, 0.0, 0.0], [0.0, 0.0, 0.0, 0.0, 0.0, -17.2006954056651, 0.03652487317432272, 2.8079436776881983, 0.0, 0.0], [0.0, 0.0, 0.0, 0.0, 0.0, 0.0, 0.0, 0.0, 0.0, 0.0]])),
    (np.array([1.032497385279165, 1.3144132087417688, 1.2182636384023655, 0.8251923295997133, 0.4926890196345648, 0.31438030570803205, 1.1544079240085465, 1.0324973852789947, 0.30460061349305995, 1.5432013133290583]),
     np.array([[0.0, 0.0, 0.0, 0.0, 0.0, 0.0, 0.0, 0.0, 0.0, 0.0], [1.052363057861111, -0.14419135679934328, 0.0, 0.0, 0.0, 0.0, 0.0, 0.0, 0.0, 0.0], [0.0, -0.768247390680546, 0.8344268637336865, 0.0, 0.0, 0.17717187419370822, 0.0, 0.0, 0.0, 0.0], [-0.7639973891414389, 0.0, 1.6976074425688055, -0.7647834681155342, 0.0, 0.0, 0.0, 0.0, 0.0, 0.0], [1.2457996734122265, 0.0, 0.0, -0.7424816161448721, 0.6032388384433207, 0.0, 0.0, 0.0, 0.0, 0.0], [0.0, 0.020566305715741758, 0.7893284641977378, -0.7581524096060082, -0.04470492247157432, 0.0, 0.0, 0.0, 0.0, 0.0], [0.0, 0.0, 0.0, 0.0, 0.0, 0.0, 0.0, -0.06406848452957142, 0.0, 0.0], [0.0, 0.0, 0.0, 0.0, 0.0, 0.0, 0.0, 0.0, 0.0, 0.0], [0.0, 0.0, 0.0, 0.0, 0.0, 0.17211961469847395, 0.07962417602539512, 0.12586674754357072, 0.0, 0.0], [0.0, 0.0, 0.0, 0.0, 0.0, 0.0, 0.0, 0.0, 0.0, 0.0]]),
     np.array([1.0, 44.322154860705616, 15.852819061789964, 41.66113435906204, 63.04336968545007, 12.471159160425199, 2.3930768215459497, 1.0, 5.168667754871552, 1.0]),
     np.array([[0.0, 0.0, 0.0, 0.0, 0.0, 0.0, 0.0, 0.0, 0.0, 0.0], [2.693264942595285, -24.52906978560771, 0.0, 0.0, 0.0, 0.0, 0.0, 0.0, 0.0, 0.0], [0.0, 0.20341241140523844, -0.007562955544840211, 0.0, 0.0, -0.8815218426947357, 0.0, 0.0, 0.0, 0.0], [-4.44362377342739, 0.0, 2.623418608330306, 0.13505333838141081, 0.0, 0.0, 0.0, 0.0, 0.0, 0.0], [4.3524347156568215, 0.0, 0.0, -9.189406323408301, 12.719746912975982, 0.0, 0.0, 0.0, 0.0, 0.0], [0.0, 0.11598618842255767, 1.551456342574724, 0.5401708870846673, -1.1178801765825161, 0.0, 0.0, 0.0, 0.0, 0.0], [0.0, 0.0, 0.0, 0.0, 0.0, 0.0, 0.0, -0.1913379427492072, 0.0, 0.0], [0.0, 0.0, 0.0, 0.0, 0.0, 0.0, 0.0, 0.0, 0.0, 0.0], [0.0, 0.0, 0.0, 0.0, 0.0, 0.062898998472834, 0.49043146529237364, 0.09803121669834453, 0.0, 0.0], [0.0, 0.0, 0.0, 0.0, 0.0, 0.0, 0.0, 0.0, 0.0, 0.0]])),
    (np.array([1.0580234407223237, 1.3363129036939738, 1.2562538518016835, 0.8298957968459914, 0.47399188699199557, 0.3241727582499337, 1.1430152072917374, 1.017547454980674, 0.30825756657206116, 1.5578523388247485]),
     np.array([[0.0, 0.0, 0.0, 0.0, 0.0, 0.0, 0.0, 0.0, 0.0, 0.0], [1.5418114371698464, -0.17427812213791505, 0.0, 0.0, 0.0, 0.0, 0.0, 0.0, 0.0, 0.0], [0.0, -0.6656581723617121, 0.47588676941748614, 0.0, 0.0, 0.14028148628278247, 0.0, 0.0, 0.0, 0.0], [-0.26600501756223716, 0.0, 0.8751533984086709, -0.8603917104146316, 0.0, 0.0, 0.0, 0.0, 0.0, 0.0], [1.2782990853272282, 0.0, 0.0, -0.3273401288422789, 0.873641190061277, 0.0, 0.0, 0.0, 0.0, 0.0], [0.0, -0.0964841606609445, 1.3290359044051283, -1.1810064530050586, 0.2866080895217673, 0.0, 0.0, 0.0, 0.0, 0.0], [0.0, 0.0, 0.0, 0.0, 0.0, 0.0, 0.0, -0.04347968121161507, 0.0, 0.0], [0.0, 0.0, 0.0, 0.0, 0.0, 0.0, 0.0, 0.0, 0.0, 0.0], [0.0, 0.0, 0.0, 0.0, 0.0, -0.06088262067225999, 0.37324010918179973, 0.47950925222015484, 0.0, 0.0], [0.0, 0.0, 0.0, 0.0, 0.0, 0.0, 0.0, 0.0, 0.0, 0.0]]),
     np.array([1.0, 50.871378730298396, 7.330895274301453, 22.824021215353735, 34.079916133271986, 17.244474706098828, 0.9944681267158402, 1.0, 14.782334195922378, 1.0]),
     np.array([[0.0, 0.0, 0.0, 0.0, 0.0, 0.0, 0.0, 0.0, 0.0, 0.0], [2.618634868781761, -12.576661010140526, 0.0, 0.0, 0.0, 0.0, 0.0, 0.0, 0.0, 0.0], [0.0, -0.7179158782340477, -0.5258742068744799, 0.0, 0.0, -1.2431464413670352, 0.0, 0.0, 0.0, 0.0], [-1.4208311707456467, 0.0, 1.0359930537746278, -0.19914960924726666, 0.0, 0.0, 0.0, 0.0, 0.0, 0.0], [1.8597713468682566, 0.0, 0.0, -2.1885770764430035, -7.876849689386902, 0.0, 0.0, 0.0, 0.0, 0.0], [0.0, -0.3190462629211022, 1.6536108295490117, 3.1119803040135507, -0.4092819133129147, 0.0, 0.0, 0.0, 0.0, 0.0], [0.0, 0.0, 0.0, 0.0, 0.0, 0.0, 0.0, 0.038977774307787774, 0.0, 0.0], [0.0, 0.0, 0.0, 0.0, 0.0, 0.0, 0.0, 0.0, 0.0, 0.0], [0.0, 0.0, 0.0, 0.0, 0.0, 3.775603865072387, -0.40730312379300865, 0.17507676403810044, 0.0, 0.0], [0.0, 0.0, 0.0, 0.0, 0.0, 0.0, 0.0, 0.0, 0.0, 0.0]])),
    (np.array([1.0280441612108056, 1.1870975240554833, 1.4033008994647391, 0.8483300624386937, 0.43769274400249425, 0.3502671381319883, 1.065864335921655, 1.0245260883183787, 0.29231899067579276, 1.5476554029338214]),
     np.array([[0.0, 0.0, 0.0, 0.0, 0.0, 0.0, 0.0, 0.0, 0.0, 0.0], [0.06432937711933669, 0.2434803378381243, 0.0, 0.0, 0.0, 0.0, 0.0, 0.0, 0.0, 0.0], [0.0, -0.48991056415349993, 0.015121775278428423, 0.0, 0.0, -0.16395906340619962, 0.0, 0.0, 0.0, 0.0], [-0.06382032397166607, 0.0, 0.20122436798741375, -0.48620325907067174, 0.0, 0.0, 0.0, 0.0, 0.0, 0.0], [0.18278465018506787, 0.0, 0.0, 0.07153389976047343, -0.03175360129356159, 0.0, 0.0, 0.0, 0.0, 0.0], [0.0, -0.20754958669884027, 0.9484488514010803, -0.801091822294729, 0.25740307260827155, 0.0, 0.0, 0.0, 0.0, 0.0], [0.0, 0.0, 0.0, 0.0, 0.0, 0.0, 0.0, 0.04577157050580559, 0.0, 0.0], [0.0, 0.0, 0.0, 0.0, 0.0, 0.0, 0.0, 0.0, 0.0, 0.0], [0.0, 0.0, 0.0, 0.0, 0.0, 0.1931823761377099, 0.12516844767912297, 0.17150781532644654, 0.0, 0.0], [0.0, 0.0, 0.0, 0.0, 0.0, 0.0, 0.0, 0.0, 0.0, 0.0]]),
     np.array([1.0, 0.19204594602465017, 3.963615691607972, 4.423413503800863, 2.9699400974129766, 12.822326489127448, 1.1548044619468338, 1.0, 6.417382451647113, 1.0]),
     np.array([[0.0, 0.0, 0.0, 0.0, 0.0, 0.0, 0.0, 0.0, 0.0, 0.0], [0.048981425229732534, -0.07674392304049651, 0.0, 0.0, 0.0, 0.0, 0.0, 0.0, 0.0, 0.0], [0.0, -0.04028322269275009, -0.12669330684070895, 0.0, 0.0, 0.5479618210855468, 0.0, 0.0, 0.0, 0.0], [0.5519902528513405, 0.0, 0.17844768395502628, 0.07114794280396948, 0.0, 0.0, 0.0, 0.0, 0.0, 0.0], [0.18501607166334766, 0.0, 0.0, 0.3105859448167761, 0.39527319194769284, 0.0, 0.0, 0.0, 0.0, 0.0], [0.0, 0.7655920031273107, 1.2146741827044256, 0.4126865682897401, -0.5934412459642798, 0.0, 0.0, 0.0, 0.0, 0.0], [0.0, 0.0, 0.0, 0.0, 0.0, 0.0, 0.0, 0.05595862430533362, 0.0, 0.0], [0.0, 0.0, 0.0, 0.0, 0.0, 0.0, 0.0, 0.0, 0.0, 0.0], [0.0, 0.0, 0.0, 0.0, 0.0, -0.40972756353195655, 1.1312627236744983, 0.029670715435420422, 0.0, 0.0], [0.0, 0.0, 0.0, 0.0, 0.0, 0.0, 0.0, 0.0, 0.0, 0.0]])),
    (np.array([1.0180858934568524, 1.2989323024792547, 1.29213616241333, 0.7816419665146791, 0.5225710630805703, 0.32997138455672825, 1.1407175748869915, 1.0817529488836441, 0.2871391984321423, 1.5746690469348112]),
     np.array([[0.0, 0.0, 0.0, 0.0, 0.0, 0.0, 0.0, 0.0, 0.0, 0.0], [0.2473718949028072, -0.2072326447756827, 0.0, 0.0, 0.0, 0.0, 0.0, 0.0, 0.0, 0.0], [0.0, -0.07458047639871271, 0.2649742677134368, 0.0, 0.0, -0.11840256818525485, 0.0, 0.0, 0.0, 0.0], [-0.24467413892851023, 0.0, 0.7621768367352559, -0.7220583378336854, 0.0, 0.0, 0.0, 0.0, 0.0, 0.0], [0.26883111721746905, 0.0, 0.0, -0.2648563458128243, 0.30368589487969166, 0.0, 0.0, 0.0, 0.0, 0.0], [0.0, -0.14671600853209144, 1.1088092029332148, -1.2426794709015159, 0.06307175802335212, 0.0, 0.0, 0.0, 0.0, 0.0], [0.0, 0.0, 0.0, 0.0, 0.0, 0.0, 0.0, -0.14931679278259274, 0.0, 0.0], [0.0, 0.0, 0.0, 0.0, 0.0, 0.0, 0.0, 0.0, 0.0, 0.0], [0.0, 0.0, 0.0, 0.0, 0.0, 0.022490475655078, 0.2496372307672663, 0.37249320152535426, 0.0, 0.0], [0.0, 0.0, 0.0, 0.0, 0.0, 0.0, 0.0, 0.0, 0.0, 0.0]]),
     np.array([1.0, 8.315567857954983, 0.3828879433574646, 22.279710268058896, 18.035339597994508, 20.233299510220476, 3.0895875367529357, 1.0, 11.337852658390629, 1.0]),
     np.array([[0.0, 0.0, 0.0, 0.0, 0.0, 0.0, 0.0, 0.0, 0.0, 0.0], [0.3646748087074022, -0.8230583848603954, 0.0, 0.0, 0.0, 0.0, 0.0, 0.0, 0.0, 0.0], [0.0, -0.022870736256469838, -0.09799905222286301, 0.0, 0.0, 0.11052583814168636, 0.0, 0.0, 0.0, 0.0], [-0.48620637734516786, 0.0, 0.6065288850252307, -1.4498165464526531, 0.0, 0.0, 0.0, 0.0, 0.0, 0.0], [2.5019993710676305, 0.0, 0.0, -1.9602739283899986, -7.571468237487245, 0.0, 0.0, 0.0, 0.0, 0.0], [0.0, -0.8290293779294463, 0.27562797418520096, -3.4832656539946703, 0.6882950066811496, 0.0, 0.0, 0.0, 0.0, 0.0], [0.0, 0.0, 0.0, 0.0, 0.0, 0.0, 0.0, -0.31461974209587046, 0.0, 0.0], [0.0, 0.0, 0.0, 0.0, 0.0, 0.0, 0.0, 0.0, 0.0, 0.0], [0.0, 0.0, 0.0, 0.0, 0.0, -10.924043783526308, -0.652148448293987, -0.19899903080661, 0.0, 0.0], [0.0, 0.0, 0.0, 0.0, 0.0, 0.0, 0.0, 0.0, 0.0, 0.0]])),
    (np.array([1.0050009234735393, 1.362345513839362, 1.260712669423766, 0.7950874212118365, 0.5227898907225206, 0.29842384370299685, 1.517256547809941, 1.0769550094949707, 0.31108769498900507, 1.5857585898617534]),
     np.array([[0.0, 0.0, 0.0, 0.0, 0.0, 0.0, 0.0, 0.0, 0.0, 0.0], [0.4487260427881629, -0.6187567919901208, 0.0, 0.0, 0.0, 0.0, 0.0, 0.0, 0.0, 0.0], [0.0, -0.5166791660903992, 0.15511126423639446, 0.0, 0.0, 0.5206156959446406, 0.0, 0.0, 0.0, 0.0], [0.020621065400488258, 0.0, 0.34273228221695445, -0.22889183485513476, 0.0, 0.0, 0.0, 0.0, 0.0, 0.0], [0.396674297061978, 0.0, 0.0, -0.24941813305455318, 0.5300451431779488, 0.0, 0.0, 0.0, 0.0, 0.0], [0.0, -0.22871483268286893, 1.1642596890744907, -1.0836752108115975, 0.4471937747611104, 0.0, 0.0, 0.0, 0.0, 0.0], [0.0, 0.0, 0.0, 0.0, 0.0, 0.0, 0.0, -0.02909887498785308, 0.0, 0.0], [0.0, 0.0, 0.0, 0.0, 0.0, 0.0, 0.0, 0.0, 0.0, 0.0], [0.0, 0.0, 0.0, 0.0, 0.0, 0.48187294202242154, 0.3589821389472217, 0.4275385320845033, 0.0, 0.0], [0.0, 0.0, 0.0, 0.0, 0.0, 0.0, 0.0, 0.0, 0.0, 0.0]]),
     np.array([1.0, 10.563397407806434, 8.499571863728168, 5.318249895927033, 8.326941075594851, 23.96150121210234, 0.035311393132189305, 1.0, 15.081104410594826, 1.0]),
     np.array([[0.0, 0.0, 0.0, 0.0, 0.0, 0.0, 0.0, 0.0, 0.0, 0.0], [-0.7416601884043659, 0.9082618387935806, 0.0, 0.0, 0.0, 0.0, 0.0, 0.0, 0.0, 0.0], [0.0, -0.08099178955393925, 1.097689737827312, 0.0, 0.0, 0.8933171478078321, 0.0, 0.0, 0.0, 0.0], [0.2221658611532016, 0.0, 0.4073842188600389, -0.595222197843514, 0.0, 0.0, 0.0, 0.0, 0.0, 0.0], [0.39013176762940677, 0.0, 0.0, 0.34407767214684337, -0.5539296969342817, 0.0, 0.0, 0.0, 0.0, 0.0], [0.0, 3.0881988194815384, 0.8415632117224487, 2.1622287365479407, 2.6666218568565507, 0.0, 0.0, 0.0, 0.0, 0.0], [0.0, 0.0, 0.0, 0.0, 0.0, 0.0, 0.0, -0.013376507532882062, 0.0, 0.0], [0.0, 0.0, 0.0, 0.0, 0.0, 0.0, 0.0, 0.0, 0.0, 0.0], [0.0, 0.0, 0.0, 0.0, 0.0, 1.5770311302438895, 0.7866220702534188, 2.04272694854531, 0.0, 0.0], [0.0, 0.0, 0.0, 0.0, 0.0, 0.0, 0.0, 0.0, 0.0, 0.0]])),
    (np.array([0.9577275509426523, 1.3269393740698232, 1.2342073534490126, 0.8583402905475757, 0.4948538564808939, 0.29322468148993397, 0.8300125508777194, 1.0270739789873384, 0.28746225337457953, 1.5138722264355635]),
     np.array([[0.0, 0.0, 0.0, 0.0, 0.0, 0.0, 0.0, 0.0, 0.0, 0.0], [0.7558426736923507, -0.41649431656621505, 0.0, 0.0, 0.0, 0.0, 0.0, 0.0, 0.0, 0.0], [0.0, -0.152686000508608, 0.10665128883496432, 0.0, 0.0, 0.2283694379102496, 0.0, 0.0, 0.0, 0.0], [-0.03672807885590145, 0.0, 0.06320345902561807, -0.0005621169036031619, 0.0, 0.0, 0.0, 0.0, 0.0, 0.0], [0.909537414504778, 0.0, 0.0, -0.5379217076679198, 0.8539257054935683, 0.0, 0.0, 0.0, 0.0, 0.0], [0.0, -0.05411406291683745, 1.0018861564422208, -0.736636124244585, -0.16135455306968546, 0.0, 0.0, 0.0, 0.0, 0.0], [0.0, 0.0, 0.0, 0.0, 0.0, 0.0, 0.0, 0.014313545395654981, 0.0, 0.0], [0.0, 0.0, 0.0, 0.0, 0.0, 0.0, 0.0, 0.0, 0.0, 0.0], [0.0, 0.0, 0.0, 0.0, 0.0, 0.2515472529890005, 0.2717712209387347, 0.465673571546165, 0.0, 0.0], [0.0, 0.0, 0.0, 0.0, 0.0, 0.0, 0.0, 0.0, 0.0, 0.0]]),
     np.array([1.0, 11.974816957759232, 2.4065690680570566, 1.0936183923412015, 31.32057622709526, 14.275369639584381, 0.17310570241268522, 1.0, 13.531798261099723, 1.0]),
     np.array([[0.0, 0.0, 0.0, 0.0, 0.0, 0.0, 0.0, 0.0, 0.0, 0.0], [0.8219468979458701, -0.2366333463495755, 0.0, 0.0, 0.0, 0.0, 0.0, 0.0, 0.0, 0.0], [0.0, -0.1618994680145037, -0.16848468559525825, 0.0, 0.0, -0.5301304852842548, 0.0, 0.0, 0.0, 0.0], [-0.09413285881292502, 0.0, 0.05417512842251688, -0.11444385961280316, 0.0, 0.0, 0.0, 0.0, 0.0, 0.0], [1.173910490735342, 0.0, 0.0, -0.8936371540923851, -8.51208429529916, 0.0, 0.0, 0.0, 0.0, 0.0], [0.0, -0.85600686450616, 1.7699868909642238, -5.039483025327547, 0.7919850551451725, 0.0, 0.0, 0.0, 0.0, 0.0], [0.0, 0.0, 0.0, 0.0, 0.0, 0.0, 0.0, 0.05219265603664774, 0.0, 0.0], [0.0, 0.0, 0.0, 0.0, 0.0, 0.0, 0.0, 0.0, 0.0, 0.0], [0.0, 0.0, 0.0, 0.0, 0.0, 0.7170267632618063, 0.051746456459933934, 0.0943368718731358, 0.0, 0.0], [0.0, 0.0, 0.0, 0.0, 0.0, 0.0, 0.0, 0.0, 0.0, 0.0]])),
    (np.array([1.0093847859441027, 1.2951425746292562, 1.2441272405359403, 0.7855432711044505, 0.5102537944813628, 0.32525262118390885, 1.1310371323101804, 1.0075414433193968, 0.30772175999939755, 1.558172980726522]),
     np.array([[0.0, 0.0, 0.0, 0.0, 0.0, 0.0, 0.0, 0.0, 0.0, 0.0], [1.6398682942093423, -0.9193930986068547, 0.0, 0.0, 0.0, 0.0, 0.0, 0.0, 0.0, 0.0], [0.0, -1.2614482396246425, 0.6871525275851471, 0.0, 0.0, 0.4870903718068228, 0.0, 0.0, 0.0, 0.0], [-0.2703275883708621, 0.0, 2.1656662324288027, -1.6061043665989594, 0.0, 0.0, 0.0, 0.0, 0.0, 0.0], [1.9756151225340517, 0.0, 0.0, -0.9887524915199853, 0.8867305509801632, 0.0, 0.0, 0.0, 0.0, 0.0], [0.0, -0.14284907212843015, 1.6105010942535058, -1.936537019055536, 0.21617047465647904, 0.0, 0.0, 0.0, 0.0, 0.0], [0.0, 0.0, 0.0, 0.0, 0.0, 0.0, 0.0, 0.02630033757222641, 0.0, 0.0], [0.0, 0.0, 0.0, 0.0, 0.0, 0.0, 0.0, 0.0, 0.0, 0.0], [0.0, 0.0, 0.0, 0.0, 0.0, 0.14152263177218455, 0.9700046948328622, 1.7266147696350356, 0.0, 0.0], [0.0, 0.0, 0.0, 0.0, 0.0, 0.0, 0.0, 0.0, 0.0, 0.0]]),
     np.array([1.0, 66.58920708735694, 77.51660847479977, 92.4440666792545, 78.32624165646494, 21.064384629606735, 0.052857246593248274, 1.0, 91.51775665600991, 1.0]),
     np.array([[0.0, 0.0, 0.0, 0.0, 0.0, 0.0, 0.0, 0.0, 0.0, 0.0], [3.966383171907617, -5.751635897387233, 0.0, 0.0, 0.0, 0.0, 0.0, 0.0, 0.0, 0.0], [0.0, 4.906819805041523, -0.8184890861316013, 0.0, 0.0, 12.861061650565544, 0.0, 0.0, 0.0, 0.0], [3.5859257896094516, 0.0, 12.748565228808932, 1.8742617437997227, 0.0, 0.0, 0.0, 0.0, 0.0, 0.0], [5.126791159185819, 0.0, 0.0, 43.14379496705863, -33.17474343888367, 0.0, 0.0, 0.0, 0.0, 0.0], [0.0, -2.302022721731396, 4.191425321486924, 6.009315785082424, -27.99178910750061, 0.0, 0.0, 0.0, 0.0, 0.0], [0.0, 0.0, 0.0, 0.0, 0.0, 0.0, 0.0, -0.0040155538147325625, 0.0, 0.0], [0.0, 0.0, 0.0, 0.0, 0.0, 0.0, 0.0, 0.0, 0.0, 0.0], [0.0, 0.0, 0.0, 0.0, 0.0, -9.558382228706932, 11.172844962775871, 0.6905192623911633, 0.0, 0.0], [0.0, 0.0, 0.0, 0.0, 0.0, 0.0, 0.0, 0.0, 0.0, 0.0]])),
    (np.array([1.0278753615307328, 1.303264241588732, 1.2106167553783396, 0.8382252514950961, 0.5201384789202176, 0.3057885709959828, 1.2108054461060407, 1.0278753615307872, 0.2733191383091976, 1.5450917182970532]),
     np.array([[0.0, 0.0, 0.0, 0.0, 0.0, 0.0, 0.0, 0.0, 0.0, 0.0], [0.9818867943057327, -0.5711440489381374, 0.0, 0.0, 0.0, 0.0, 0.0, 0.0, 0.0, 0.0], [0.0, -0.9435914384009282, 0.7172745101927981, 0.0, 0.0, 0.28971402497956894, 0.0, 0.0, 0.0, 0.0], [-0.12345554447664013, 0.0, 1.1447897824139062, -1.254281342323878, 0.0, 0.0, 0.0, 0.0, 0.0, 0.0], [0.4716453440934295, 0.0, 0.0, -0.48379754044349266, 0.587574793605416, 0.0, 0.0, 0.0, 0.0, 0.0], [0.0, -0.16176031006447036, 1.394401480159979, -1.4831262160330159, 0.2228803796442295, 0.0, 0.0, 0.0, 0.0, 0.0], [0.0, 0.0, 0.0, 0.0, 0.0, 0.0, 0.0, -0.04079881241873884, 0.0, 0.0], [0.0, 0.0, 0.0, 0.0, 0.0, 0.0, 0.0, 0.0, 0.0, 0.0], [0.0, 0.0, 0.0, 0.0, 0.0, 0.1866398091060997, 0.09868335100979399, 0.2976147984164711, 0.0, 0.0], [0.0, 0.0, 0.0, 0.0, 0.0, 0.0, 0.0, 0.0, 0.0, 0.0]]),
     np.array([1.0, 52.876217522926765, 21.67486345174502, 41.56250338629348, 19.933948384713137, 20.050426499020954, 1.269487321794138, 1.0, 4.547762005076212, 1.0]),
     np.array([[0.0, 0.0, 0.0, 0.0, 0.0, 0.0, 0.0, 0.0, 0.0, 0.0], [0.9931651160012096, -3.693177341187972, 0.0, 0.0, 0.0, 0.0, 0.0, 0.0, 0.0, 0.0], [0.0, 0.36102138692069596, -0.799732387659477, 0.0, 0.0, -4.531000836059986, 0.0, 0.0, 0.0, 0.0], [-0.27990237234373655, 0.0, 3.4707988487824206, -21.247062076371645, 0.0, 0.0, 0.0, 0.0, 0.0, 0.0], [1.1467201573753476, 0.0, 0.0, -0.24502141618728182, 0.14020628161005683, 0.0, 0.0, 0.0, 0.0, 0.0], [0.0, -0.432537162758416, 2.4667918631392967, 1.668813369374483, -4.810506846325068, 0.0, 0.0, 0.0, 0.0, 0.0], [0.0, 0.0, 0.0, 0.0, 0.0, 0.0, 0.0, -0.0801861939346969, 0.0, 0.0], [0.0, 0.0, 0.0, 0.0, 0.0, 0.0, 0.0, 0.0, 0.0, 0.0], [0.0, 0.0, 0.0, 0.0, 0.0, 0.006088379023300902, 0.0532261344970226, 0.052382313156954845, 0.0, 0.0], [0.0, 0.0, 0.0, 0.0, 0.0, 0.0, 0.0, 0.0, 0.0, 0.0]])),
    (np.array([0.978828424185419, 2.1423281107041543, 1.2409917177135816, 0.8246582020708313, 0.5220613708783048, 0.2815849681194779, 1.142848521326097, 1.0034731327478708, 0.25904167833934993, 1.544874329893853]),
     np.array([[0.0, 0.0, 0.0, 0.0, 0.0, 0.0, 0.0, 0.0, 0.0, 0.0], [0.04662547443565872, -1.1386895829155539, 0.0, 0.0, 0.0, 0.0, 0.0, 0.0, 0.0, 0.0], [0.0, -1.6253071759592908, 1.6939384696821942, 0.0, 0.0, -0.18546514798097066, 0.0, 0.0, 0.0, 0.0], [-0.5586346344789999, 0.0, 0.948035334917815, -0.661361316554885, 0.0, 0.0, 0.0, 0.0, 0.0, 0.0], [1.1137860476196788, 0.0, 0.0, -0.5389454432895129, 0.21140479694392478, 0.0, 0.0, 0.0, 0.0, 0.0], [0.0, -0.05751541470592649, 1.253428164387329, -0.9547232454761404, 0.032158530139883734, 0.0, 0.0, 0.0, 0.0, 0.0], [0.0, 0.0, 0.0, 0.0, 0.0, 0.0, 0.0, -0.010847813795030997, 0.0, 0.0], [0.0, 0.0, 0.0, 0.0, 0.0, 0.0, 0.0, 0.0, 0.0, 0.0], [0.0, 0.0, 0.0, 0.0, 0.0, 0.38900718000729967, 0.334504541402907, 0.4151677005464519, 0.0, 0.0], [0.0, 0.0, 0.0, 0.0, 0.0, 0.0, 0.0, 0.0, 0.0, 0.0]]),
     np.array([1.0, 0.1502409013467404, 49.95125147558666, 38.74797783481889, 38.05220421661754, 14.57807699370353, 0.5284904922630178, 1.0, 9.964064113028162, 1.0]),
     np.array([[0.0, 0.0, 0.0, 0.0, 0.0, 0.0, 0.0, 0.0, 0.0, 0.0], [0.009922877513804588, 0.012944367740214525, 0.0, 0.0, 0.0, 0.0, 0.0, 0.0, 0.0, 0.0], [0.0, 3.122596711066534, -1.2032945531189154, 0.0, 0.0, -9.774685053837318, 0.0, 0.0, 0.0, 0.0], [-2.93019799156716, 0.0, -4.513865168116079, -6.678520289764485, 0.0, 0.0, 0.0, 0.0, 0.0, 0.0], [-0.3049753149315113, 0.0, 0.0, 2.6313346936949635, -1.036506704989038, 0.0, 0.0, 0.0, 0.0, 0.0], [0.0, -0.857946448965366, 0.1989436342009592, 3.700541220097272, 3.023641406260884, 0.0, 0.0, 0.0, 0.0, 0.0], [0.0, 0.0, 0.0, 0.0, 0.0, 0.0, 0.0, -0.0390188002708958, 0.0, 0.0], [0.0, 0.0, 0.0, 0.0, 0.0, 0.0, 0.0, 0.0, 0.0, 0.0], [0.0, 0.0, 0.0, 0.0, 0.0, -1.6044220261557054, -0.921598586965471, 0.9728502842579985, 0.0, 0.0], [0.0, 0.0, 0.0, 0.0, 0.0, 0.0, 0.0, 0.0, 0.0, 0.0]])),
    (np.array([0.9918345540320407, 1.2790248115161718, 1.2041642912431378, 0.8497644904000642, 0.5154296334759282, 0.2953424403540054, 1.1758889497476641, 1.0529400096932773, 0.2662966069489887, 1.5301937214020547]),
     np.array([[0.0, 0.0, 0.0, 0.0, 0.0, 0.0, 0.0, 0.0, 0.0, 0.0], [1.872089885822093, -0.7321130563655917, 0.0, 0.0, 0.0, 0.0, 0.0, 0.0, 0.0, 0.0], [0.0, -0.8232249344735758, 0.6686017092860165, 0.0, 0.0, 1.3966256347132007, 0.0, 0.0, 0.0, 0.0], [-0.2675889254958943, 0.0, 0.32766315765148846, -0.5312947411726167, 0.0, 0.0, 0.0, 0.0, 0.0, 0.0], [0.8471270316480135, 0.0, 0.0, -0.490567326489599, 1.1577957271716217, 0.0, 0.0, 0.0, 0.0, 0.0], [0.0, -0.17407197624271417, 1.529633218096999, -1.2544464513723361, 0.056913256343011406, 0.0, 0.0, 0.0, 0.0, 0.0], [0.0, 0.0, 0.0, 0.0, 0.0, 0.0, 0.0, -0.038899200557669766, 0.0, 0.0], [0.0, 0.0, 0.0, 0.0, 0.0, 0.0, 0.0, 0.0, 0.0, 0.0], [0.0, 0.0, 0.0, 0.0, 0.0, 0.14505845265775255, 0.37476647637612215, 0.41986085847994264, 0.0, 0.0], [0.0, 0.0, 0.0, 0.0, 0.0, 0.0, 0.0, 0.0, 0.0, 0.0]]),
     np.array([1.0, 26.369838184545454, 23.456962107031423, 15.118191755261114, 20.454334887420792, 19.33390845128194, 0.16046527102931465, 1.0, 13.683328422762445, 1.0]),
     np.array([[0.0, 0.0, 0.0, 0.0, 0.0, 0.0, 0.0, 0.0, 0.0, 0.0], [2.8274444343905722, 0.046617083911352074, 0.0, 0.0, 0.0, 0.0, 0.0, 0.0, 0.0, 0.0], [0.0, -1.6294137581373, 0.8811136203702427, 0.0, 0.0, 0.6512892755197632, 0.0, 0.0, 0.0, 0.0], [0.9536299336505175, 0.0, 0.33601281160987606, -0.7498187947316399, 0.0, 0.0, 0.0, 0.0, 0.0, 0.0], [1.5077650944272556, 0.0, 0.0, 2.647461624183567, -2.105967128358475, 0.0, 0.0, 0.0, 0.0, 0.0], [0.0, -11.575927984791, 2.1376883280765795, -1.2801702102259043, -0.9940882606806873, 0.0, 0.0, 0.0, 0.0, 0.0], [0.0, 0.0, 0.0, 0.0, 0.0, 0.0, 0.0, -0.009105526124515744, 0.0, 0.0], [0.0, 0.0, 0.0, 0.0, 0.0, 0.0, 0.0, 0.0, 0.0, 0.0], [0.0, 0.0, 0.0, 0.0, 0.0, 0.5862046274600585, 0.6121725253721504, -0.7096679040209823, 0.0, 0.0], [0.0, 0.0, 0.0, 0.0, 0.0, 0.0, 0.0, 0.0, 0.0, 0.0]])),
    (np.array([0.9725899794990077, 1.2843701718550138, 1.229606734680994, 0.8350919613012173, 0.507902511052064, 0.323793042826274, 1.2311463285662643, 1.0547280967695685, 0.3065287517655947, 1.5755221823443935]),
     np.array([[0.0, 0.0, 0.0, 0.0, 0.0, 0.0, 0.0, 0.0, 0.0, 0.0], [0.05683891199688462, 0.3661770396946279, 0.0, 0.0, 0.0, 0.0, 0.0, 0.0, 0.0, 0.0], [0.0, -1.1286351516337896, 0.6573147690209393, 0.0, 0.0, 0.6568416497578969, 0.0, 0.0, 0.0, 0.0], [-0.7443226877835525, 0.0, 0.949263085219125, -0.8889633353654051, 0.0, 0.0, 0.0, 0.0, 0.0, 0.0], [0.8843330145002118, 0.0, 0.0, -0.464492629857994, 0.3208945300737033, 0.0, 0.0, 0.0, 0.0, 0.0], [0.0, -0.08969804023086016, 0.8614451914645255, -0.807314738506399, -0.20053171427072963, 0.0, 0.0, 0.0, 0.0, 0.0], [0.0, 0.0, 0.0, 0.0, 0.0, 0.0, 0.0, 0.01414307876119348, 0.0, 0.0], [0.0, 0.0, 0.0, 0.0, 0.0, 0.0, 0.0, 0.0, 0.0, 0.0], [0.0, 0.0, 0.0, 0.0, 0.0, -0.06701274195457324, 0.1977594698585471, 0.6799193085404013, 0.0, 0.0], [0.0, 0.0, 0.0, 0.0, 0.0, 0.0, 0.0, 0.0, 0.0, 0.0]]),
     np.array([1.0, 3.415415550981723, 25.479661415812387, 51.268698921566816, 22.767927112342633, 11.8856428820619, 0.6107284143244907, 1.0, 17.34422557015159, 1.0]),
     np.array([[0.0, 0.0, 0.0, 0.0, 0.0, 0.0, 0.0, 0.0, 0.0, 0.0], [-0.588536961355753, -0.12341341274863082, 0.0, 0.0, 0.0, 0.0, 0.0, 0.0, 0.0, 0.0], [0.0, 0.3714440193678457, 1.7756752303422874, 0.0, 0.0, 3.579118667432535, 0.0, 0.0, 0.0, 0.0], [-3.804706468941516, 0.0, 3.2927602415002553, -22.746263566134207, 0.0, 0.0, 0.0, 0.0, 0.0, 0.0], [-0.4326635854157056, 0.0, 0.0, 8.83132469178465, 0.7917445113901566, 0.0, 0.0, 0.0, 0.0, 0.0], [0.0, 2.214304221613917, 2.0643119878187846, -3.7572426658345215, -1.4282745301083937, 0.0, 0.0, 0.0, 0.0, 0.0], [0.0, 0.0, 0.0, 0.0, 0.0, 0.0, 0.0, -0.13680374383825444, 0.0, 0.0], [0.0, 0.0, 0.0, 0.0, 0.0, 0.0, 0.0, 0.0, 0.0, 0.0], [0.0, 0.0, 0.0, 0.0, 0.0, -2.2653423119358638, 1.9176512460204502, 0.423458648696603, 0.0, 0.0], [0.0, 0.0, 0.0, 0.0, 0.0, 0.0, 0.0, 0.0, 0.0, 0.0]])),
    (np.array([0.96417625584984, 1.7452649928646413, 1.1847174241087264, 0.8156914461959848, 0.4784319928544595, 0.28879448837312616, 1.1622388430384045, 1.0821433193938623, 0.2755186736222051, 1.5473272506788147]),
     np.array([[0.0, 0.0, 0.0, 0.0, 0.0, 0.0, 0.0, 0.0, 0.0, 0.0], [0.07017164105052208, -0.27308682998960315, 0.0, 0.0, 0.0, 0.0, 0.0, 0.0, 0.0, 0.0], [0.0, -0.8157470795850453, 0.5480953197318117, 0.0, 0.0, -0.0002647329968410647, 0.0, 0.0, 0.0, 0.0], [-0.43600139548347777, 0.0, 0.5330159581063029, -0.8388229863570861, 0.0, 0.0, 0.0, 0.0, 0.0, 0.0], [0.2406486980440753, 0.0, 0.0, -0.026843593700815214, -0.18204476375958184, 0.0, 0.0, 0.0, 0.0, 0.0], [0.0, -0.05337530787575097, 1.467982781819698, -1.9404156792077787, 0.6497258184184902, 0.0, 0.0, 0.0, 0.0, 0.0], [0.0, 0.0, 0.0, 0.0, 0.0, 0.0, 0.0, -0.17541151722156764, 0.0, 0.0], [0.0, 0.0, 0.0, 0.0, 0.0, 0.0, 0.0, 0.0, 0.0, 0.0], [0.0, 0.0, 0.0, 0.0, 0.0, 0.35130039445029865, 0.07766470742512772, 0.1706197292881511, 0.0, 0.0], [0.0, 0.0, 0.0, 0.0, 0.0, 0.0, 0.0, 0.0, 0.0, 0.0]]),
     np.array([1.0, 0.048100672282515335, 16.86224244370167, 14.233838894141046, 10.794091638909258, 33.87287154621898, 4.899950972384658, 1.0, 5.741233877317736, 1.0]),
     np.array([[0.0, 0.0, 0.0, 0.0, 0.0, 0.0, 0.0, 0.0, 0.0, 0.0], [-0.0028105152398811197, -0.006831642202919716, 0.0, 0.0, 0.0, 0.0, 0.0, 0.0, 0.0, 0.0], [0.0, -0.005925113254508821, 1.1187056587788664, 0.0, 0.0, -0.17154222234590968, 0.0, 0.0, 0.0, 0.0], [1.0975782126912514, 0.0, 1.268131534013261, -1.0322457290937783, 0.0, 0.0, 0.0, 0.0, 0.0, 0.0], [1.1662749453062762, 0.0, 0.0, 0.5755926284805338, -3.9831680408309023, 0.0, 0.0, 0.0, 0.0, 0.0], [0.0, 0.3959542954143991, 2.962256348700696, -0.5971263949402884, -1.7430642357355002, 0.0, 0.0, 0.0, 0.0, 0.0], [0.0, 0.0, 0.0, 0.0, 0.0, 0.0, 0.0, -0.09601376815394218, 0.0, 0.0], [0.0, 0.0, 0.0, 0.0, 0.0, 0.0, 0.0, 0.0, 0.0, 0.0], [0.0, 0.0, 0.0, 0.0, 0.0, 0.0060435733230295, 0.4910373942659074, -0.1847607394695494, 0.0, 0.0], [0.0, 0.0, 0.0, 0.0, 0.0, 0.0, 0.0, 0.0, 0.0, 0.0]])),
    (np.array([1.0136290291534018, 1.612456823576508, 1.2832295215632576, 0.8399912420880747, 0.48853225416346446, 0.32115259025044707, 1.0980343435380244, 1.0314448955022315, 0.29400610239300506, 1.5705571337292206]),
     np.array([[0.0, 0.0, 0.0, 0.0, 0.0, 0.0, 0.0, 0.0, 0.0, 0.0], [0.02149324784070444, -0.7261337954369388, 0.0, 0.0, 0.0, 0.0, 0.0, 0.0, 0.0, 0.0], [0.0, -1.0599293761182826, 0.6302251638666486, 0.0, 0.0, 0.29437287146448743, 0.0, 0.0, 0.0, 0.0], [-0.40972849032188413, 0.0, 1.557230838609125, -1.7547874652675326, 0.0, 0.0, 0.0, 0.0, 0.0, 0.0], [0.07181485330260504, 0.0, 0.0, -0.06868730552276209, 0.3996020767565831, 0.0, 0.0, 0.0, 0.0, 0.0], [0.0, -0.12974805156535849, 0.8176595934676291, -0.8063865457317517, -0.000568038278091832, 0.0, 0.0, 0.0, 0.0, 0.0], [0.0, 0.0, 0.0, 0.0, 0.0, 0.0, 0.0, -0.21507553923737552, 0.0, 0.0], [0.0, 0.0, 0.0, 0.0, 0.0, 0.0, 0.0, 0.0, 0.0, 0.0], [0.0, 0.0, 0.0, 0.0, 0.0, -0.038707571196990274, 0.2096793410882512, 0.3286287410156997, 0.0, 0.0], [0.0, 0.0, 0.0, 0.0, 0.0, 0.0, 0.0, 0.0, 0.0, 0.0]]),
     np.array([1.0, 0.45092210477468014, 15.77883740931097, 61.95737412229446, 0.9669077290677521, 11.839992407749861, 10.524306704320228, 1.0, 6.673219362071791, 1.0]),
     np.array([[0.0, 0.0, 0.0, 0.0, 0.0, 0.0, 0.0, 0.0, 0.0, 0.0], [0.038842404569479884, 0.07973741742809186, 0.0, 0.0, 0.0, 0.0, 0.0, 0.0, 0.0, 0.0], [0.0, -1.5748101739461309, 0.8393877386231277, 0.0, 0.0, 1.8003772007636971, 0.0, 0.0, 0.0, 0.0], [-0.49592927818954935, 0.0, -2.635886942368287, 5.580915383871568, 0.0, 0.0, 0.0, 0.0, 0.0, 0.0], [-0.051592985401214125, 0.0, 0.0, -0.19134858950427325, -0.06163412513226418, 0.0, 0.0, 0.0, 0.0, 0.0], [0.0, 0.9841366810074472, 1.4127560990926475, 1.4350281901668758, -1.3965651441755624, 0.0, 0.0, 0.0, 0.0, 0.0], [0.0, 0.0, 0.0, 0.0, 0.0, 0.0, 0.0, -0.6249640213600469, 0.0, 0.0], [0.0, 0.0, 0.0, 0.0, 0.0, 0.0, 0.0, 0.0, 0.0, 0.0], [0.0, 0.0, 0.0, 0.0, 0.0, 1.9638826723094447, -0.38325830778296166, -0.08758621577398663, 0.0, 0.0], [0.0, 0.0, 0.0, 0.0, 0.0, 0.0, 0.0, 0.0, 0.0, 0.0]])),
    (np.array([0.996790813731618, 1.3314759420102724, 1.1920525957368964, 0.6654839296023152, 0.5446927444885801, 0.2971160892062943, 1.037036021294654, 1.0394832436199708, 0.2934122728352219, 1.5179225021484657]),
     np.array([[0.0, 0.0, 0.0, 0.0, 0.0, 0.0, 0.0, 0.0, 0.0, 0.0], [1.0875987818635442, -0.5209245747653559, 0.0, 0.0, 0.0, 0.0, 0.0, 0.0, 0.0, 0.0], [0.0, -0.0934950935607468, 0.6101768837667579, 0.0, 0.0, 0.010823941139158492, 0.0, 0.0, 0.0, 0.0], [0.022217711833775716, 0.0, 0.09186241550339967, 0.44470064749319616, 0.0, 0.0, 0.0, 0.0, 0.0, 0.0], [1.8056234040856516, 0.0, 0.0, -0.8069579032401363, 1.6540644147727577, 0.0, 0.0, 0.0, 0.0, 0.0], [0.0, -0.017561081720877177, 1.2588179303444305, -1.052738566597522, 0.2306603146567765, 0.0, 0.0, 0.0, 0.0, 0.0], [0.0, 0.0, 0.0, 0.0, 0.0, 0.0, 0.0, -0.04379004418140019, 0.0, 0.0], [0.0, 0.0, 0.0, 0.0, 0.0, 0.0, 0.0, 0.0, 0.0, 0.0], [0.0, 0.0, 0.0, 0.0, 0.0, 0.11891845598002626, 0.27309721806542236, 1.0190969439810391, 0.0, 0.0], [0.0, 0.0, 0.0, 0.0, 0.0, 0.0, 0.0, 0.0, 0.0, 0.0]]),
     np.array([1.0, 14.409754315740061, 0.7959724590954723, 0.3625361314789338, 63.879422163625826, 17.449276390932607, 0.812269994368711, 1.0, 33.48827484116802, 1.0]),
     np.array([[0.0, 0.0, 0.0, 0.0, 0.0, 0.0, 0.0, 0.0, 0.0, 0.0], [0.5585646644700183, -0.18127778685249912, 0.0, 0.0, 0.0, 0.0, 0.0, 0.0, 0.0, 0.0], [0.0, -0.09875708997315036, -0.2329881831059745, 0.0, 0.0, 0.0653351887605662, 0.0, 0.0, 0.0, 0.0], [0.0026090747174971314, 0.0, -0.03535269384967557, -0.08552898902667096, 0.0, 0.0, 0.0, 0.0, 0.0, 0.0], [-11.06857053396679, 0.0, 0.0, -15.181021512019646, -1.1128688039913337, 0.0, 0.0, 0.0, 0.0, 0.0], [0.0, 0.2998845587812938, 1.6751910920116826, -26.81065753995028, 3.3353390013896047, 0.0, 0.0, 0.0, 0.0, 0.0], [0.0, 0.0, 0.0, 0.0, 0.0, 0.0, 0.0, 0.04849615958670366, 0.0, 0.0], [0.0, 0.0, 0.0, 0.0, 0.0, 0.0, 0.0, 0.0, 0.0, 0.0], [0.0, 0.0, 0.0, 0.0, 0.0, -1.9183602263602726, -4.1511112426046815, -2.6629414358150276, 0.0, 0.0], [0.0, 0.0, 0.0, 0.0, 0.0, 0.0, 0.0, 0.0, 0.0, 0.0]])),
]

hp_short_mem_gvm_estimations_step5 = [
    (np.array([1.0414704122089098, 1.231232921353114, 1.2609649576802004, 0.7825416336254861, 0.3715947342059294, 0.295233626629221, 1.024844228162957, 1.0608996353220463, 0.2747492253779271, 1.5602735118415303]),
     np.array([[0.0, 0.0, 0.0, 0.0, 0.0, 0.0, 0.0, 0.0, 0.0, 0.0], [0.7695718810626547, -0.15860941610833476, 0.0, 0.0, 0.0, 0.0, 0.0, 0.0, 0.0, 0.0], [0.0, -0.8461349049092828, 0.5400897605505238, 0.0, 0.0, -0.16886960776924334, 0.0, 0.0, 0.0, 0.0], [-0.1672780322860771, 0.0, 1.2962755849476688, -0.7677723626611078, 0.0, 0.0, 0.0, 0.0, 0.0, 0.0], [0.003187661656368964, 0.0, 0.0, 0.0012957778200302396, 0.07540107802535723, 0.0, 0.0, 0.0, 0.0, 0.0], [0.0, -0.07204319310139191, 1.3181562071318014, -0.7675789000368667, 0.24637599932958054, 0.0, 0.0, 0.0, 0.0, 0.0], [0.0, 0.0, 0.0, 0.0, 0.0, 0.0, 0.0, 0.04483342021484234, 0.0, 0.0], [0.0, 0.0, 0.0, 0.0, 0.0, 0.0, 0.0, 0.0, 0.0, 0.0], [0.0, 0.0, 0.0, 0.0, 0.0, 0.3573332312668212, 0.29643159164317634, 0.4461918447237437, 0.0, 0.0], [0.0, 0.0, 0.0, 0.0, 0.0, 0.0, 0.0, 0.0, 0.0, 0.0]]),
     np.array([1.0, 14.714551318545295, 19.91086249222022, 23.783718778727803, 0.3005467611542102, 15.150371263699258, 0.6077284516770786, 1.0, 11.970754140435147, 1.0]),
     np.array([[0.0, 0.0, 0.0, 0.0, 0.0, 0.0, 0.0, 0.0, 0.0, 0.0], [0.7695718810626547, -0.15860941610833476, 0.0, 0.0, 0.0, 0.0, 0.0, 0.0, 0.0, 0.0], [0.0, -0.8461349049092828, 0.5400897605505238, 0.0, 0.0, -0.16886960776924334, 0.0, 0.0, 0.0, 0.0], [-0.1672780322860771, 0.0, 1.2962755849476688, -0.7677723626611078, 0.0, 0.0, 0.0, 0.0, 0.0, 0.0], [0.003187661656368964, 0.0, 0.0, 0.0012957778200302396, 0.07540107802535723, 0.0, 0.0, 0.0, 0.0, 0.0], [0.0, -0.07204319310139191, 1.3181562071318014, -0.7675789000368667, 0.24637599932958054, 0.0, 0.0, 0.0, 0.0, 0.0], [0.0, 0.0, 0.0, 0.0, 0.0, 0.0, 0.0, 0.04483342021484234, 0.0, 0.0], [0.0, 0.0, 0.0, 0.0, 0.0, 0.0, 0.0, 0.0, 0.0, 0.0], [0.0, 0.0, 0.0, 0.0, 0.0, 0.3573332312668212, 0.29643159164317634, 0.4461918447237437, 0.0, 0.0], [0.0, 0.0, 0.0, 0.0, 0.0, 0.0, 0.0, 0.0, 0.0, 0.0]])),
    (np.array([1.0143597425274484, 1.2949598052380706, 1.1882125910319161, 0.7869715146326304, 0.5133022767640477, 0.28485939530447824, 1.0355441617764392, 1.04693092689458, 0.3000917548204992, 1.5801693638801413]),
     np.array([[0.0, 0.0, 0.0, 0.0, 0.0, 0.0, 0.0, 0.0, 0.0, 0.0], [1.6088539094006562, -0.5258386598404218, 0.0, 0.0, 0.0, 0.0, 0.0, 0.0, 0.0, 0.0], [0.0, -0.9423484251421487, 1.2002959208605155, 0.0, 0.0, 0.37341032690309894, 0.0, 0.0, 0.0, 0.0], [-0.2383121842883344, 0.0, 1.7918779662360715, -0.6468628170766993, 0.0, 0.0, 0.0, 0.0, 0.0, 0.0], [1.6304977646652232, 0.0, 0.0, -0.2866152227002624, 0.25770367124707594, 0.0, 0.0, 0.0, 0.0, 0.0], [0.0, -0.14668936596508836, 1.4193174955654064, -0.9849982524708762, -0.024376958745366047, 0.0, 0.0, 0.0, 0.0, 0.0], [0.0, 0.0, 0.0, 0.0, 0.0, 0.0, 0.0, 0.1342934443455403, 0.0, 0.0], [0.0, 0.0, 0.0, 0.0, 0.0, 0.0, 0.0, 0.0, 0.0, 0.0], [0.0, 0.0, 0.0, 0.0, 0.0, 0.022503780526220363, 0.2565644341286273, 0.23923038468461896, 0.0, 0.0], [0.0, 0.0, 0.0, 0.0, 0.0, 0.0, 0.0, 0.0, 0.0, 0.0]]),
     np.array([1.0, 39.558400307617596, 55.55417063107339, 38.2238275921427, 54.95929614525397, 15.909679254975224, 3.7539700020504045, 1.0, 7.488541094932987, 1.0]),
     np.array([[0.0, 0.0, 0.0, 0.0, 0.0, 0.0, 0.0, 0.0, 0.0, 0.0], [1.6088539094006562, -0.5258386598404218, 0.0, 0.0, 0.0, 0.0, 0.0, 0.0, 0.0, 0.0], [0.0, -0.9423484251421487, 1.2002959208605155, 0.0, 0.0, 0.37341032690309894, 0.0, 0.0, 0.0, 0.0], [-0.2383121842883344, 0.0, 1.7918779662360715, -0.6468628170766993, 0.0, 0.0, 0.0, 0.0, 0.0, 0.0], [1.6304977646652232, 0.0, 0.0, -0.2866152227002624, 0.25770367124707594, 0.0, 0.0, 0.0, 0.0, 0.0], [0.0, -0.14668936596508836, 1.4193174955654064, -0.9849982524708762, -0.024376958745366047, 0.0, 0.0, 0.0, 0.0, 0.0], [0.0, 0.0, 0.0, 0.0, 0.0, 0.0, 0.0, 0.1342934443455403, 0.0, 0.0], [0.0, 0.0, 0.0, 0.0, 0.0, 0.0, 0.0, 0.0, 0.0, 0.0], [0.0, 0.0, 0.0, 0.0, 0.0, 0.022503780526220363, 0.2565644341286273, 0.23923038468461896, 0.0, 0.0], [0.0, 0.0, 0.0, 0.0, 0.0, 0.0, 0.0, 0.0, 0.0, 0.0]])),
    (np.array([0.9874929004643968, 1.344532453779821, 1.196667568368086, 0.7868462957061321, 0.4917525650218589, 0.2958979802577422, 1.0004925253769876, 1.0716336037383134, 0.2661421640193512, 1.5431718660385327]),
     np.array([[0.0, 0.0, 0.0, 0.0, 0.0, 0.0, 0.0, 0.0, 0.0, 0.0], [0.9527187335655414, -0.27037699551779243, 0.0, 0.0, 0.0, 0.0, 0.0, 0.0, 0.0, 0.0], [0.0, -1.0035813335480612, 1.100031822501512, 0.0, 0.0, 1.1104349749074272, 0.0, 0.0, 0.0, 0.0], [-0.1450733202549221, 0.0, 0.5286180409486296, -0.5705617443712064, 0.0, 0.0, 0.0, 0.0, 0.0, 0.0], [0.5938867731682436, 0.0, 0.0, -0.3949988600120774, 0.25017936722306805, 0.0, 0.0, 0.0, 0.0, 0.0], [0.0, -0.10394619381617448, 0.8354061883794531, -0.7331451297226548, 0.1831252067387074, 0.0, 0.0, 0.0, 0.0, 0.0], [0.0, 0.0, 0.0, 0.0, 0.0, 0.0, 0.0, 0.028501587693599836, 0.0, 0.0], [0.0, 0.0, 0.0, 0.0, 0.0, 0.0, 0.0, 0.0, 0.0, 0.0], [0.0, 0.0, 0.0, 0.0, 0.0, -0.20123580348680836, 0.47757902873578983, 0.7775212741878215, 0.0, 0.0], [0.0, 0.0, 0.0, 0.0, 0.0, 0.0, 0.0, 0.0, 0.0, 0.0]]),
     np.array([1.0, 21.348278447033934, 36.87360513476148, 23.829175084509348, 16.65560370914393, 11.127671579158477, 0.3398574978520693, 1.0, 19.826362837220568, 1.0]),
     np.array([[0.0, 0.0, 0.0, 0.0, 0.0, 0.0, 0.0, 0.0, 0.0, 0.0], [0.9527187335655414, -0.27037699551779243, 0.0, 0.0, 0.0, 0.0, 0.0, 0.0, 0.0, 0.0], [0.0, -1.0035813335480612, 1.100031822501512, 0.0, 0.0, 1.1104349749074272, 0.0, 0.0, 0.0, 0.0], [-0.1450733202549221, 0.0, 0.5286180409486296, -0.5705617443712064, 0.0, 0.0, 0.0, 0.0, 0.0, 0.0], [0.5938867731682436, 0.0, 0.0, -0.3949988600120774, 0.25017936722306805, 0.0, 0.0, 0.0, 0.0, 0.0], [0.0, -0.10394619381617448, 0.8354061883794531, -0.7331451297226548, 0.1831252067387074, 0.0, 0.0, 0.0, 0.0, 0.0], [0.0, 0.0, 0.0, 0.0, 0.0, 0.0, 0.0, 0.028501587693599836, 0.0, 0.0], [0.0, 0.0, 0.0, 0.0, 0.0, 0.0, 0.0, 0.0, 0.0, 0.0], [0.0, 0.0, 0.0, 0.0, 0.0, -0.20123580348680836, 0.47757902873578983, 0.7775212741878215, 0.0, 0.0], [0.0, 0.0, 0.0, 0.0, 0.0, 0.0, 0.0, 0.0, 0.0, 0.0]])),
    (np.array([1.018582269340669, 1.2141641775478769, 1.2398217858646987, 0.7969491932682639, 0.52508546865354, 0.3086509470725551, 1.1332149310845814, 0.996532243127679, 0.2849101746399863, 1.5163918114369355]),
     np.array([[0.0, 0.0, 0.0, 0.0, 0.0, 0.0, 0.0, 0.0, 0.0, 0.0], [0.852181835116994, -0.39683633953265324, 0.0, 0.0, 0.0, 0.0, 0.0, 0.0, 0.0, 0.0], [0.0, -1.3094807364004382, 0.5745391888450835, 0.0, 0.0, 0.2438496732217278, 0.0, 0.0, 0.0, 0.0], [-0.2683241864707483, 0.0, 1.3553195230547155, -0.6821690179316432, 0.0, 0.0, 0.0, 0.0, 0.0, 0.0], [1.1036664278174513, 0.0, 0.0, -0.23510471979137929, 1.4511104982099514, 0.0, 0.0, 0.0, 0.0, 0.0], [0.0, -0.07406751502863237, 0.9659970159313785, -0.8197249509465517, 0.08276497724051775, 0.0, 0.0, 0.0, 0.0, 0.0], [0.0, 0.0, 0.0, 0.0, 0.0, 0.0, 0.0, -0.08175301024879968, 0.0, 0.0], [0.0, 0.0, 0.0, 0.0, 0.0, 0.0, 0.0, 0.0, 0.0, 0.0], [0.0, 0.0, 0.0, 0.0, 0.0, 0.24987109141815214, 0.2454843827751822, 0.2220489399306501, 0.0, 0.0], [0.0, 0.0, 0.0, 0.0, 0.0, 0.0, 0.0, 0.0, 0.0, 0.0]]),
     np.array([1.0, 13.156075217672978, 28.423534410516353, 26.25221730632778, 62.02533801191016, 13.817703221456204, 4.969625816838061, 1.0, 8.851945959945558, 1.0]),
     np.array([[0.0, 0.0, 0.0, 0.0, 0.0, 0.0, 0.0, 0.0, 0.0, 0.0], [0.852181835116994, -0.39683633953265324, 0.0, 0.0, 0.0, 0.0, 0.0, 0.0, 0.0, 0.0], [0.0, -1.3094807364004382, 0.5745391888450835, 0.0, 0.0, 0.2438496732217278, 0.0, 0.0, 0.0, 0.0], [-0.2683241864707483, 0.0, 1.3553195230547155, -0.6821690179316432, 0.0, 0.0, 0.0, 0.0, 0.0, 0.0], [1.1036664278174513, 0.0, 0.0, -0.23510471979137929, 1.4511104982099514, 0.0, 0.0, 0.0, 0.0, 0.0], [0.0, -0.07406751502863237, 0.9659970159313785, -0.8197249509465517, 0.08276497724051775, 0.0, 0.0, 0.0, 0.0, 0.0], [0.0, 0.0, 0.0, 0.0, 0.0, 0.0, 0.0, -0.08175301024879968, 0.0, 0.0], [0.0, 0.0, 0.0, 0.0, 0.0, 0.0, 0.0, 0.0, 0.0, 0.0], [0.0, 0.0, 0.0, 0.0, 0.0, 0.24987109141815214, 0.2454843827751822, 0.2220489399306501, 0.0, 0.0], [0.0, 0.0, 0.0, 0.0, 0.0, 0.0, 0.0, 0.0, 0.0, 0.0]])),
    (np.array([0.9770286528526311, 1.2730356658416448, 1.185348305088439, 0.8058280950756413, 0.5168731138476745, 0.32226312199038476, 1.0475499017264807, 0.995239503053092, 0.31737926415556444, 1.5560951519220187]),
     np.array([[0.0, 0.0, 0.0, 0.0, 0.0, 0.0, 0.0, 0.0, 0.0, 0.0], [1.2264409785319352, -0.4453174733399257, 0.0, 0.0, 0.0, 0.0, 0.0, 0.0, 0.0, 0.0], [0.0, -0.8875239960285731, 0.7411629913419598, 0.0, 0.0, 0.3349238445354405, 0.0, 0.0, 0.0, 0.0], [-0.23457578598657564, 0.0, 1.4933460905149791, -1.2193383245484424, 0.0, 0.0, 0.0, 0.0, 0.0, 0.0], [0.44905996065094117, 0.0, 0.0, -0.27433690224555757, 0.09893321251883948, 0.0, 0.0, 0.0, 0.0, 0.0], [0.0, -0.06903952054861241, 1.455403336717867, -1.3545379962976596, 0.1300482946690924, 0.0, 0.0, 0.0, 0.0, 0.0], [0.0, 0.0, 0.0, 0.0, 0.0, 0.0, 0.0, -0.21180490762858084, 0.0, 0.0], [0.0, 0.0, 0.0, 0.0, 0.0, 0.0, 0.0, 0.0, 0.0, 0.0], [0.0, 0.0, 0.0, 0.0, 0.0, 0.1645147576972861, 0.10330796834326825, 0.36724401788041194, 0.0, 0.0], [0.0, 0.0, 0.0, 0.0, 0.0, 0.0, 0.0, 0.0, 0.0, 0.0]]),
     np.array([1.0, 34.328037638990416, 17.994879272722812, 43.26278200180201, 23.68169480193351, 17.944543168815304, 8.135220269213027, 1.0, 12.083622947323546, 1.0]),
     np.array([[0.0, 0.0, 0.0, 0.0, 0.0, 0.0, 0.0, 0.0, 0.0, 0.0], [1.2264409785319352, -0.4453174733399257, 0.0, 0.0, 0.0, 0.0, 0.0, 0.0, 0.0, 0.0], [0.0, -0.8875239960285731, 0.7411629913419598, 0.0, 0.0, 0.3349238445354405, 0.0, 0.0, 0.0, 0.0], [-0.23457578598657564, 0.0, 1.4933460905149791, -1.2193383245484424, 0.0, 0.0, 0.0, 0.0, 0.0, 0.0], [0.44905996065094117, 0.0, 0.0, -0.27433690224555757, 0.09893321251883948, 0.0, 0.0, 0.0, 0.0, 0.0], [0.0, -0.06903952054861241, 1.455403336717867, -1.3545379962976596, 0.1300482946690924, 0.0, 0.0, 0.0, 0.0, 0.0], [0.0, 0.0, 0.0, 0.0, 0.0, 0.0, 0.0, -0.21180490762858084, 0.0, 0.0], [0.0, 0.0, 0.0, 0.0, 0.0, 0.0, 0.0, 0.0, 0.0, 0.0], [0.0, 0.0, 0.0, 0.0, 0.0, 0.1645147576972861, 0.10330796834326825, 0.36724401788041194, 0.0, 0.0], [0.0, 0.0, 0.0, 0.0, 0.0, 0.0, 0.0, 0.0, 0.0, 0.0]])),
    (np.array([1.0031407465257431, 1.3159180229093066, 1.1993269914780855, 0.8129084152679492, 0.49930390546166203, 0.2616090220672611, 1.0993550111078938, 1.0272681887088675, 0.30258878082081186, 1.6194044867785435]),
     np.array([[0.0, 0.0, 0.0, 0.0, 0.0, 0.0, 0.0, 0.0, 0.0, 0.0], [2.2458757546966095, -0.4944931759410636, 0.0, 0.0, 0.0, 0.0, 0.0, 0.0, 0.0, 0.0], [0.0, -0.9066936624469497, 0.7138237991016313, 0.0, 0.0, 0.07942310034846656, 0.0, 0.0, 0.0, 0.0], [-0.47620953596465854, 0.0, 1.1528746069679896, -0.6018942409186581, 0.0, 0.0, 0.0, 0.0, 0.0, 0.0], [0.3638483386894725, 0.0, 0.0, -0.3809715965960392, -0.004288768181122354, 0.0, 0.0, 0.0, 0.0, 0.0], [0.0, -0.007228728805988319, 0.8024949653330902, -0.6436095521512265, 0.30155616980699107, 0.0, 0.0, 0.0, 0.0, 0.0], [0.0, 0.0, 0.0, 0.0, 0.0, 0.0, 0.0, -0.6435048852213249, 0.0, 0.0], [0.0, 0.0, 0.0, 0.0, 0.0, 0.0, 0.0, 0.0, 0.0, 0.0], [0.0, 0.0, 0.0, 0.0, 0.0, 0.7626803849358867, 0.3475529500244138, 0.4799021123996724, 0.0, 0.0], [0.0, 0.0, 0.0, 0.0, 0.0, 0.0, 0.0, 0.0, 0.0, 0.0]]),
     np.array([1.0, 63.44796980613011, 21.257827035458316, 26.185971461514278, 26.772236717508815, 11.430420404007766, 52.05341995035103, 1.0, 16.24452028704166, 1.0]),
     np.array([[0.0, 0.0, 0.0, 0.0, 0.0, 0.0, 0.0, 0.0, 0.0, 0.0], [2.2458757546966095, -0.4944931759410636, 0.0, 0.0, 0.0, 0.0, 0.0, 0.0, 0.0, 0.0], [0.0, -0.9066936624469497, 0.7138237991016313, 0.0, 0.0, 0.07942310034846656, 0.0, 0.0, 0.0, 0.0], [-0.47620953596465854, 0.0, 1.1528746069679896, -0.6018942409186581, 0.0, 0.0, 0.0, 0.0, 0.0, 0.0], [0.3638483386894725, 0.0, 0.0, -0.3809715965960392, -0.004288768181122354, 0.0, 0.0, 0.0, 0.0, 0.0], [0.0, -0.007228728805988319, 0.8024949653330902, -0.6436095521512265, 0.30155616980699107, 0.0, 0.0, 0.0, 0.0, 0.0], [0.0, 0.0, 0.0, 0.0, 0.0, 0.0, 0.0, -0.6435048852213249, 0.0, 0.0], [0.0, 0.0, 0.0, 0.0, 0.0, 0.0, 0.0, 0.0, 0.0, 0.0], [0.0, 0.0, 0.0, 0.0, 0.0, 0.7626803849358867, 0.3475529500244138, 0.4799021123996724, 0.0, 0.0], [0.0, 0.0, 0.0, 0.0, 0.0, 0.0, 0.0, 0.0, 0.0, 0.0]])),
    (np.array([0.9621176091839109, 1.0696189645384688, 1.220898682548213, 0.8172074950980673, 0.5078142401128597, 0.2784484175468623, 1.0641478613904112, 1.0186415150067383, 0.3100553114445306, 1.5092576171739593]),
     np.array([[0.0, 0.0, 0.0, 0.0, 0.0, 0.0, 0.0, 0.0, 0.0, 0.0], [0.06500680121342768, -0.029850892322691707, 0.0, 0.0, 0.0, 0.0, 0.0, 0.0, 0.0, 0.0], [0.0, -0.6993428237515855, 0.7942379480848356, 0.0, 0.0, 0.304339792696521, 0.0, 0.0, 0.0, 0.0], [-0.4690047269205061, 0.0, 1.9374693008735981, -1.8930011111903773, 0.0, 0.0, 0.0, 0.0, 0.0, 0.0], [1.3564804937670474, 0.0, 0.0, -0.15790997190021308, 1.0624418562761122, 0.0, 0.0, 0.0, 0.0, 0.0], [0.0, -0.013558261353997248, 0.9165660554164885, -0.6529273180898616, 0.09556782410489999, 0.0, 0.0, 0.0, 0.0, 0.0], [0.0, 0.0, 0.0, 0.0, 0.0, 0.0, 0.0, 0.04637582088822372, 0.0, 0.0], [0.0, 0.0, 0.0, 0.0, 0.0, 0.0, 0.0, 0.0, 0.0, 0.0], [0.0, 0.0, 0.0, 0.0, 0.0, 0.5353628146335669, 0.11417580699786122, 0.25049847274021836, 0.0, 0.0], [0.0, 0.0, 0.0, 0.0, 0.0, 0.0, 0.0, 0.0, 0.0, 0.0]]),
     np.array([1.0, 0.10708190289901315, 16.631451041501922, 87.35624077303297, 63.427218561056975, 11.850137209664782, 7.281864624457031, 1.0, 13.100788396446896, 1.0]),
     np.array([[0.0, 0.0, 0.0, 0.0, 0.0, 0.0, 0.0, 0.0, 0.0, 0.0], [0.06500680121342768, -0.029850892322691707, 0.0, 0.0, 0.0, 0.0, 0.0, 0.0, 0.0, 0.0], [0.0, -0.6993428237515855, 0.7942379480848356, 0.0, 0.0, 0.304339792696521, 0.0, 0.0, 0.0, 0.0], [-0.4690047269205061, 0.0, 1.9374693008735981, -1.8930011111903773, 0.0, 0.0, 0.0, 0.0, 0.0, 0.0], [1.3564804937670474, 0.0, 0.0, -0.15790997190021308, 1.0624418562761122, 0.0, 0.0, 0.0, 0.0, 0.0], [0.0, -0.013558261353997248, 0.9165660554164885, -0.6529273180898616, 0.09556782410489999, 0.0, 0.0, 0.0, 0.0, 0.0], [0.0, 0.0, 0.0, 0.0, 0.0, 0.0, 0.0, 0.04637582088822372, 0.0, 0.0], [0.0, 0.0, 0.0, 0.0, 0.0, 0.0, 0.0, 0.0, 0.0, 0.0], [0.0, 0.0, 0.0, 0.0, 0.0, 0.5353628146335669, 0.11417580699786122, 0.25049847274021836, 0.0, 0.0], [0.0, 0.0, 0.0, 0.0, 0.0, 0.0, 0.0, 0.0, 0.0, 0.0]])),
    (np.array([0.9964442939432975, 1.2833534743346946, 1.6660948781785463, 0.804631926802627, 0.5006635242413019, 0.3005076875551656, 1.1110415926993864, 1.0184523659504001, 0.3275860558912454, 1.4862964942746741]),
     np.array([[0.0, 0.0, 0.0, 0.0, 0.0, 0.0, 0.0, 0.0, 0.0, 0.0], [0.9901492350741394, -0.5804322770213798, 0.0, 0.0, 0.0, 0.0, 0.0, 0.0, 0.0, 0.0], [0.0, -0.05113337363008513, -0.021037852511323722, 0.0, 0.0, -0.022744198927899487, 0.0, 0.0, 0.0, 0.0], [-0.32175692767577324, 0.0, 1.0395386865880651, -0.6085543898464508, 0.0, 0.0, 0.0, 0.0, 0.0, 0.0], [1.4212106684016885, 0.0, 0.0, -0.8703154193239673, 0.5110679195782485, 0.0, 0.0, 0.0, 0.0, 0.0], [0.0, 0.0018734012578188446, 0.9651029879512937, -1.3499671854870376, 0.2843595097849587, 0.0, 0.0, 0.0, 0.0, 0.0], [0.0, 0.0, 0.0, 0.0, 0.0, 0.0, 0.0, -0.04665902023820219, 0.0, 0.0], [0.0, 0.0, 0.0, 0.0, 0.0, 0.0, 0.0, 0.0, 0.0, 0.0], [0.0, 0.0, 0.0, 0.0, 0.0, 0.21336200819776943, 0.0945665854635729, 0.5279191187645782, 0.0, 0.0], [0.0, 0.0, 0.0, 0.0, 0.0, 0.0, 0.0, 0.0, 0.0, 0.0]]),
     np.array([1.0, 25.237178209314504, 0.2144518677408102, 21.260018128284734, 69.03575691745355, 14.571080948242784, 6.535639256700473, 1.0, 12.000979777338046, 1.0]),
     np.array([[0.0, 0.0, 0.0, 0.0, 0.0, 0.0, 0.0, 0.0, 0.0, 0.0], [0.9901492350741394, -0.5804322770213798, 0.0, 0.0, 0.0, 0.0, 0.0, 0.0, 0.0, 0.0], [0.0, -0.05113337363008513, -0.021037852511323722, 0.0, 0.0, -0.022744198927899487, 0.0, 0.0, 0.0, 0.0], [-0.32175692767577324, 0.0, 1.0395386865880651, -0.6085543898464508, 0.0, 0.0, 0.0, 0.0, 0.0, 0.0], [1.4212106684016885, 0.0, 0.0, -0.8703154193239673, 0.5110679195782485, 0.0, 0.0, 0.0, 0.0, 0.0], [0.0, 0.0018734012578188446, 0.9651029879512937, -1.3499671854870376, 0.2843595097849587, 0.0, 0.0, 0.0, 0.0, 0.0], [0.0, 0.0, 0.0, 0.0, 0.0, 0.0, 0.0, -0.04665902023820219, 0.0, 0.0], [0.0, 0.0, 0.0, 0.0, 0.0, 0.0, 0.0, 0.0, 0.0, 0.0], [0.0, 0.0, 0.0, 0.0, 0.0, 0.21336200819776943, 0.0945665854635729, 0.5279191187645782, 0.0, 0.0], [0.0, 0.0, 0.0, 0.0, 0.0, 0.0, 0.0, 0.0, 0.0, 0.0]])),
    (np.array([1.019961955457135, 1.3426234875323517, 1.2277113778333428, 0.8301492188060713, 0.516173914992306, 0.3114430850256637, 0.9634320430284914, 1.03300256434846, 0.2633691430264479, 1.5182878058381026]),
     np.array([[0.0, 0.0, 0.0, 0.0, 0.0, 0.0, 0.0, 0.0, 0.0, 0.0], [1.17473521030797, -0.6515110118370304, 0.0, 0.0, 0.0, 0.0, 0.0, 0.0, 0.0, 0.0], [0.0, -0.9262060447959728, 1.1255976748422725, 0.0, 0.0, 0.8407157760236199, 0.0, 0.0, 0.0, 0.0], [-0.28457715542046275, 0.0, 1.8089746347095081, -0.9701636106114853, 0.0, 0.0, 0.0, 0.0, 0.0, 0.0], [1.2796692138820869, 0.0, 0.0, -0.34911403710113526, 0.8674640712290437, 0.0, 0.0, 0.0, 0.0, 0.0], [0.0, -0.17523510171102005, 0.989009070356605, -0.7210636939743721, 0.13742058274424604, 0.0, 0.0, 0.0, 0.0, 0.0], [0.0, 0.0, 0.0, 0.0, 0.0, 0.0, 0.0, 0.051977534914875445, 0.0, 0.0], [0.0, 0.0, 0.0, 0.0, 0.0, 0.0, 0.0, 0.0, 0.0, 0.0], [0.0, 0.0, 0.0, 0.0, 0.0, -0.11522470515570539, 0.36422657332940783, 1.0952180455385498, 0.0, 0.0], [0.0, 0.0, 0.0, 0.0, 0.0, 0.0, 0.0, 0.0, 0.0, 0.0]]),
     np.array([1.0, 45.249613956380706, 25.425911765780004, 41.03572542640732, 51.41222804261725, 14.423218270549643, 0.505426728668017, 1.0, 24.004586748979793, 1.0]),
     np.array([[0.0, 0.0, 0.0, 0.0, 0.0, 0.0, 0.0, 0.0, 0.0, 0.0], [1.17473521030797, -0.6515110118370304, 0.0, 0.0, 0.0, 0.0, 0.0, 0.0, 0.0, 0.0], [0.0, -0.9262060447959728, 1.1255976748422725, 0.0, 0.0, 0.8407157760236199, 0.0, 0.0, 0.0, 0.0], [-0.28457715542046275, 0.0, 1.8089746347095081, -0.9701636106114853, 0.0, 0.0, 0.0, 0.0, 0.0, 0.0], [1.2796692138820869, 0.0, 0.0, -0.34911403710113526, 0.8674640712290437, 0.0, 0.0, 0.0, 0.0, 0.0], [0.0, -0.17523510171102005, 0.989009070356605, -0.7210636939743721, 0.13742058274424604, 0.0, 0.0, 0.0, 0.0, 0.0], [0.0, 0.0, 0.0, 0.0, 0.0, 0.0, 0.0, 0.051977534914875445, 0.0, 0.0], [0.0, 0.0, 0.0, 0.0, 0.0, 0.0, 0.0, 0.0, 0.0, 0.0], [0.0, 0.0, 0.0, 0.0, 0.0, -0.11522470515570539, 0.36422657332940783, 1.0952180455385498, 0.0, 0.0], [0.0, 0.0, 0.0, 0.0, 0.0, 0.0, 0.0, 0.0, 0.0, 0.0]])),
    (np.array([1.0696215755680225, 1.3529578784142549, 1.2241530520995352, 0.8122077798184628, 0.5092876611349679, 0.3120351117294238, 0.9608764519234716, 1.055593551199845, 0.2917043370202851, 1.4946111685690917]),
     np.array([[0.0, 0.0, 0.0, 0.0, 0.0, 0.0, 0.0, 0.0, 0.0, 0.0], [0.573557240497988, -0.5876729325983105, 0.0, 0.0, 0.0, 0.0, 0.0, 0.0, 0.0, 0.0], [0.0, -1.007820101964813, 0.10395924484133248, 0.0, 0.0, 0.2702805662428741, 0.0, 0.0, 0.0, 0.0], [-0.30492610020107336, 0.0, 1.492810709578072, -1.2709361197297802, 0.0, 0.0, 0.0, 0.0, 0.0, 0.0], [0.738460127512878, 0.0, 0.0, -0.7305947410461552, 0.8942542042735532, 0.0, 0.0, 0.0, 0.0, 0.0], [0.0, -0.20371243224227886, 1.0196440015399089, -1.0459986840335882, 0.046462437939031286, 0.0, 0.0, 0.0, 0.0, 0.0], [0.0, 0.0, 0.0, 0.0, 0.0, 0.0, 0.0, 0.017989846920261378, 0.0, 0.0], [0.0, 0.0, 0.0, 0.0, 0.0, 0.0, 0.0, 0.0, 0.0, 0.0], [0.0, 0.0, 0.0, 0.0, 0.0, 0.2814939516607733, 0.14573404339407708, 0.3538808573049195, 0.0, 0.0], [0.0, 0.0, 0.0, 0.0, 0.0, 0.0, 0.0, 0.0, 0.0, 0.0]]),
     np.array([1.0, 16.939777259996276, 19.434129223404256, 50.06551803751519, 30.8365769958473, 26.749111242047945, 0.16373892338873525, 1.0, 7.363014977042699, 1.0]),
     np.array([[0.0, 0.0, 0.0, 0.0, 0.0, 0.0, 0.0, 0.0, 0.0, 0.0], [0.573557240497988, -0.5876729325983105, 0.0, 0.0, 0.0, 0.0, 0.0, 0.0, 0.0, 0.0], [0.0, -1.007820101964813, 0.10395924484133248, 0.0, 0.0, 0.2702805662428741, 0.0, 0.0, 0.0, 0.0], [-0.30492610020107336, 0.0, 1.492810709578072, -1.2709361197297802, 0.0, 0.0, 0.0, 0.0, 0.0, 0.0], [0.738460127512878, 0.0, 0.0, -0.7305947410461552, 0.8942542042735532, 0.0, 0.0, 0.0, 0.0, 0.0], [0.0, -0.20371243224227886, 1.0196440015399089, -1.0459986840335882, 0.046462437939031286, 0.0, 0.0, 0.0, 0.0, 0.0], [0.0, 0.0, 0.0, 0.0, 0.0, 0.0, 0.0, 0.017989846920261378, 0.0, 0.0], [0.0, 0.0, 0.0, 0.0, 0.0, 0.0, 0.0, 0.0, 0.0, 0.0], [0.0, 0.0, 0.0, 0.0, 0.0, 0.2814939516607733, 0.14573404339407708, 0.3538808573049195, 0.0, 0.0], [0.0, 0.0, 0.0, 0.0, 0.0, 0.0, 0.0, 0.0, 0.0, 0.0]])),
    (np.array([1.0086892077623462, 1.3672622759772661, 1.210217184437835, 0.7851832182831459, 0.5432569091400468, 0.29632363378292215, 1.1671039055067236, 1.0142982302336854, 0.31988253431618735, 1.5789321245598713]),
     np.array([[0.0, 0.0, 0.0, 0.0, 0.0, 0.0, 0.0, 0.0, 0.0, 0.0], [0.09469796547228124, -0.1093108166226101, 0.0, 0.0, 0.0, 0.0, 0.0, 0.0, 0.0, 0.0], [0.0, -1.0466297971006455, 0.8680672208271424, 0.0, 0.0, -0.1044256264855951, 0.0, 0.0, 0.0, 0.0], [-0.36579553993455255, 0.0, 1.0412905085414428, -0.9309206883638576, 0.0, 0.0, 0.0, 0.0, 0.0, 0.0], [1.3188213956516412, 0.0, 0.0, -0.7278158713744783, 0.5866903429062127, 0.0, 0.0, 0.0, 0.0, 0.0], [0.0, -0.042800257452585935, 1.274985707993059, -1.06671958796192, 0.10146457166102889, 0.0, 0.0, 0.0, 0.0, 0.0], [0.0, 0.0, 0.0, 0.0, 0.0, 0.0, 0.0, -0.07274381703503026, 0.0, 0.0], [0.0, 0.0, 0.0, 0.0, 0.0, 0.0, 0.0, 0.0, 0.0, 0.0], [0.0, 0.0, 0.0, 0.0, 0.0, 0.28320781588773086, 0.35405042049593494, 0.5916632666979249, 0.0, 0.0], [0.0, 0.0, 0.0, 0.0, 0.0, 0.0, 0.0, 0.0, 0.0, 0.0]]),
     np.array([1.0, 1.0447644431290262, 27.684866218646075, 27.020124176408295, 47.58700940613853, 13.900183019897975, 2.586730389394951, 1.0, 22.8650285377944, 1.0]),
     np.array([[0.0, 0.0, 0.0, 0.0, 0.0, 0.0, 0.0, 0.0, 0.0, 0.0], [0.09469796547228124, -0.1093108166226101, 0.0, 0.0, 0.0, 0.0, 0.0, 0.0, 0.0, 0.0], [0.0, -1.0466297971006455, 0.8680672208271424, 0.0, 0.0, -0.1044256264855951, 0.0, 0.0, 0.0, 0.0], [-0.36579553993455255, 0.0, 1.0412905085414428, -0.9309206883638576, 0.0, 0.0, 0.0, 0.0, 0.0, 0.0], [1.3188213956516412, 0.0, 0.0, -0.7278158713744783, 0.5866903429062127, 0.0, 0.0, 0.0, 0.0, 0.0], [0.0, -0.042800257452585935, 1.274985707993059, -1.06671958796192, 0.10146457166102889, 0.0, 0.0, 0.0, 0.0, 0.0], [0.0, 0.0, 0.0, 0.0, 0.0, 0.0, 0.0, -0.07274381703503026, 0.0, 0.0], [0.0, 0.0, 0.0, 0.0, 0.0, 0.0, 0.0, 0.0, 0.0, 0.0], [0.0, 0.0, 0.0, 0.0, 0.0, 0.28320781588773086, 0.35405042049593494, 0.5916632666979249, 0.0, 0.0], [0.0, 0.0, 0.0, 0.0, 0.0, 0.0, 0.0, 0.0, 0.0, 0.0]])),
    (np.array([1.0324740549459508, 1.3223954303713596, 1.2181803522441472, 0.8238910654174576, 0.4921094050968216, 0.3179534296059807, 1.13397479276651, 1.0324740549447877, 0.15409006029319874, 1.5432164834185367]),
     np.array([[0.0, 0.0, 0.0, 0.0, 0.0, 0.0, 0.0, 0.0, 0.0, 0.0], [0.5222327387931379, -0.34130860710603816, 0.0, 0.0, 0.0, 0.0, 0.0, 0.0, 0.0, 0.0], [0.0, -0.7279264355000877, 0.7548534558986586, 0.0, 0.0, 0.137770204376525, 0.0, 0.0, 0.0, 0.0], [-0.7404295132379899, 0.0, 1.6461525172862363, -0.7092018062664985, 0.0, 0.0, 0.0, 0.0, 0.0, 0.0], [1.0403995683575677, 0.0, 0.0, -0.664461033346104, 0.7460463966927282, 0.0, 0.0, 0.0, 0.0, 0.0], [0.0, 0.019327115869130485, 0.7561068183742897, -0.7173215139098532, -0.06170033677792758, 0.0, 0.0, 0.0, 0.0, 0.0], [0.0, 0.0, 0.0, 0.0, 0.0, 0.0, 0.0, -0.12627923241622963, 0.0, 0.0], [0.0, 0.0, 0.0, 0.0, 0.0, 0.0, 0.0, 0.0, 0.0, 0.0], [0.0, 0.0, 0.0, 0.0, 0.0, 0.034953863259542646, 0.02875866008244012, 0.0027974472015946947, 0.0, 0.0], [0.0, 0.0, 0.0, 0.0, 0.0, 0.0, 0.0, 0.0, 0.0, 0.0]]),
     np.array([1.0, 14.341580539987094, 14.859796364791503, 37.80565554997187, 49.2547379592074, 11.310059353459186, 5.416466098464099, 1.0, 0.22340108858968427, 1.0]),
     np.array([[0.0, 0.0, 0.0, 0.0, 0.0, 0.0, 0.0, 0.0, 0.0, 0.0], [0.5222327387931379, -0.34130860710603816, 0.0, 0.0, 0.0, 0.0, 0.0, 0.0, 0.0, 0.0], [0.0, -0.7279264355000877, 0.7548534558986586, 0.0, 0.0, 0.137770204376525, 0.0, 0.0, 0.0, 0.0], [-0.7404295132379899, 0.0, 1.6461525172862363, -0.7092018062664985, 0.0, 0.0, 0.0, 0.0, 0.0, 0.0], [1.0403995683575677, 0.0, 0.0, -0.664461033346104, 0.7460463966927282, 0.0, 0.0, 0.0, 0.0, 0.0], [0.0, 0.019327115869130485, 0.7561068183742897, -0.7173215139098532, -0.06170033677792758, 0.0, 0.0, 0.0, 0.0, 0.0], [0.0, 0.0, 0.0, 0.0, 0.0, 0.0, 0.0, -0.12627923241622963, 0.0, 0.0], [0.0, 0.0, 0.0, 0.0, 0.0, 0.0, 0.0, 0.0, 0.0, 0.0], [0.0, 0.0, 0.0, 0.0, 0.0, 0.034953863259542646, 0.02875866008244012, 0.0027974472015946947, 0.0, 0.0], [0.0, 0.0, 0.0, 0.0, 0.0, 0.0, 0.0, 0.0, 0.0, 0.0]])),
    (np.array([1.0639112735194063, 1.337536497779427, 1.2287812256735193, 0.8415227312069393, 0.46572988665936627, 0.3237515627538934, 1.2490982880984902, 1.0178576755192723, 0.2987039187266808, 1.5500808357535907]),
     np.array([[0.0, 0.0, 0.0, 0.0, 0.0, 0.0, 0.0, 0.0, 0.0, 0.0], [0.6797588754620273, -0.2649131543827213, 0.0, 0.0, 0.0, 0.0, 0.0, 0.0, 0.0, 0.0], [0.0, -0.8103119451485092, 0.3109492767839171, 0.0, 0.0, 0.5551709785848756, 0.0, 0.0, 0.0, 0.0], [-0.2885641132802249, 0.0, 0.8902764659262303, -0.8914240532721578, 0.0, 0.0, 0.0, 0.0, 0.0, 0.0], [1.0359445365077191, 0.0, 0.0, -0.14783264346026756, 0.5757272669568319, 0.0, 0.0, 0.0, 0.0, 0.0], [0.0, -0.11258813176304891, 1.678803325606806, -1.885393510365194, 0.3059044084620723, 0.0, 0.0, 0.0, 0.0, 0.0], [0.0, 0.0, 0.0, 0.0, 0.0, 0.0, 0.0, -0.004477251531428998, 0.0, 0.0], [0.0, 0.0, 0.0, 0.0, 0.0, 0.0, 0.0, 0.0, 0.0, 0.0], [0.0, 0.0, 0.0, 0.0, 0.0, 0.009707613200932755, 0.1425413903863022, 0.22536348181867355, 0.0, 0.0], [0.0, 0.0, 0.0, 0.0, 0.0, 0.0, 0.0, 0.0, 0.0, 0.0]]),
     np.array([1.0, 11.439785894940051, 12.432077563414955, 22.29621713025825, 24.481623743650236, 23.619015224627233, 0.0439450461037852, 1.0, 6.185296144942973, 1.0]),
     np.array([[0.0, 0.0, 0.0, 0.0, 0.0, 0.0, 0.0, 0.0, 0.0, 0.0], [0.6797588754620273, -0.2649131543827213, 0.0, 0.0, 0.0, 0.0, 0.0, 0.0, 0.0, 0.0], [0.0, -0.8103119451485092, 0.3109492767839171, 0.0, 0.0, 0.5551709785848756, 0.0, 0.0, 0.0, 0.0], [-0.2885641132802249, 0.0, 0.8902764659262303, -0.8914240532721578, 0.0, 0.0, 0.0, 0.0, 0.0, 0.0], [1.0359445365077191, 0.0, 0.0, -0.14783264346026756, 0.5757272669568319, 0.0, 0.0, 0.0, 0.0, 0.0], [0.0, -0.11258813176304891, 1.678803325606806, -1.885393510365194, 0.3059044084620723, 0.0, 0.0, 0.0, 0.0, 0.0], [0.0, 0.0, 0.0, 0.0, 0.0, 0.0, 0.0, -0.004477251531428998, 0.0, 0.0], [0.0, 0.0, 0.0, 0.0, 0.0, 0.0, 0.0, 0.0, 0.0, 0.0], [0.0, 0.0, 0.0, 0.0, 0.0, 0.009707613200932755, 0.1425413903863022, 0.22536348181867355, 0.0, 0.0], [0.0, 0.0, 0.0, 0.0, 0.0, 0.0, 0.0, 0.0, 0.0, 0.0]])),
    (np.array([1.034155336031287, 1.4159340090848465, 1.3121305964511332, 0.8220487167459611, 0.40803715383126515, 0.3317378847837942, 1.0678888581132704, 1.0295072003408072, 0.28397875477889806, 1.541932241685763]),
     np.array([[0.0, 0.0, 0.0, 0.0, 0.0, 0.0, 0.0, 0.0, 0.0, 0.0], [0.04415220676745479, -0.07379240148862308, 0.0, 0.0, 0.0, 0.0, 0.0, 0.0, 0.0, 0.0], [0.0, -1.121291869340464, 0.36522994792906893, 0.0, 0.0, 0.4858539139395484, 0.0, 0.0, 0.0, 0.0], [-0.40877288167459647, 0.0, 0.8572463992254915, -0.7179299384370205, 0.0, 0.0, 0.0, 0.0, 0.0, 0.0], [0.14094178323876289, 0.0, 0.0, 0.09925507498757705, 0.06563742361847051, 0.0, 0.0, 0.0, 0.0, 0.0], [0.0, -0.1761576179313597, 1.1984674165342957, -1.0053094236603215, 0.1602810192185411, 0.0, 0.0, 0.0, 0.0, 0.0], [0.0, 0.0, 0.0, 0.0, 0.0, 0.0, 0.0, 0.04798570450351781, 0.0, 0.0], [0.0, 0.0, 0.0, 0.0, 0.0, 0.0, 0.0, 0.0, 0.0, 0.0], [0.0, 0.0, 0.0, 0.0, 0.0, 0.23207423230715346, 0.16422594097957838, 0.15542336595905584, 0.0, 0.0], [0.0, 0.0, 0.0, 0.0, 0.0, 0.0, 0.0, 0.0, 0.0, 0.0]]),
     np.array([1.0, 0.2748913683239339, 19.737128403213337, 29.58302211594614, 1.8837011035704687, 16.050055600296826, 1.056392557762654, 1.0, 6.208144683318827, 1.0]),
     np.array([[0.0, 0.0, 0.0, 0.0, 0.0, 0.0, 0.0, 0.0, 0.0, 0.0], [0.04415220676745479, -0.07379240148862308, 0.0, 0.0, 0.0, 0.0, 0.0, 0.0, 0.0, 0.0], [0.0, -1.121291869340464, 0.36522994792906893, 0.0, 0.0, 0.4858539139395484, 0.0, 0.0, 0.0, 0.0], [-0.40877288167459647, 0.0, 0.8572463992254915, -0.7179299384370205, 0.0, 0.0, 0.0, 0.0, 0.0, 0.0], [0.14094178323876289, 0.0, 0.0, 0.09925507498757705, 0.06563742361847051, 0.0, 0.0, 0.0, 0.0, 0.0], [0.0, -0.1761576179313597, 1.1984674165342957, -1.0053094236603215, 0.1602810192185411, 0.0, 0.0, 0.0, 0.0, 0.0], [0.0, 0.0, 0.0, 0.0, 0.0, 0.0, 0.0, 0.04798570450351781, 0.0, 0.0], [0.0, 0.0, 0.0, 0.0, 0.0, 0.0, 0.0, 0.0, 0.0, 0.0], [0.0, 0.0, 0.0, 0.0, 0.0, 0.23207423230715346, 0.16422594097957838, 0.15542336595905584, 0.0, 0.0], [0.0, 0.0, 0.0, 0.0, 0.0, 0.0, 0.0, 0.0, 0.0, 0.0]])),
    (np.array([1.0180846592228314, 1.2957807462619857, 1.189358092601606, 0.7815640304726952, 0.5214368121728512, 0.32838800322864264, 1.1479384128734447, 1.0817715774977903, 0.29088333330216287, 1.5745954231140589]),
     np.array([[0.0, 0.0, 0.0, 0.0, 0.0, 0.0, 0.0, 0.0, 0.0, 0.0], [0.3514866845343821, -0.35168860912185074, 0.0, 0.0, 0.0, 0.0, 0.0, 0.0, 0.0, 0.0], [0.0, -0.9752668597487293, 0.7620367969873307, 0.0, 0.0, 0.6203092515059194, 0.0, 0.0, 0.0, 0.0], [-0.2402285500612456, 0.0, 0.7394848968207816, -0.7326476189299659, 0.0, 0.0, 0.0, 0.0, 0.0, 0.0], [0.39764455224034695, 0.0, 0.0, -0.28578756105926595, 0.2492241829081754, 0.0, 0.0, 0.0, 0.0, 0.0], [0.0, -0.1486345960352473, 1.09712454338408, -1.2542511667734009, 0.0698849289313378, 0.0, 0.0, 0.0, 0.0, 0.0], [0.0, 0.0, 0.0, 0.0, 0.0, 0.0, 0.0, -0.14753246876530324, 0.0, 0.0], [0.0, 0.0, 0.0, 0.0, 0.0, 0.0, 0.0, 0.0, 0.0, 0.0], [0.0, 0.0, 0.0, 0.0, 0.0, -0.034130830800165254, 0.2850636207038059, 0.4311771701031234, 0.0, 0.0], [0.0, 0.0, 0.0, 0.0, 0.0, 0.0, 0.0, 0.0, 0.0, 0.0]]),
     np.array([1.0, 11.542116999258395, 21.568843639518654, 21.373760519790142, 25.95474414811106, 20.421086882870352, 2.168614489511134, 1.0, 15.895536041191361, 1.0]),
     np.array([[0.0, 0.0, 0.0, 0.0, 0.0, 0.0, 0.0, 0.0, 0.0, 0.0], [0.3514866845343821, -0.35168860912185074, 0.0, 0.0, 0.0, 0.0, 0.0, 0.0, 0.0, 0.0], [0.0, -0.9752668597487293, 0.7620367969873307, 0.0, 0.0, 0.6203092515059194, 0.0, 0.0, 0.0, 0.0], [-0.2402285500612456, 0.0, 0.7394848968207816, -0.7326476189299659, 0.0, 0.0, 0.0, 0.0, 0.0, 0.0], [0.39764455224034695, 0.0, 0.0, -0.28578756105926595, 0.2492241829081754, 0.0, 0.0, 0.0, 0.0, 0.0], [0.0, -0.1486345960352473, 1.09712454338408, -1.2542511667734009, 0.0698849289313378, 0.0, 0.0, 0.0, 0.0, 0.0], [0.0, 0.0, 0.0, 0.0, 0.0, 0.0, 0.0, -0.14753246876530324, 0.0, 0.0], [0.0, 0.0, 0.0, 0.0, 0.0, 0.0, 0.0, 0.0, 0.0, 0.0], [0.0, 0.0, 0.0, 0.0, 0.0, -0.034130830800165254, 0.2850636207038059, 0.4311771701031234, 0.0, 0.0], [0.0, 0.0, 0.0, 0.0, 0.0, 0.0, 0.0, 0.0, 0.0, 0.0]])),
    (np.array([1.0049563701356488, 1.3565518198169844, 1.2450445796622416, 0.8130552414776337, 0.5437714255783057, 0.29561386468787837, 1.224568921747598, 1.0712588623501524, 0.2783168885944473, 1.5836150778653733]),
     np.array([[0.0, 0.0, 0.0, 0.0, 0.0, 0.0, 0.0, 0.0, 0.0, 0.0], [0.6120093193516831, -1.059379903793728, 0.0, 0.0, 0.0, 0.0, 0.0, 0.0, 0.0, 0.0], [0.0, -0.9471722002666457, 0.849625100850416, 0.0, 0.0, 0.5632650302264091, 0.0, 0.0, 0.0, 0.0], [-0.1970788121693441, 0.0, 1.5821338613337337, -0.5902032229159089, 0.0, 0.0, 0.0, 0.0, 0.0, 0.0], [1.2887544802146782, 0.0, 0.0, -0.6631703306612005, 1.4380807588934412, 0.0, 0.0, 0.0, 0.0, 0.0], [0.0, -0.15359836601932603, 0.8009139141381172, -0.7086272102971903, 0.3099332713951068, 0.0, 0.0, 0.0, 0.0, 0.0], [0.0, 0.0, 0.0, 0.0, 0.0, 0.0, 0.0, -0.07043540123372397, 0.0, 0.0], [0.0, 0.0, 0.0, 0.0, 0.0, 0.0, 0.0, 0.0, 0.0, 0.0], [0.0, 0.0, 0.0, 0.0, 0.0, 0.3196399591060677, 0.2442627172746296, 0.30543295014336064, 0.0, 0.0], [0.0, 0.0, 0.0, 0.0, 0.0, 0.0, 0.0, 0.0, 0.0, 0.0]]),
     np.array([1.0, 27.703648938700166, 27.453918905087058, 41.238845796852225, 52.01510702930622, 13.714047001218487, 0.6371048212163244, 1.0, 6.678625794452611, 1.0]),
     np.array([[0.0, 0.0, 0.0, 0.0, 0.0, 0.0, 0.0, 0.0, 0.0, 0.0], [0.6120093193516831, -1.059379903793728, 0.0, 0.0, 0.0, 0.0, 0.0, 0.0, 0.0, 0.0], [0.0, -0.9471722002666457, 0.849625100850416, 0.0, 0.0, 0.5632650302264091, 0.0, 0.0, 0.0, 0.0], [-0.1970788121693441, 0.0, 1.5821338613337337, -0.5902032229159089, 0.0, 0.0, 0.0, 0.0, 0.0, 0.0], [1.2887544802146782, 0.0, 0.0, -0.6631703306612005, 1.4380807588934412, 0.0, 0.0, 0.0, 0.0, 0.0], [0.0, -0.15359836601932603, 0.8009139141381172, -0.7086272102971903, 0.3099332713951068, 0.0, 0.0, 0.0, 0.0, 0.0], [0.0, 0.0, 0.0, 0.0, 0.0, 0.0, 0.0, -0.07043540123372397, 0.0, 0.0], [0.0, 0.0, 0.0, 0.0, 0.0, 0.0, 0.0, 0.0, 0.0, 0.0], [0.0, 0.0, 0.0, 0.0, 0.0, 0.3196399591060677, 0.2442627172746296, 0.30543295014336064, 0.0, 0.0], [0.0, 0.0, 0.0, 0.0, 0.0, 0.0, 0.0, 0.0, 0.0, 0.0]])),
    (np.array([0.957775491393273, 1.3257593550420823, 1.1571259117605146, 0.8207245924274827, 0.49531632324367897, 0.292399454808519, 0.8065181241144145, 1.0270306229757742, 0.2931583410959523, 1.513759897839785]),
     np.array([[0.0, 0.0, 0.0, 0.0, 0.0, 0.0, 0.0, 0.0, 0.0, 0.0], [0.7544829880477776, -0.38534001259611683, 0.0, 0.0, 0.0, 0.0, 0.0, 0.0, 0.0, 0.0], [0.0, -0.6270071655019154, 0.45036805943442687, 0.0, 0.0, 0.4844755958462816, 0.0, 0.0, 0.0, 0.0], [-0.035067405888078995, 0.0, 1.1455219717902092, -1.0074691590068496, 0.0, 0.0, 0.0, 0.0, 0.0, 0.0], [0.9522855019512871, 0.0, 0.0, -0.5495892311440846, 0.7435081464850073, 0.0, 0.0, 0.0, 0.0, 0.0], [0.0, -0.055250906243369965, 0.9870139451743257, -0.7154147252957048, -0.13981044162018705, 0.0, 0.0, 0.0, 0.0, 0.0], [0.0, 0.0, 0.0, 0.0, 0.0, 0.0, 0.0, 0.038804852888277126, 0.0, 0.0], [0.0, 0.0, 0.0, 0.0, 0.0, 0.0, 0.0, 0.0, 0.0, 0.0], [0.0, 0.0, 0.0, 0.0, 0.0, 0.30513529110211235, 0.30368199946201585, 0.5193866275750249, 0.0, 0.0], [0.0, 0.0, 0.0, 0.0, 0.0, 0.0, 0.0, 0.0, 0.0, 0.0]]),
     np.array([1.0, 11.836782809628646, 28.28374490163718, 50.462484453489914, 33.65423890074423, 13.750510017971065, 0.13162296238999951, 1.0, 17.13089071161315, 1.0]),
     np.array([[0.0, 0.0, 0.0, 0.0, 0.0, 0.0, 0.0, 0.0, 0.0, 0.0], [0.7544829880477776, -0.38534001259611683, 0.0, 0.0, 0.0, 0.0, 0.0, 0.0, 0.0, 0.0], [0.0, -0.6270071655019154, 0.45036805943442687, 0.0, 0.0, 0.4844755958462816, 0.0, 0.0, 0.0, 0.0], [-0.035067405888078995, 0.0, 1.1455219717902092, -1.0074691590068496, 0.0, 0.0, 0.0, 0.0, 0.0, 0.0], [0.9522855019512871, 0.0, 0.0, -0.5495892311440846, 0.7435081464850073, 0.0, 0.0, 0.0, 0.0, 0.0], [0.0, -0.055250906243369965, 0.9870139451743257, -0.7154147252957048, -0.13981044162018705, 0.0, 0.0, 0.0, 0.0, 0.0], [0.0, 0.0, 0.0, 0.0, 0.0, 0.0, 0.0, 0.038804852888277126, 0.0, 0.0], [0.0, 0.0, 0.0, 0.0, 0.0, 0.0, 0.0, 0.0, 0.0, 0.0], [0.0, 0.0, 0.0, 0.0, 0.0, 0.30513529110211235, 0.30368199946201585, 0.5193866275750249, 0.0, 0.0], [0.0, 0.0, 0.0, 0.0, 0.0, 0.0, 0.0, 0.0, 0.0, 0.0]])),
    (np.array([1.00940527744071, 1.3057131982989196, 1.2524541913397378, 0.7941901720623514, 0.5092589389025916, 0.3199269860808461, 1.0964816308843381, 1.0075565497884713, 0.31070379080645893, 1.542821572812401]),
     np.array([[0.0, 0.0, 0.0, 0.0, 0.0, 0.0, 0.0, 0.0, 0.0, 0.0], [1.2118538675409256, -0.8164444007800141, 0.0, 0.0, 0.0, 0.0, 0.0, 0.0, 0.0, 0.0], [0.0, -0.9761933088582897, 0.6586347932567617, 0.0, 0.0, 0.02951508667843005, 0.0, 0.0, 0.0, 0.0], [-0.4705404563053988, 0.0, 1.1511595549988134, -0.792626049347681, 0.0, 0.0, 0.0, 0.0, 0.0, 0.0], [2.0461771660748114, 0.0, 0.0, -0.8963074625359891, 0.7985706911148978, 0.0, 0.0, 0.0, 0.0, 0.0], [0.0, -0.12408815592279124, 1.210328901030244, -1.4324703311254168, 0.13367196291535996, 0.0, 0.0, 0.0, 0.0, 0.0], [0.0, 0.0, 0.0, 0.0, 0.0, 0.0, 0.0, -0.5415325868321617, 0.0, 0.0], [0.0, 0.0, 0.0, 0.0, 0.0, 0.0, 0.0, 0.0, 0.0, 0.0], [0.0, 0.0, 0.0, 0.0, 0.0, 0.18186909097786225, 0.79801048846489, 1.4929241987417192, 0.0, 0.0], [0.0, 0.0, 0.0, 0.0, 0.0, 0.0, 0.0, 0.0, 0.0, 0.0]]),
     np.array([1.0, 37.003771572236026, 28.929633335065162, 26.295647533500617, 71.21574046394774, 14.530113585169236, 41.50840861808872, 1.0, 73.17811653462093, 1.0]),
     np.array([[0.0, 0.0, 0.0, 0.0, 0.0, 0.0, 0.0, 0.0, 0.0, 0.0], [1.2118538675409256, -0.8164444007800141, 0.0, 0.0, 0.0, 0.0, 0.0, 0.0, 0.0, 0.0], [0.0, -0.9761933088582897, 0.6586347932567617, 0.0, 0.0, 0.02951508667843005, 0.0, 0.0, 0.0, 0.0], [-0.4705404563053988, 0.0, 1.1511595549988134, -0.792626049347681, 0.0, 0.0, 0.0, 0.0, 0.0, 0.0], [2.0461771660748114, 0.0, 0.0, -0.8963074625359891, 0.7985706911148978, 0.0, 0.0, 0.0, 0.0, 0.0], [0.0, -0.12408815592279124, 1.210328901030244, -1.4324703311254168, 0.13367196291535996, 0.0, 0.0, 0.0, 0.0, 0.0], [0.0, 0.0, 0.0, 0.0, 0.0, 0.0, 0.0, -0.5415325868321617, 0.0, 0.0], [0.0, 0.0, 0.0, 0.0, 0.0, 0.0, 0.0, 0.0, 0.0, 0.0], [0.0, 0.0, 0.0, 0.0, 0.0, 0.18186909097786225, 0.79801048846489, 1.4929241987417192, 0.0, 0.0], [0.0, 0.0, 0.0, 0.0, 0.0, 0.0, 0.0, 0.0, 0.0, 0.0]])),
    (np.array([1.0278753534679044, 1.3039887645511499, 1.20814471032396, 0.8367579348851663, 0.5187712645667752, 0.3067427807141155, 1.182402562114656, 1.0278753534679432, 0.2861483085877458, 1.545022120829819]),
     np.array([[0.0, 0.0, 0.0, 0.0, 0.0, 0.0, 0.0, 0.0, 0.0, 0.0], [0.8376387217297254, -0.5605779623487388, 0.0, 0.0, 0.0, 0.0, 0.0, 0.0, 0.0, 0.0], [0.0, -0.9658423760052814, 0.6380271819643492, 0.0, 0.0, 0.21465083465241824, 0.0, 0.0, 0.0, 0.0], [-0.12398201346047603, 0.0, 1.192840325314475, -1.1983886024204193, 0.0, 0.0, 0.0, 0.0, 0.0, 0.0], [0.42574923216838506, 0.0, 0.0, -0.4534748518102666, 0.5914996188898564, 0.0, 0.0, 0.0, 0.0, 0.0], [0.0, -0.16310116080472764, 1.4455389598147788, -1.5253696851330902, 0.20249892259738528, 0.0, 0.0, 0.0, 0.0, 0.0], [0.0, 0.0, 0.0, 0.0, 0.0, 0.0, 0.0, -0.4850612265657325, 0.0, 0.0], [0.0, 0.0, 0.0, 0.0, 0.0, 0.0, 0.0, 0.0, 0.0, 0.0], [0.0, 0.0, 0.0, 0.0, 0.0, 0.23776159414252543, 0.11737209026769885, 0.3492196732594816, 0.0, 0.0], [0.0, 0.0, 0.0, 0.0, 0.0, 0.0, 0.0, 0.0, 0.0, 0.0]]),
     np.array([1.0, 41.69765349284727, 24.57725011767533, 39.57527595365543, 17.12258171389103, 20.392343964326955, 25.42074229458141, 1.0, 6.733475320648419, 1.0]),
     np.array([[0.0, 0.0, 0.0, 0.0, 0.0, 0.0, 0.0, 0.0, 0.0, 0.0], [0.8376387217297254, -0.5605779623487388, 0.0, 0.0, 0.0, 0.0, 0.0, 0.0, 0.0, 0.0], [0.0, -0.9658423760052814, 0.6380271819643492, 0.0, 0.0, 0.21465083465241824, 0.0, 0.0, 0.0, 0.0], [-0.12398201346047603, 0.0, 1.192840325314475, -1.1983886024204193, 0.0, 0.0, 0.0, 0.0, 0.0, 0.0], [0.42574923216838506, 0.0, 0.0, -0.4534748518102666, 0.5914996188898564, 0.0, 0.0, 0.0, 0.0, 0.0], [0.0, -0.16310116080472764, 1.4455389598147788, -1.5253696851330902, 0.20249892259738528, 0.0, 0.0, 0.0, 0.0, 0.0], [0.0, 0.0, 0.0, 0.0, 0.0, 0.0, 0.0, -0.4850612265657325, 0.0, 0.0], [0.0, 0.0, 0.0, 0.0, 0.0, 0.0, 0.0, 0.0, 0.0, 0.0], [0.0, 0.0, 0.0, 0.0, 0.0, 0.23776159414252543, 0.11737209026769885, 0.3492196732594816, 0.0, 0.0], [0.0, 0.0, 0.0, 0.0, 0.0, 0.0, 0.0, 0.0, 0.0, 0.0]])),
    (np.array([0.978687969879509, 1.30459444721583, 1.2732120769724307, 0.832780961420868, 0.5099862479140881, 0.32045367132448005, 1.084251215081029, 1.0035634333582122, 0.2517860766028685, 1.5234807698925645]),
     np.array([[0.0, 0.0, 0.0, 0.0, 0.0, 0.0, 0.0, 0.0, 0.0, 0.0], [0.47312055748863524, -0.3630635512563668, 0.0, 0.0, 0.0, 0.0, 0.0, 0.0, 0.0, 0.0], [0.0, -1.0269406449167593, 0.7335851387416292, 0.0, 0.0, -0.08815139271019716, 0.0, 0.0, 0.0, 0.0], [-0.24151164891343088, 0.0, 0.40948611403205487, -0.440845303121645, 0.0, 0.0, 0.0, 0.0, 0.0, 0.0], [0.19974144955905193, 0.0, 0.0, -0.17649991458293182, 0.04492656887891548, 0.0, 0.0, 0.0, 0.0, 0.0], [0.0, -0.11374453326282206, 0.9670320721972101, -0.9636560706446453, -0.11110295424461508, 0.0, 0.0, 0.0, 0.0, 0.0], [0.0, 0.0, 0.0, 0.0, 0.0, 0.0, 0.0, -0.002179607746628532, 0.0, 0.0], [0.0, 0.0, 0.0, 0.0, 0.0, 0.0, 0.0, 0.0, 0.0, 0.0], [0.0, 0.0, 0.0, 0.0, 0.0, 0.5079609296830415, 0.37079295443165544, 0.44160703545485047, 0.0, 0.0], [0.0, 0.0, 0.0, 0.0, 0.0, 0.0, 0.0, 0.0, 0.0, 0.0]]),
     np.array([1.0, 8.041989797324401, 18.944744160093983, 12.51434872933331, 6.305812573153732, 13.200098712064458, 0.09841282584193944, 1.0, 13.709170406624999, 1.0]),
     np.array([[0.0, 0.0, 0.0, 0.0, 0.0, 0.0, 0.0, 0.0, 0.0, 0.0], [0.47312055748863524, -0.3630635512563668, 0.0, 0.0, 0.0, 0.0, 0.0, 0.0, 0.0, 0.0], [0.0, -1.0269406449167593, 0.7335851387416292, 0.0, 0.0, -0.08815139271019716, 0.0, 0.0, 0.0, 0.0], [-0.24151164891343088, 0.0, 0.40948611403205487, -0.440845303121645, 0.0, 0.0, 0.0, 0.0, 0.0, 0.0], [0.19974144955905193, 0.0, 0.0, -0.17649991458293182, 0.04492656887891548, 0.0, 0.0, 0.0, 0.0, 0.0], [0.0, -0.11374453326282206, 0.9670320721972101, -0.9636560706446453, -0.11110295424461508, 0.0, 0.0, 0.0, 0.0, 0.0], [0.0, 0.0, 0.0, 0.0, 0.0, 0.0, 0.0, -0.002179607746628532, 0.0, 0.0], [0.0, 0.0, 0.0, 0.0, 0.0, 0.0, 0.0, 0.0, 0.0, 0.0], [0.0, 0.0, 0.0, 0.0, 0.0, 0.5079609296830415, 0.37079295443165544, 0.44160703545485047, 0.0, 0.0], [0.0, 0.0, 0.0, 0.0, 0.0, 0.0, 0.0, 0.0, 0.0, 0.0]])),
    (np.array([0.9918063657289254, 1.2768641974474955, 1.2035365156933604, 0.8452918195855228, 0.5170488861626547, 0.2937732621394278, 1.1847553757830063, 1.0529671240575507, 0.27098952802876813, 1.5303625516500061]),
     np.array([[0.0, 0.0, 0.0, 0.0, 0.0, 0.0, 0.0, 0.0, 0.0, 0.0], [1.9056326814720133, -0.6424097356189894, 0.0, 0.0, 0.0, 0.0, 0.0, 0.0, 0.0, 0.0], [0.0, -0.8003681894020821, 0.633856525062297, 0.0, 0.0, 1.3422117154335729, 0.0, 0.0, 0.0, 0.0], [-0.20690048496331878, 0.0, 0.33539033057242984, -0.4768668459302749, 0.0, 0.0, 0.0, 0.0, 0.0, 0.0], [0.8472817164011194, 0.0, 0.0, -0.494717611142071, 1.092072986720867, 0.0, 0.0, 0.0, 0.0, 0.0], [0.0, -0.18694925648441385, 1.5817363359524592, -1.3472818812618281, 0.05988114538028322, 0.0, 0.0, 0.0, 0.0, 0.0], [0.0, 0.0, 0.0, 0.0, 0.0, 0.0, 0.0, -0.018946852748719413, 0.0, 0.0], [0.0, 0.0, 0.0, 0.0, 0.0, 0.0, 0.0, 0.0, 0.0, 0.0], [0.0, 0.0, 0.0, 0.0, 0.0, 0.20349246297210782, 0.42942495743680986, 0.4448886053259009, 0.0, 0.0], [0.0, 0.0, 0.0, 0.0, 0.0, 0.0, 0.0, 0.0, 0.0, 0.0]]),
     np.array([1.0, 25.957144348768573, 22.20936549392615, 15.205301599727997, 20.86634298836643, 20.374234194857056, 0.2096887218514555, 1.0, 17.060070185829385, 1.0]),
     np.array([[0.0, 0.0, 0.0, 0.0, 0.0, 0.0, 0.0, 0.0, 0.0, 0.0], [1.9056326814720133, -0.6424097356189894, 0.0, 0.0, 0.0, 0.0, 0.0, 0.0, 0.0, 0.0], [0.0, -0.8003681894020821, 0.633856525062297, 0.0, 0.0, 1.3422117154335729, 0.0, 0.0, 0.0, 0.0], [-0.20690048496331878, 0.0, 0.33539033057242984, -0.4768668459302749, 0.0, 0.0, 0.0, 0.0, 0.0, 0.0], [0.8472817164011194, 0.0, 0.0, -0.494717611142071, 1.092072986720867, 0.0, 0.0, 0.0, 0.0, 0.0], [0.0, -0.18694925648441385, 1.5817363359524592, -1.3472818812618281, 0.05988114538028322, 0.0, 0.0, 0.0, 0.0, 0.0], [0.0, 0.0, 0.0, 0.0, 0.0, 0.0, 0.0, -0.018946852748719413, 0.0, 0.0], [0.0, 0.0, 0.0, 0.0, 0.0, 0.0, 0.0, 0.0, 0.0, 0.0], [0.0, 0.0, 0.0, 0.0, 0.0, 0.20349246297210782, 0.42942495743680986, 0.4448886053259009, 0.0, 0.0], [0.0, 0.0, 0.0, 0.0, 0.0, 0.0, 0.0, 0.0, 0.0, 0.0]])),
    (np.array([0.9725912518877328, 1.343023462171503, 1.2272866058471332, 0.841362183706087, 0.5112124391123475, 0.32777560372375386, 1.0922996417315645, 1.05472766364806, 0.3056007834454155, 1.5738854216430804]),
     np.array([[0.0, 0.0, 0.0, 0.0, 0.0, 0.0, 0.0, 0.0, 0.0, 0.0], [-0.0007948749544090489, 0.0005853441643492897, 0.0, 0.0, 0.0, 0.0, 0.0, 0.0, 0.0, 0.0], [0.0, -1.1261611105231146, 0.8553570979247155, 0.0, 0.0, 0.7045373438057273, 0.0, 0.0, 0.0, 0.0], [-0.5542842171127146, 0.0, 0.6297670610169258, -0.588525168888518, 0.0, 0.0, 0.0, 0.0, 0.0, 0.0], [0.9632035582597918, 0.0, 0.0, -0.5010439506510821, 0.4769699381592988, 0.0, 0.0, 0.0, 0.0, 0.0], [0.0, -0.08253929545620738, 0.9744282614911334, -0.8560556086135774, -0.21380321929000057, 0.0, 0.0, 0.0, 0.0, 0.0], [0.0, 0.0, 0.0, 0.0, 0.0, 0.0, 0.0, -0.09036323788420993, 0.0, 0.0], [0.0, 0.0, 0.0, 0.0, 0.0, 0.0, 0.0, 0.0, 0.0, 0.0], [0.0, 0.0, 0.0, 0.0, 0.0, -0.07875452039818708, 0.21394094349767587, 0.6748515890227114, 0.0, 0.0], [0.0, 0.0, 0.0, 0.0, 0.0, 0.0, 0.0, 0.0, 0.0, 0.0]]),
     np.array([1.0, 0.15019649544334834, 25.398655686921618, 23.268676187477194, 28.802167576840155, 12.641467035995966, 16.258094977405793, 1.0, 16.496027458033037, 1.0]),
     np.array([[0.0, 0.0, 0.0, 0.0, 0.0, 0.0, 0.0, 0.0, 0.0, 0.0], [-0.0007948749544090489, 0.0005853441643492897, 0.0, 0.0, 0.0, 0.0, 0.0, 0.0, 0.0, 0.0], [0.0, -1.1261611105231146, 0.8553570979247155, 0.0, 0.0, 0.7045373438057273, 0.0, 0.0, 0.0, 0.0], [-0.5542842171127146, 0.0, 0.6297670610169258, -0.588525168888518, 0.0, 0.0, 0.0, 0.0, 0.0, 0.0], [0.9632035582597918, 0.0, 0.0, -0.5010439506510821, 0.4769699381592988, 0.0, 0.0, 0.0, 0.0, 0.0], [0.0, -0.08253929545620738, 0.9744282614911334, -0.8560556086135774, -0.21380321929000057, 0.0, 0.0, 0.0, 0.0, 0.0], [0.0, 0.0, 0.0, 0.0, 0.0, 0.0, 0.0, -0.09036323788420993, 0.0, 0.0], [0.0, 0.0, 0.0, 0.0, 0.0, 0.0, 0.0, 0.0, 0.0, 0.0], [0.0, 0.0, 0.0, 0.0, 0.0, -0.07875452039818708, 0.21394094349767587, 0.6748515890227114, 0.0, 0.0], [0.0, 0.0, 0.0, 0.0, 0.0, 0.0, 0.0, 0.0, 0.0, 0.0]])),
    (np.array([0.9633451273589636, 1.3104530709888822, 1.1705884841437, 0.7989318629697599, 0.49109464341342546, 0.2651896819090881, 1.1561069385772953, 1.0821637863398506, 0.2894545166931859, 1.5583684549646226]),
     np.array([[0.0, 0.0, 0.0, 0.0, 0.0, 0.0, 0.0, 0.0, 0.0, 0.0], [0.5983560158561164, -0.5678283494880849, 0.0, 0.0, 0.0, 0.0, 0.0, 0.0, 0.0, 0.0], [0.0, -1.0241278482166378, 0.8661071398502195, 0.0, 0.0, 0.30801816794839076, 0.0, 0.0, 0.0, 0.0], [-0.5225023933558818, 0.0, 0.8137988949399665, -0.9531737390132161, 0.0, 0.0, 0.0, 0.0, 0.0, 0.0], [0.08288731225028392, 0.0, 0.0, 0.04111407051482624, -0.20651568765648984, 0.0, 0.0, 0.0, 0.0, 0.0], [0.0, -0.05134627608787388, 0.6156440515732996, -0.349617017303286, 0.03002567584167063, 0.0, 0.0, 0.0, 0.0, 0.0], [0.0, 0.0, 0.0, 0.0, 0.0, 0.0, 0.0, -0.19765375678719402, 0.0, 0.0], [0.0, 0.0, 0.0, 0.0, 0.0, 0.0, 0.0, 0.0, 0.0, 0.0], [0.0, 0.0, 0.0, 0.0, 0.0, 0.4273009635721864, 0.11518738198624698, 0.24120086172487396, 0.0, 0.0], [0.0, 0.0, 0.0, 0.0, 0.0, 0.0, 0.0, 0.0, 0.0, 0.0]]),
     np.array([1.0, 23.086868094585245, 28.038847382079553, 24.413836146251906, 2.9748347021657584, 6.95478437013203, 6.518105376074484, 1.0, 9.909012799942593, 1.0]),
     np.array([[0.0, 0.0, 0.0, 0.0, 0.0, 0.0, 0.0, 0.0, 0.0, 0.0], [0.5983560158561164, -0.5678283494880849, 0.0, 0.0, 0.0, 0.0, 0.0, 0.0, 0.0, 0.0], [0.0, -1.0241278482166378, 0.8661071398502195, 0.0, 0.0, 0.30801816794839076, 0.0, 0.0, 0.0, 0.0], [-0.5225023933558818, 0.0, 0.8137988949399665, -0.9531737390132161, 0.0, 0.0, 0.0, 0.0, 0.0, 0.0], [0.08288731225028392, 0.0, 0.0, 0.04111407051482624, -0.20651568765648984, 0.0, 0.0, 0.0, 0.0, 0.0], [0.0, -0.05134627608787388, 0.6156440515732996, -0.349617017303286, 0.03002567584167063, 0.0, 0.0, 0.0, 0.0, 0.0], [0.0, 0.0, 0.0, 0.0, 0.0, 0.0, 0.0, -0.19765375678719402, 0.0, 0.0], [0.0, 0.0, 0.0, 0.0, 0.0, 0.0, 0.0, 0.0, 0.0, 0.0], [0.0, 0.0, 0.0, 0.0, 0.0, 0.4273009635721864, 0.11518738198624698, 0.24120086172487396, 0.0, 0.0], [0.0, 0.0, 0.0, 0.0, 0.0, 0.0, 0.0, 0.0, 0.0, 0.0]])),
    (np.array([1.013629585379671, 1.3272904351702008, 1.2842657219984959, 0.8411026271926825, 0.514033777503659, 0.32490603649133454, 1.097552704365483, 1.0314449563859, 0.2964219273003828, 1.5706307765110163]),
     np.array([[0.0, 0.0, 0.0, 0.0, 0.0, 0.0, 0.0, 0.0, 0.0, 0.0], [0.43847449489781726, -0.5501632031624369, 0.0, 0.0, 0.0, 0.0, 0.0, 0.0, 0.0, 0.0], [0.0, -1.0650326059547763, 0.6446611750310892, 0.0, 0.0, 0.3452028848181454, 0.0, 0.0, 0.0, 0.0], [-0.4408973891002728, 0.0, 1.5915097810085572, -2.069738646840316, 0.0, 0.0, 0.0, 0.0, 0.0, 0.0], [1.809846182175394, 0.0, 0.0, -0.43217965298640243, 1.7348462552244102, 0.0, 0.0, 0.0, 0.0, 0.0], [0.0, -0.1263327852420512, 0.8700775167554867, -0.8369325898220876, -0.012235623583057492, 0.0, 0.0, 0.0, 0.0, 0.0], [0.0, 0.0, 0.0, 0.0, 0.0, 0.0, 0.0, -0.23391606889145028, 0.0, 0.0], [0.0, 0.0, 0.0, 0.0, 0.0, 0.0, 0.0, 0.0, 0.0, 0.0], [0.0, 0.0, 0.0, 0.0, 0.0, -0.03781370739814227, 0.20692677874528653, 0.3424221736483007, 0.0, 0.0], [0.0, 0.0, 0.0, 0.0, 0.0, 0.0, 0.0, 0.0, 0.0, 0.0]]),
     np.array([1.0, 23.816496602385968, 15.57709084903216, 68.99176852195123, 71.3917987265251, 12.31870701474721, 10.089797737842035, 1.0, 7.597692392300986, 1.0]),
     np.array([[0.0, 0.0, 0.0, 0.0, 0.0, 0.0, 0.0, 0.0, 0.0, 0.0], [0.43847449489781726, -0.5501632031624369, 0.0, 0.0, 0.0, 0.0, 0.0, 0.0, 0.0, 0.0], [0.0, -1.0650326059547763, 0.6446611750310892, 0.0, 0.0, 0.3452028848181454, 0.0, 0.0, 0.0, 0.0], [-0.4408973891002728, 0.0, 1.5915097810085572, -2.069738646840316, 0.0, 0.0, 0.0, 0.0, 0.0, 0.0], [1.809846182175394, 0.0, 0.0, -0.43217965298640243, 1.7348462552244102, 0.0, 0.0, 0.0, 0.0, 0.0], [0.0, -0.1263327852420512, 0.8700775167554867, -0.8369325898220876, -0.012235623583057492, 0.0, 0.0, 0.0, 0.0, 0.0], [0.0, 0.0, 0.0, 0.0, 0.0, 0.0, 0.0, -0.23391606889145028, 0.0, 0.0], [0.0, 0.0, 0.0, 0.0, 0.0, 0.0, 0.0, 0.0, 0.0, 0.0], [0.0, 0.0, 0.0, 0.0, 0.0, -0.03781370739814227, 0.20692677874528653, 0.3424221736483007, 0.0, 0.0], [0.0, 0.0, 0.0, 0.0, 0.0, 0.0, 0.0, 0.0, 0.0, 0.0]])),
    (np.array([0.9968235362613119, 1.3312643775532909, 1.1961678561521196, 0.8584681131997959, 0.5453183499842057, 0.2977721888923784, 1.0632447411730561, 1.0394747847243369, 0.2882037442468923, 1.5179182020552917]),
     np.array([[0.0, 0.0, 0.0, 0.0, 0.0, 0.0, 0.0, 0.0, 0.0, 0.0], [1.091665071217077, -0.5209059296514434, 0.0, 0.0, 0.0, 0.0, 0.0, 0.0, 0.0, 0.0], [0.0, -1.0409618680208432, 0.8192322848058058, 0.0, 0.0, 1.0685620883902578, 0.0, 0.0, 0.0, 0.0], [-0.5835190528108108, 0.0, 1.2750343472002599, -1.0114042853266525, 0.0, 0.0, 0.0, 0.0, 0.0, 0.0], [1.7310630778485592, 0.0, 0.0, -0.806365643994856, 1.3053451905166156, 0.0, 0.0, 0.0, 0.0, 0.0], [0.0, -0.015260424542151254, 1.2693447308683659, -1.09115617394271, 0.2812318213762028, 0.0, 0.0, 0.0, 0.0, 0.0], [0.0, 0.0, 0.0, 0.0, 0.0, 0.0, 0.0, -0.5498176463212919, 0.0, 0.0], [0.0, 0.0, 0.0, 0.0, 0.0, 0.0, 0.0, 0.0, 0.0, 0.0], [0.0, 0.0, 0.0, 0.0, 0.0, 0.11880514372520343, 0.2488373625296485, 0.8333606397727417, 0.0, 0.0], [0.0, 0.0, 0.0, 0.0, 0.0, 0.0, 0.0, 0.0, 0.0, 0.0]]),
     np.array([1.0, 15.629514551477188, 26.479854385262513, 40.8033076349524, 63.3754932825047, 17.52882353992111, 33.13943171866199, 1.0, 26.736624242074075, 1.0]),
     np.array([[0.0, 0.0, 0.0, 0.0, 0.0, 0.0, 0.0, 0.0, 0.0, 0.0], [1.091665071217077, -0.5209059296514434, 0.0, 0.0, 0.0, 0.0, 0.0, 0.0, 0.0, 0.0], [0.0, -1.0409618680208432, 0.8192322848058058, 0.0, 0.0, 1.0685620883902578, 0.0, 0.0, 0.0, 0.0], [-0.5835190528108108, 0.0, 1.2750343472002599, -1.0114042853266525, 0.0, 0.0, 0.0, 0.0, 0.0, 0.0], [1.7310630778485592, 0.0, 0.0, -0.806365643994856, 1.3053451905166156, 0.0, 0.0, 0.0, 0.0, 0.0], [0.0, -0.015260424542151254, 1.2693447308683659, -1.09115617394271, 0.2812318213762028, 0.0, 0.0, 0.0, 0.0, 0.0], [0.0, 0.0, 0.0, 0.0, 0.0, 0.0, 0.0, -0.5498176463212919, 0.0, 0.0], [0.0, 0.0, 0.0, 0.0, 0.0, 0.0, 0.0, 0.0, 0.0, 0.0], [0.0, 0.0, 0.0, 0.0, 0.0, 0.11880514372520343, 0.2488373625296485, 0.8333606397727417, 0.0, 0.0], [0.0, 0.0, 0.0, 0.0, 0.0, 0.0, 0.0, 0.0, 0.0, 0.0]])),
]

hp_short_mem_gvm_final_estimation = (
    np.array([1.0061664328942796, 1.3029503310877162, 1.2201361950229948, 0.8121990845527877, 0.5126260649277563, 0.3025878271322566, 1.1077487245093887, 1.0358776860759475, 0.2976954381298656, 1.5457742711950044]),
    np.array([[0.0, 0.0, 0.0, 0.0, 0.0, 0.0, 0.0, 0.0, 0.0, 0.0], [1.031153661199322, -0.5195315058219729, 0.0, 0.0, 0.0, 0.0, 0.0, 0.0, 0.0, 0.0], [0.0, -0.9364327108122583, 0.6836340465462111, 0.0, 0.0, 0.36408202132965645, 0.0, 0.0, 0.0, 0.0], [-0.3465241056145223, 0.0, 1.1633669456547644, -0.8105971136722158, 0.0, 0.0, 0.0, 0.0, 0.0, 0.0], [1.0818715172453666, 0.0, 0.0, -0.4672494936684473, 0.7123487567917214, 0.0, 0.0, 0.0, 0.0, 0.0], [0.0, -0.08711032117222822, 1.0510980697390617, -0.826502309994153, 0.10196045515445387, 0.0, 0.0, 0.0, 0.0, 0.0], [0.0, 0.0, 0.0, 0.0, 0.0, 0.0, 0.0, -0.14004307241611832, 0.0, 0.0], [0.0, 0.0, 0.0, 0.0, 0.0, 0.0, 0.0, 0.0, 0.0, 0.0], [0.0, 0.0, 0.0, 0.0, 0.0, 0.22502680694884297, 0.25219954276967504, 0.4384361515615638, 0.0, 0.0], [0.0, 0.0, 0.0, 0.0, 0.0, 0.0, 0.0, 0.0, 0.0, 0.0]]),
    np.array([1.0, 29.701962830766842, 23.230914219770806, 33.52204671840014, 46.94755804351252, 14.167344645992646, 11.57840148176749, 1.0, 13.9102530601976, 1.0]),
    np.array([[0.0, 0.0, 0.0, 0.0, 0.0, 0.0, 0.0, 0.0, 0.0, 0.0], [1.031153661199322, -0.5195315058219729, 0.0, 0.0, 0.0, 0.0, 0.0, 0.0, 0.0, 0.0], [0.0, -0.9364327108122583, 0.6836340465462111, 0.0, 0.0, 0.36408202132965645, 0.0, 0.0, 0.0, 0.0], [-0.3465241056145223, 0.0, 1.1633669456547644, -0.8105971136722158, 0.0, 0.0, 0.0, 0.0, 0.0, 0.0], [1.0818715172453666, 0.0, 0.0, -0.4672494936684473, 0.7123487567917214, 0.0, 0.0, 0.0, 0.0, 0.0], [0.0, -0.08711032117222822, 1.0510980697390617, -0.826502309994153, 0.10196045515445387, 0.0, 0.0, 0.0, 0.0, 0.0], [0.0, 0.0, 0.0, 0.0, 0.0, 0.0, 0.0, -0.14004307241611832, 0.0, 0.0], [0.0, 0.0, 0.0, 0.0, 0.0, 0.0, 0.0, 0.0, 0.0, 0.0], [0.0, 0.0, 0.0, 0.0, 0.0, 0.22502680694884297, 0.25219954276967504, 0.4384361515615638, 0.0, 0.0], [0.0, 0.0, 0.0, 0.0, 0.0, 0.0, 0.0, 0.0, 0.0, 0.0]])
)

hp_short_mem_gvm_interaction_matrix =   np.array([[True, True, True, True, True, True, True, True, True, True], [False, False, True, True, True, True, True, True, True, True], [True, False, False, True, True, False, True, True, True, True], [False, True, False, False, True, True, True, True, True, True], [False, True, True, False, False, True, True, True, True, True], [True, False, False, False, False, True, True, True, True, True], [True, True, True, True, True, True, True, False, True, True], [True, True, True, True, True, True, True, True, True, True], [True, True, True, True, True, False, False, False, True, True], [True, True, True, True, True, True, True, True, True, True]])

hp_short_mem_gvm_matrix_hp =   np.array([[True, True, True, True, True, True, True, True, True, True], [True, True, True, True, True, True, True, True, True, True], [True, True, True, True, True, True, True, True, True, True], [True, True, True, True, True, True, True, True, True, True], [True, True, True, True, True, True, True, True, True, True], [True, True, True, True, True, True, True, True, True, True], [True, True, True, True, True, True, True, True, True, True], [True, True, True, True, True, True, True, True, True, True], [True, True, True, True, True, True, True, True, True, True], [True, True, True, True, True, True, True, True, True, True]])

hp_short_mem_gvm_matrix_vm =   np.array([[True, True, True, True, True, True, True, True, True, True], [False, False, True, True, True, True, True, True, True, True], [True, False, False, True, True, False, True, True, True, True], [False, True, False, False, True, True, True, True, True, True], [False, True, True, False, False, True, True, True, True, True], [True, False, False, False, False, True, True, True, True, True], [True, True, True, True, True, True, True, False, True, True], [True, True, True, True, True, True, True, True, True, True], [True, True, True, True, True, False, False, False, True, True], [True, True, True, True, True, True, True, True, True, True]])

hp_short_mem_gvm_pvalues = np.array(
[0.13338860499036576, 0.12949328832271667, 0.018147235606660095, 0.5190699793119199, 0.7926737593966771, 0.16790846992998176, 0.7485794263790055, 0.0026811847364096586, 0.0063697318579953865, 0.4590429050025001, 0.011357373375894597, 0.2438835281392827, 0.32518498234404614, 0.010922417908146187, 0.4313460039489283, 0.13542778868167993, 0.12493532073292168, 0.5429790409167176, 0.29455862612945694, 0.5483938894681955, 0.014096671973331532, 0.8100367217459085, 0.007055179770170006, 0.6090419124530253, 0.019623377775910722, 0.821186364042293, 0.1131341225463045, 0.34363442418768764, 0.03757000492024054, 0.0008692657778807122, 0.23686980105301625, 0.015364362263863285, 0.1521275923334776, 0.1958818788991814, 0.002673344378731124, 0.31519793604821866, 0.052867726822273364, 0.005748818806913691, 0.0889677917186874, 0.478296667924377, 0.14848890469220266, 0.6226976463171295, 0.01960297589769522, 0.3305073246508391, 0.09302874711145392, 0.08110608566123856, 0.31371316771541824, 0.2496608811619343, 0.8031182835592864, 0.4375133604069268]
)

