vm_gvm_estimations_step1 = [
    (np.array([1.0032538012626226, 1.219150433662321, 1.3666535456746627, 0.8361265212541216, 0.4701119659756606, 0.1594570284646809, 1.1654228744691508, 1.3863882167272916, 0.32330939902960526, 1.4815523942027227]),
     np.array([[0.5534231901039177, 0.2960338522745569, 0.19125641675506252, -0.9508575746309069, 0.2966294843126029, 0.9201677936753825, -0.09248650512968981, 0.3199879612700816, -0.16436222847203105, -0.007986331505674248], [0.9265627613996024, -0.31396749216333936, -0.28698124773709, -0.014078282806638748, 0.20736867631530814, 0.17913427579069352, 0.18478416713221382, -0.0050172721054256375, -0.07920435543547623, 0.12813832478510984], [0.12550366677424332, -0.9959891451954732, 0.31403690025401876, 0.11067255475655913, -0.1792567071075896, 0.43018236634455553, 0.035614827990884376, 0.04900504205229556, -0.1644666690547605, 0.07705963826577893], [-0.39293817844084866, -0.02951887911108021, 1.0431921583696895, -0.7771397451588768, 0.21042128440312685, 0.11714271633321122, -0.058067253750257154, 0.12345072603616657, -0.21184179763920344, 0.01576640848851808], [1.0995404261041464, 0.18281475450011622, 0.20346740044198794, -0.42262245420873845, 0.5347057563295969, -0.18007984849346254, 0.22274372889491578, -0.05895967407887026, 0.04301462015450912, -0.0352049661680437], [0.020078847919932048, -0.07537614668598, 1.1565423799931034, -0.847781745820251, 0.08243843977940632, 0.7410448296332154, 0.05357785762362064, -0.03690444450513797, -0.006174317554604657, 0.038225451884087554], [-0.2442484793380746, 0.04519863705426874, -0.02679787196013633, 0.04313658583151832, 0.07401063654252187, 0.5285126386871497, 0.08433735645765116, -0.3450157086283074, -0.30572620900719705, 0.03429665084534946], [-0.08694738602196998, -0.048322339469080176, -0.13183146612374902, 0.03502110189023853, -0.05149905981835035, -0.07135109133550595, -0.006244145922582717, 0.20050395164041834, 0.38393506603970895, -0.03563875829823695], [0.04601672703828401, 0.042278094464132394, 0.05653387855811714, -0.05477129904177957, 0.025524090944953327, 0.3065103385196067, 0.2572958472698174, 0.4850879578362052, -0.1900389082610854, -0.022181678284881982], [-0.03031534757751984, 0.12786689627438055, -0.08145469791087102, -0.06675465459116009, -0.14281635161665276, -0.026842692414104703, 0.08803176762225305, 0.06777770442813137, 0.25077087289586125, 0.8045367628013848]]),
     np.array([10.969008748142079, 2.57358649908158, 2.0053297594001145, 4.0440075820445545, 6.099700746863252, 1.5321623142705934, 4.4094672114246185, 0.7459442025817928, 1.6971328103195262, 1.1564295911617788]),
     np.array([[-0.4087095690177219, 0.094004020951842, 0.004997127880594051, -2.088843372614779, 1.4750738430986554, -1.4300338469976832, 0.362862169836631, 0.5704763745758139, -1.1277504268955538, 0.954988432448017], [0.03245534344387086, -0.606725613902388, 0.2762131024401547, -0.33094844561719233, 0.065737897917289, -0.19482838538935612, 0.011361200049798358, 0.22930373647054306, -0.11272478831988052, -0.05584573110497004], [-0.11654558586001049, 0.044202191244988503, 0.00928566281306797, -0.17527153953692187, 0.032083567395072184, 0.09178943565350804, -0.0685228415386559, 0.2990613988852859, 0.49697651006389804, -0.12613761430549758], [0.022980162278022798, 0.12436737458695477, 0.05707089615438785, -0.3678082599080258, -0.12900150774133837, 0.10559261592777808, -0.0818952185570376, -0.1955976368061919, -0.36756715506542936, -0.11562235325914598], [1.0531256016338062, 0.24944643141640926, 0.7662985232543069, -1.051712536337459, -1.0445263968590994, -0.2891136395922948, 0.18420372341085017, -0.4741471566263233, 0.12845256848393483, -0.5110190155527208], [0.037796089670121956, -0.30709784220844416, -0.041418855550428, 0.06895341515733795, 0.015906249908620017, 0.02004984523179777, -0.03640499873403442, -0.13445079821685973, 0.038434463390551336, -0.12425603374443957], [0.11417733602273088, 0.19161799049394948, 0.07610936055594646, -0.5585464835810658, -0.09953945496073045, -0.7730970666083208, -0.07611006981961052, -0.19441274642132333, -0.23847460526077302, 0.17247655838659698], [0.023571834571282518, -0.1750005489976888, -0.09533192627711072, -0.08813044404472306, 0.0610543950348766, -0.024855863185796846, 0.07937955644313653, -0.001841335355894402, 0.13179787581045482, 0.003424029077261739], [-0.06419806904403948, 0.10926026244987526, 0.09859642647462129, 0.15583171174502392, -0.029467598314311113, 0.08540558201337511, -0.059415455994756484, 0.028538465305169503, -0.195645179774679, -0.09758442225834542], [-0.1212042829090238, -0.09658749366937534, -0.010114643600977758, 0.002309414446098335, -0.015029535853089662, 0.03360550924997949, -0.021227419709543286, 0.023188617148782342, -0.18532202599698971, -0.07399138079919736]])),
    (np.array([0.9557447546563217, 1.3112145766586738, 1.5721858262192048, 0.7702503603347538, 0.44189029687804604, 0.33325937890849194, 0.9518492040405768, 1.1425409090076324, 0.3347551609497437, 0.40862656529350355]),
     np.array([[0.2338530275587481, 0.08463017488940289, 0.06088731708042261, -0.816353888295151, 0.41705242368001155, 1.1579219739734712, -0.13611993377053672, -0.06465136328427128, -0.0013285945905118024, 0.14109484256918808], [1.1382686565341766, -0.575970759421912, -0.29251919819812744, -0.007770111468367705, 0.1657968416808118, 0.08045790116178758, -0.037986830719036684, 0.08351839028984714, 0.048229430936863806, -0.007920769725978206], [0.1493204296983091, -1.1146343820346352, 0.9036719134304029, -0.0020872830953676427, -0.20924457538992663, 0.2145747456305783, -0.08343905599689147, -0.04422394938521044, -0.17799562000100785, -0.04282340882870331], [-0.38507786085432066, 0.0666104943266645, 1.4492892074895363, -0.6364664277652278, 0.29506264697011425, 0.17259328422739453, -0.03893847372609454, -0.18969300768320918, 0.19921550965814658, -0.0801882077414741], [0.9170702905931086, 0.07578786635665936, 0.04502831671642175, -0.3869249632527957, 0.849374194608599, 0.09076633476627743, 0.07887946669697711, -0.0030829338376456815, 0.02811227144923423, -0.025087362474296805], [0.011117341218926144, -0.11336117684807961, 1.0422088778625282, -0.8653297690623656, 0.08411838584761741, 0.5570942704994045, -0.040555246261273936, -0.02361762268226938, -0.01796943751500805, 0.025734207414845563], [0.34787670218392464, -0.18502293294243283, -0.2187595270663033, 0.21169060348436217, -0.1427367790270192, 0.8930974775648872, 0.17932917163858103, -0.22452518365646412, -0.10426668028205825, 0.1980054627583036], [0.07705659186583011, -0.11950167722410703, 0.0037269251195488125, 0.08361552949924782, -0.13259129504868372, 0.05985810628563796, 0.048597896085469404, -0.24027582934998468, 0.4049812684630261, 0.07702375439236936], [-0.007353908440609132, 0.015133120904990246, -0.028656220171292525, -0.031039958461886407, 0.0358687132808736, 0.1958143453615324, 0.31168257522082965, 0.4185645187100058, 0.053659273342148775, 0.014571529640607723], [0.0046815725769161045, 0.052389538498585624, -0.0066082344157376805, -0.12485816899245898, -0.13025577724237156, 0.07965994604419374, -0.010684532549831559, -0.02335084245938615, 0.38212190341571195, 1.705986323276436]]),
     np.array([5.858223058721551, 3.955952266278013, 2.420461550862453, 4.823996598786987, 4.615430279778238, 1.330860161829472, 7.377721770908989, 4.860340271855979, 1.3127435997276702, 0.17064189263290305]),
     np.array([[0.2526759183027386, 0.17416114541027858, -0.3357913246759169, 0.6031837563682093, -0.21620565995204366, 0.2795384746108804, 0.4653312380831763, 0.4906760393133233, 0.9152367805675564, 0.17493195412161905], [-0.06613630463881075, -0.5192349943244526, 0.2999171396539839, 0.0908327682617382, 0.17056883633201692, -0.2249491100638923, -0.4457153988759535, -0.14302410690494385, -0.11917161912522989, 0.34624370990621495], [0.15534717910888798, -0.37267495459398225, 0.23160485503581232, -0.6402162464047491, -0.11860034759214935, -0.07499088015174289, 0.0773994353602624, -0.19637436467384603, -0.3171262338253085, -0.03902548526074144], [-0.03439570860564558, 0.029728027533352484, -0.19807745007047053, -0.6547306260510063, -0.10002993806592625, 0.12213080790972068, -0.025969769998083866, -0.490531251235355, -0.06667761013649703, -0.03022907231399693], [0.1111533332835861, 0.07727262357306063, 0.1903238121208997, -1.005938546424406, -0.7327919569706326, 1.3577917903243317, -0.40174340908036915, 0.015972787901848074, 0.7694165961121336, -0.5324650157130826], [0.19357029659754202, -0.09414514028387135, 0.04036867746994738, -0.142334755615469, -0.39831951182124, -0.22061230971371426, 0.04882052663072797, -0.047561694977322794, 0.14680192466281552, -0.12389700087253594], [-0.04802831925898309, 0.45465919579190833, -0.5836523672084682, -0.3693540324899384, -0.25053517656552354, -0.3733264064765068, 0.06743565625065763, -0.37883852754851166, 0.318118236927092, -0.12157478197090293], [-0.3008324976050793, 0.24140788873402758, 0.5175997834400254, -0.6268692712895552, 0.11036469220629125, 0.8360696278491314, 1.1940000564305286, -0.2999774240574876, 0.5710276447783643, 0.712860097098643], [0.038903054342262766, -0.04287428309415692, 0.14181589407340617, -0.030630015570396324, -0.14271877877040232, -0.061734694939850614, 0.03424814253464564, -0.03383482485871448, -0.3004379827809374, -0.03837745150804453], [0.03938091668835279, -0.04294640223708898, 0.01081657274678605, 0.10212800525322062, -0.04025740277222654, -0.08559302261375402, 0.001884366091554624, -0.008572712224170543, 0.01729882574062458, -0.03259372729775643]])),
    (np.array([0.9492273768861997, 1.4561400712052806, 1.3857663765056758, 0.8586275023399579, 0.40592590522409033, 0.10722206639650976, 0.9271801126456027, 0.840624866659476, 0.38227022060824906, 1.6006976289416108]),
     np.array([[0.784243120613232, -0.018338306662119646, 0.2889057158444023, -0.9365756588523599, 0.5779333460351426, 0.46608905488842883, 0.07739613948937181, 0.01606803483989111, -0.1344407978057579, -0.0004854757199826953], [1.256521213990514, -0.8060445305012967, -0.2665321141348524, -0.24345028998846927, 0.0585496407322116, -0.31059483968664925, 0.15725080654885307, 0.024496425143378894, -0.038106577413049056, -0.07720158181554286], [0.15695743457228126, -0.9087508481967751, 0.20369794631793758, 0.13782530153322414, -0.13784053233136856, 0.31520022986340945, 0.051500408418435624, -0.03169572238787691, 0.04070989413549822, -0.005389315794861745], [-0.44037983653801227, -0.023806351473673146, 1.1325468666852052, -0.8987868915294456, 0.24170018266616444, 0.14744190020208023, 0.11714758123067108, 0.009193230828406921, -0.16042107830863395, 0.007134280046015179], [0.7891978290832403, 0.24165998106971656, 0.14957226592149866, -0.31626559094054824, 1.3108282129533824, 0.04298046409603294, 0.03862274060295527, 0.0004433398508223921, 0.07719875846202821, 0.00012943883971776372], [0.011476808525961613, -0.039348486899760685, 0.9791378061335384, -0.7718015764237527, 0.13515729108885846, 0.27733528892867393, 0.05943320310933747, -0.05661648518793935, 0.044293616454204356, 0.04253783575232792], [0.029018834510015384, 0.06448912690847475, -0.01223352489245905, -0.013506281083707657, -0.042417214292352325, 0.3702786128030317, 0.6571412087209398, -0.12785681648226419, 0.00022655563613210796, 0.059750589905271295], [0.06817439767418954, -0.026216638765664657, -0.026353648860155593, 0.048490417198194906, 0.015042955188641663, 0.02438304269150282, -0.08933138735521316, 0.6818558196808137, 0.621798510341637, -0.010856494437772523], [-0.06523725741069553, -0.006635092587316716, -0.03130667711155443, -0.03156223028233835, 0.08692240819079068, 0.27819762242789087, 0.2573891923612952, 0.4824977203662312, -0.29942143036147745, -9.399017364736496e-05], [0.049617319425265594, 0.02751263685596315, 0.06292081794753573, -0.09501588537436861, -0.16294959079320787, 0.18870994489408086, 0.06209844815698955, -0.02595337118652775, 0.42395344131096735, 0.7329776203718321]]),
     np.array([5.120372205640161, 3.9054235279929035, 1.6954389082469585, 3.1400234322943708, 4.65491574631377, 1.2226561982288995, 0.8256241382725052, 1.0443671818147022, 1.4309810057516554, 4.457043641365431]),
     np.array([[-0.475909574673857, 0.3845510142412233, 0.08784160428453087, -0.04140910359121855, -0.7036185351969391, -0.09985202750539796, -0.20425937812983497, 0.3473890335567437, -0.28651100943194924, 0.1968156469489436], [0.19478944327726144, -0.16253638989290647, 0.11812735631448538, -0.13495121569320126, 0.045598491725530134, -0.6354444943717249, 0.20509714673603016, -0.05634373866324399, -0.497900861341051, -0.04436909548688936], [0.06087140442828533, 0.18188191424140907, -0.08493131519078942, 0.1405799173324622, -0.033512584399621806, 0.03822841813043287, -0.08988745902688353, -0.05714381468972762, 0.03270282681456855, 0.09387326700103427], [0.050593739536252284, 0.05172716558115068, 0.02740587538238116, -0.04447136614561223, 0.3324698140797961, 0.01962177096907763, 0.024621450552247195, -0.012833729272147659, -0.16589202912513423, -0.07253773174117459], [0.16541074289033653, -0.46225163029586436, -0.44986911650692524, -0.17575504515015453, -0.3198149446223524, -0.35217072191262544, -0.0972280439620105, -0.41327765404693767, 0.09493639428414072, -0.03339812510987201], [0.012947781968619697, -0.06397298856504273, 0.06720086284507652, -0.07902918351696435, 0.10718720817877106, -0.29257603214159034, -0.04039084301769242, 0.07666703962355098, -0.11297697417625263, 0.07188174392954473], [-0.1509551999396076, -0.12950415523257172, -0.1135723758825131, 0.0028464257418535904, 0.04138465008684613, 0.1621164267933093, -0.14057688119627446, 0.05016260246784997, -0.00019412217492401567, -0.03975483345339794], [0.05336768931609849, 0.044293147117093146, 0.054390407809067634, -0.11505811346848961, 0.11586140417524764, 0.09987632250037977, -0.07703369791218771, -0.021329629325840354, 0.10073735606373464, -0.1753201522869187], [-0.02757485820026775, -0.034316416901719576, 0.026477301110184204, -0.019042262205337997, 0.02551503086339739, 0.041960507931119176, 0.049688497460030165, -0.018807258311194664, -0.17628349169690866, 0.1288463847174538], [0.1341604038292588, 0.87882867868859, 0.26434260485951566, -0.6742523862533714, -0.17963503026183905, -0.7071558112165619, -0.27043281896489296, -0.48879089294165684, 0.5641460825358657, -0.5905132441995251]])),
    (np.array([1.0214166966418337, 1.244443545352403, 1.155692100617623, 0.8261245516122265, 0.43831602343379483, 0.35570196152413935, 1.0206782033156039, 0.9209669221664725, 0.377629715599325, 1.8387658774000029]),
     np.array([[0.6205193907812693, -0.00040425536381699493, -0.012536119115071421, -0.7126516872290034, 0.27259246648163804, 1.1905009119812147, -0.11943592169776872, -0.06609772283820102, -0.029202331189382858, -0.0066696907303014676], [0.9119437256629355, -0.32811696839504984, -0.21932715429295602, 0.16905839609807366, -0.021277113201492465, 0.03663166764469182, -0.08321224385035336, -0.05104301426758795, 0.10527348200692628, 0.095603911169344], [0.25473557491381993, -1.016086412848213, 1.0941895054114301, 0.260311636263244, -0.2016226708676405, 0.3419688977645415, -0.08386023525686827, -0.059534868685810226, 0.11033339981334081, 0.009358703199962981], [-0.3882338742925622, 0.11131925491312385, 1.1429172573904662, -1.0823793606261705, 0.3436120193603879, -0.011422280725063925, -0.07968730900368454, 0.01644814593145104, 0.04713739281150763, -0.040183198412721284], [0.8679572225624691, 0.15285915882247889, 0.20605817279123947, -0.32340709198648615, 0.3192808513857887, -0.11855905029274356, -0.013379777278459215, 0.010193019200373094, -0.013999731728928934, 0.022689627771204597], [-0.012198537217444716, -0.09692426214007839, 0.9528542545487028, -0.7844252855117384, 0.03597392574833287, 0.15321469380314498, 0.03090510682448695, -0.041725100088570395, -0.04442602348099187, 0.019024734666919726], [-0.028219272152541157, -0.040233308508827774, -0.09583299529635579, 0.05631668818122002, 0.033425281702399785, 0.8969943069265988, -0.16172269929322863, -0.2085533316202732, -0.03519589483597859, -0.05150113275587978], [0.16038386834913104, -0.08312402195571993, -0.07840120045025716, 0.16087968199321662, -0.1699923990251674, 0.0920935034677624, 0.08049878714316375, 0.8409175400186664, 0.41819542551080424, -0.04311086429268587], [0.002081572359623607, -0.059920944885942004, 0.03773082069128693, -0.05990275555464121, 0.019154106827314988, 0.3133159044675617, 0.2978694905991223, 0.47742936118929097, -0.22732856088513345, -0.02946453192184827], [-0.002695602267909493, -0.017528028687985774, -0.03919076293470286, 0.02624034786810752, 0.06336334128697765, -0.05831653049764148, -0.024006750767163423, -0.11855631167566232, 0.2965381354246384, 0.6080850875815158]]),
     np.array([4.743738614938372, 2.4297131520459803, 2.685597756763071, 3.2248192726360467, 4.3869424470195355, 1.5194525847526985, 3.794478103572343, 1.5829117258334773, 1.4674781697177035, 0.06741694424321629]),
     np.array([[-0.4089113777694425, -0.23967762883407853, 0.17484904732512963, -0.16587991044510692, 0.0895599555734075, -0.3072910429142911, -0.036027239618237894, 0.1941213521994457, 0.8326354202866105, 0.14446690332143203], [0.23200039398887567, -0.2990035984882222, 0.021354027561217064, -0.04146390244014569, -0.3258480124088425, -0.2291935036738296, -0.06578114747449536, -0.031125291962198744, -0.3524529454122929, 0.05016401180344014], [-0.26729287152700376, -0.19396678271613618, -0.02224122657685919, -0.26394153451805563, -0.1997879120951508, -0.003726834134242673, 0.33300782352564856, -0.05240537063429555, -0.36673845331096516, 0.09607538686220521], [-0.2728689545744214, 0.1720445652036074, 0.12169070377156109, -0.8595615020899368, 0.29015401452477163, 0.36994765537982066, -0.10134851896693872, -0.14821912047913566, 0.5048055324591705, 0.005163735901900609], [-0.004943314421257369, -0.023748705210528187, 0.6522880547543626, -0.2080108203673966, 0.08013184934199134, -0.2522153546396115, 0.319967324711112, 0.11147245001845112, -0.7632470177392577, 0.10073301233370206], [-0.14292821007248196, 0.048223518635870107, -0.08708048504709937, -0.16922047341754826, 0.16039191285458065, -0.2821975749244542, 0.07423230822275455, -0.16727492394425225, 0.09886613508388774, 0.16674120497789055], [0.14476187110052388, 0.016998343051735615, -0.4590869672206719, 0.1521573023824762, 0.12929611918664502, 0.5370564080157733, -0.2744330054448986, -0.07539945216164654, 0.6309565695645076, -0.08495271934320583], [0.0745495291828428, -0.07027668162360774, -0.12396692225460891, -0.1936421091452092, 0.12643394366996263, -0.2877425432376265, 0.04472998119979913, -0.2074369133518464, 0.029189547293832954, 0.06394653731899606], [0.04398381468346101, 0.08320961160782588, 0.0610447296511452, 0.10763587522113344, -0.17577200811680865, 0.00726977473118096, 0.12340272391635726, -0.0470003828037527, -0.12675071240931113, -0.0729345578385603], [0.011938547147569294, -0.013240257929626655, -0.012770230191392309, 0.04908807597770613, -0.018804882578068945, 0.05082921257661564, 0.003846298070144399, 0.0012591499430219407, -0.07012922389801639, -0.015253368604993506]])),
    (np.array([1.0077328261466887, 1.1974667811876871, 1.2636674738822489, 0.7233807482628766, 0.42717701109502754, 0.2560793073591642, 1.0503799488010994, 1.194735554473875, 0.38983442053523676, 1.3194143565975447]),
     np.array([[0.5888522672270913, 0.08308474880339942, 0.3910002466069288, -0.9013133138768671, 0.6382424392705716, 0.5062275536423072, -0.12398030566297255, -0.1460883356070877, 0.13630369711345847, -0.014181209438718617], [1.3346793814386084, -0.5496535590982201, -0.24689942951526386, -0.28731833749619123, 0.26350806255345227, -0.013649025933145207, -0.016082262838357834, 0.20580987622181682, 0.31035693578380524, 0.04666968960467222], [0.1700805090158555, -0.944853283864477, 0.9095366154614324, -0.07670924213924667, -0.2161180084733734, 0.3503237800130302, -0.011516726789561206, 0.010517777398656263, 0.05240199997465391, 0.03624121582750514], [-0.38248372725036467, -0.09886145720584819, 1.4843809918669169, -0.5543515203955199, 0.48462404473864246, 0.2424302300340692, -0.0019485491512340708, 0.11862780193694518, 0.12103655602372233, -0.06410127791331184], [1.0298453788167334, 0.16237895631540872, 0.13337695816074063, -0.3528602773025954, 0.5911770028693368, -0.011213218468774776, -0.11972402836171427, -0.0014278270887901816, 0.022153730679404092, 0.03328988630328106], [-0.005594037695061823, -0.14554697378950018, 1.0095546805748614, -0.7736950239981151, 0.14975727722235704, 0.313426906149875, 0.015653464068991225, 0.05998987595448943, -0.011476839508977866, -0.026378324044291232], [0.16042939099554224, -0.07838995623713997, -0.07055142804054415, -0.05583171995209995, -0.17745752224082711, 0.8273313566435493, 0.03370787487485916, -0.1590948205106095, 0.03978129261604344, 0.0840199632134624], [-0.0650523438330468, -0.09472050418354197, -0.00935371143583526, -0.01566768892176288, -0.053106632872921895, -0.030920704635147612, 0.07892591264939362, 0.49511112456039785, 0.37956000636787374, -0.049670084017006635], [0.016686835547424526, 0.0028898706503716794, -0.008240455709548268, 0.054502724112235994, -0.0033818310967785037, 0.2978534881201334, 0.33230803315093715, 0.620414284253624, -0.4853956160449617, -0.022538421428759475], [0.02148379232462401, -0.007608329036636557, 0.2223802059895866, 0.1442979646228439, 0.05777372945145515, -0.23287671111668148, 0.037495619392070995, -0.027702320534074433, 0.26419018340428496, 0.863045733081234]]),
     np.array([6.029287240694785, 4.708129941580541, 2.118424778969286, 4.12130752153146, 4.330900794849406, 1.5012683321415472, 4.8073771720562215, 1.4108873384275418, 2.0469671568090972, 2.0406378526103133]),
     np.array([[0.13225388369367025, -0.3159530233098385, -0.3077726765958895, -0.14384388747708815, 0.05235401106004438, 0.29865267809987955, 0.06135017314030637, 0.10737826610975632, -0.7903562724860719, -0.22403107075088302], [0.4627707878091754, -0.6447324547147212, 0.1707020803872557, -0.43709017690997837, -0.36233071974329695, 0.26133359602801853, -0.19707529464752566, 0.29467406312683575, 0.07682811823518594, 0.08361447383339898], [0.13675914746613468, -0.03828598476961554, 0.09697044524316181, -0.3467161867407563, -0.2087862798688277, 0.34598038648270496, -0.17395955152094913, -0.22924480089444296, 0.2560276740636762, -0.2620848818223953], [-0.5662947204912359, -0.1725926762012857, 0.09356955791294663, -0.39692283570245496, 0.06684487348076153, 0.20062882027615092, -0.06345262715951898, -0.004623317513301859, -0.10511402380186115, -0.054681909076566226], [-0.2662301963147498, 0.19761908319980828, -0.0067079756868025, -0.124608639051964, -0.4495913735232987, 0.4480912929003577, 0.5164611924146865, 0.12022434373687811, 0.29077736353244166, -0.05581233986337398], [-0.022274742170540703, -0.027708977242590235, 0.007946540342239794, -0.10777042633966599, 0.2044217881240448, -0.19588737975422993, -0.21457189736239277, 0.0031826440525791087, 0.11130280032524423, 0.027650181969766072], [-0.043512045404024605, 0.10736930571944318, 0.5416807071444638, 0.2409623059817067, -0.26162793787845995, -1.0001511646754053, 0.4266446036587706, 0.11434206178850802, -0.5261741986306944, -0.05744471073050272], [-0.09888113831067219, -0.11758009343429537, -0.009314123319253543, 0.049297539221023604, 0.10686521784424281, -0.12433503459965989, 0.20383270095759512, -0.09080080731075146, -0.20905721742235453, 0.00863901560316716], [0.07060454392315214, -0.0915877916579738, 0.03331671137765705, -0.10135729361198452, 0.0015620879243680873, 0.09242739251990209, 0.052901066292447015, 0.21711978482322936, 0.03182714422172652, 0.03507275740184078], [-0.34226911157896045, -0.051025745862411216, 0.06441242868755244, -0.09500334700700687, 0.16135400510288914, -0.08215830216361694, -0.10401988273386444, 0.21047642128566135, -0.011887866701968253, 0.019632658596921454]])),
    (np.array([1.1666735102903811, 1.210746987959086, 1.2114839438282385, 0.9158336546695905, 0.46848032460460703, 0.35587921289079283, 1.1214824551267442, 1.1319651037156442, 0.42990466118769716, 1.7734511687016643]),
     np.array([[0.1778172764179202, -0.08946882437803164, 0.042998603903324266, -0.8619609606083605, 0.413320067271577, 0.49231876307351635, -0.0832025344265447, -0.0745203424736068, 0.13546465510316671, 0.02500115756039758], [0.8619345344807969, -0.02452545744421431, -0.26645552019507746, 0.17190937410400264, 0.19695306737905635, 0.025974542343863097, 0.06098063626404315, 0.09868517893182946, 0.0317094326089921, -0.07172002790024584], [0.22483333194147864, -0.9490449715163973, 0.021885720842553854, 0.1858146359618776, -0.022763844983678318, 0.3709388926086705, 0.06421008094504661, -0.05547816101531577, 0.09805475270157409, -0.04978977732821358], [-0.44141874406340076, -0.023542036005505924, 1.2667701949471, -0.9843406281178755, 0.20431758968739588, 0.35349785775249615, 0.012380645045268817, -0.219430389634617, -0.05592152913994907, -0.06274994023656194], [1.053584993503769, 0.3616754010450673, 0.2722071621199096, -0.37764533902518155, 0.4716323745299934, -0.18277372177582898, 0.05180011593982259, -0.013684619799611285, 0.355180483362409, -0.06266947654711347], [-0.006722753591720802, -0.14686385816868408, 1.0469826322602755, -0.9489498325339428, 0.12292409576181476, 0.25679707277258684, -0.008388454390264423, 0.006476044852444852, 0.1354883023216675, -0.024388135839404246], [-0.11667989395172088, 0.019155998586172576, -0.13676608717524283, 0.060199480496419266, 0.09543270649776012, 0.5447714906453324, -0.14063181890648224, -0.2079410006450666, -0.05044248079903075, 0.007100859386637512], [-0.04389087462597559, -0.3783455219840077, -0.09938971657004858, -0.13571531058301847, 0.036849306426333335, -0.20156690110170453, 0.014132244511535974, 0.4939737752602301, 1.002989854040343, 0.1291648494703578], [-0.06492703910815424, -0.05447441520779462, 0.0014399744302543518, -0.0610816616576555, -0.009932812823181723, 0.4544527866397162, 0.3380011154751747, 0.5548018732536495, -0.3836279009164509, -0.023466846633432785], [-0.1443604781732248, -0.06989077209566266, -0.056433375448986016, -0.1363246301284895, 0.12227497155865504, -0.39483912028818374, -0.15651162461190335, -0.09538226814103799, 0.31440878493626007, 0.20873957418409075]]),
     np.array([4.329016406836424, 2.591546486481446, 2.1898380945413947, 3.5751457453714552, 6.235896959549867, 1.4894149567312, 2.2722064279320437, 8.436363717581818, 1.9731388406965549, 5.0292466162864375]),
     np.array([[0.15570101253871732, 0.08406735059129924, 0.20962959752433458, -0.7248275154887065, 0.04934516190490671, -0.2168509252226069, -0.10663540845073044, 0.36827977170354076, 0.1067172785091995, -0.011075366799843837], [0.04087131966809297, -0.3398583043439377, -0.12115324743174548, -0.07573850479181914, -0.06676566389812015, 0.20692703495004958, -0.10109029167075503, -0.03896523885829128, 0.025024968076252298, -0.044844841330552186], [-0.407616431269942, 0.6210883077176947, 0.0149602210848251, -0.2649162477674003, 0.31252556005081544, 0.28761550388327, 0.17032137557993096, 0.5047796356501714, 0.6384541408472909, -0.014641778503949116], [0.014477542603890625, -0.28588675810584896, 0.2689710346965772, -0.13812233830043458, -0.12001424330542855, 0.008296248231796201, 0.24919508554142708, -0.06885358793459898, 0.26202330231345006, -0.19250922617361466], [0.3854983125478852, 0.5022539214297135, 0.4891202602457828, -1.7122560242163936, -0.02499788378143533, 0.49103936808034726, -0.00391877830389695, -0.7719018021428976, 0.7866875051994715, -0.38922374863042947], [0.14112394966091213, -0.011589444158757836, -0.14775033759831385, 0.23650742950689402, -0.1414036380651229, 0.15847389904179104, -0.00958614343554744, 0.01570950306161374, -0.16098676292519473, -0.014394031911158832], [-0.10341283922457174, 0.3368497259659398, 0.31574342848996423, -0.1849070952754594, -0.26989993888998115, -0.29618057114725055, 0.09073873451649839, -0.09393113443583431, -0.07185235809759813, -0.10706939206753988], [0.5826439829151328, -0.5730414588955073, -0.2437264442251032, 0.726315639766423, -0.609062499283783, 1.0805521767905049, 1.650491493214749, -1.1843570144075206, -0.01939169015272582, -0.26963355587949334], [-0.052781396550784065, 0.07126641672307577, 0.02996570029544841, -0.0776178773550936, 0.06296432893822115, -0.12161664187462186, 0.04127811770130228, 0.0018704981050856715, -0.01795818972373351, 0.024955213725117716], [0.6573490359659825, -0.22675005058910977, 0.6430680164420536, -0.5358073906989967, -0.5605913716710859, -0.41507619921256633, -0.32373731852410714, -0.21031282217867292, 0.5063579203700274, 0.2923719316024787]])),
    (np.array([1.0486060680168532, 1.4704242521047632, 1.2591755595229992, 0.8110349098486188, 0.365046281015769, 0.41585138983028863, 1.2246089520904355, 0.9913871217507583, 0.2646156939897369, 1.4530412556939225]),
     np.array([[0.4420590613788053, -0.17336645979837711, 0.21668112528295044, -0.851896603833559, 0.5046311266545548, 0.8455831838955834, 0.08852757288187592, -0.21174237105523866, 0.06321976709572177, -0.0788993406037698], [0.8537380476557892, -0.5860705908244269, -0.20784463786793358, -0.006683264185530609, -0.054734635219439866, 0.03028811039030842, -0.16041664493024238, -0.040148174647451296, -0.05504437685239182, -0.035597457755122325], [0.21412178432658477, -1.0096249484345645, 0.9193315434037532, 0.045527465206079976, -0.029195541273091805, 0.1709570050661554, 0.08087017016715077, -0.0034444054474082227, -0.04775380301446884, -0.010603219674895099], [-0.4337546575580769, -0.015819540899710285, 1.2216818396077982, -0.7698039102115819, 0.2812356197255745, -0.036716275943656965, 0.033627050510213634, 0.01537989896715436, 0.09513978583357251, -0.031154804546787235], [1.0902025576580168, 0.19661172508270966, 0.17869169122228418, -0.28102011237970015, 0.860036165805302, 0.227069006272392, -0.08269603093880222, 0.07094059241098545, -0.015769217700513965, -0.061359320552817086], [-0.015034099017562539, -0.18828677364612112, 1.0472134112136482, -0.9206334442440879, 0.14875789273103537, 0.4129184390245332, 0.024514186705628938, 0.06299967221568938, -0.09180953710270505, -0.055124839045952424], [-0.1379931029508147, -0.03966877200049626, -0.043382485285829615, 0.1338400011078655, -0.058621885660238536, 0.5867007517659746, -0.17943238415982704, -0.27918549908324536, -0.1475395886306774, 0.034013034353222296], [-0.03536901592066195, -0.03034599408071305, 0.11418202970998219, -0.05106271591643566, 0.010922460445344652, -0.19382596983251396, 0.04763499072885642, 0.5121934966740553, 0.5768873081261483, 0.017989859467043467], [0.023569069987449932, 0.02185927179796546, -0.05155852754067977, 0.011598461267017388, -0.06188853586079174, 0.3853431121874714, 0.36803596679880685, 0.6087525818389361, -0.1789480580462618, 0.041708423953456183], [-0.03674837206777953, -0.11081929861662614, -0.011081860166840037, -0.10213174139232051, 0.048843801934332125, 0.017568362197470568, -0.04959388934549355, 0.006211822396140667, 0.17199474853676744, 0.37527859441989375]]),
     np.array([8.470020202265376, 3.266876496773867, 2.2914054742136662, 3.677023930513272, 3.7687355031541365, 1.3646224068801651, 2.4439559622594995, 1.828793256599209, 2.0364534051684835, 0.16960744252626173]),
     np.array([[-0.5721775376488073, 0.6355355003181298, 0.265033573968385, -1.5799123466832468, 0.08804400118715494, 0.25526486660252706, -1.0191785761094474, -0.5799329713727371, -0.259966576361879, 1.3988025402486848], [0.0014899175610910323, 0.11141708985755033, -0.10637984615004521, 0.33607293405658634, -0.2484046838572661, 0.06804370790941194, -0.30147867026991837, -0.23696816463896342, 0.06651608281465339, -0.32176557608229006], [0.06615399212740235, -0.018238118737767327, -0.25335578909298845, -0.1418980644369524, 0.18354056512616163, -0.019426068524165712, -0.11911369432844074, -0.05376125873454481, -0.13285052149283413, -0.07948263641578579], [-0.21504044069284897, -0.16369116126443628, 0.17756681893269077, -0.49242643818228937, 0.1252271695515549, -0.3686791865947154, -0.04295359015770037, 0.12261405628287124, -0.024604774504233953, -0.025301038635897184], [0.09903984856786767, -0.515722213412419, 0.17818944174590068, -0.43731925588210385, -0.18510648053345033, -0.3333300020987115, 0.0762116847117703, 0.05119074218654302, -0.20335693722193068, -0.13241161417593295], [0.08663644008929262, -0.16851003587218624, -0.12064428048502887, 0.055653732689916295, -0.1498860346463168, 0.008306824526153726, -0.22709405420631534, -0.007144052672502689, 0.20018507804560648, -0.013708201694254782], [0.08525388506070807, -0.03131324321194519, -0.10544458701834285, 0.2299615401557757, -0.08678993795580013, 0.07298721399162279, 0.02370058615797762, 0.12533308896268947, -0.09221802168590999, -0.20549005096960266], [-0.06479347074224659, -0.017018524250369937, -0.19300434708288575, -0.19552496334709119, 0.04451644710176561, 0.2123036804203577, 0.20420256595833045, 0.08706577545379111, 0.08235265557347377, 0.013376548039279262], [-0.11052791578002467, 0.022516637633055538, 0.2243871506645052, -0.022703256944032312, 0.06452251321378535, 0.1195818642253062, -0.003601533973104178, 0.012137146340011064, 0.08702299952763355, 0.0009087599584507135], [-0.05271221905465684, 0.024220483495033255, -0.0008439001705430693, -0.004364535053903061, 0.04688227695354164, 0.018731072365466096, 0.0005400529911327275, -0.008310397497603213, -0.03767623990931674, 0.02249046724439242]])),
    (np.array([1.0627892718017562, 1.306632877543986, 1.2304653976597604, 0.8476907859381142, 0.40330811184747045, 0.3267541995638882, 1.1384457158543546, 1.0881352643075168, 0.1255451275415475, 1.5620987174330208]),
     np.array([[0.36584574598016156, 0.05061788796949402, 0.29841479885091987, -0.8012462959729385, 0.3142287813874254, 0.41937457307524395, 0.02104294582698069, -0.012227290746451474, -0.03947531163957063, 0.032153166701936596], [1.1034813429115673, -0.7461719120072207, -0.24883447035237657, 0.19615446499474606, 0.14931715359671108, -0.09135288022776733, -0.2118519277983716, 0.0425685116407562, -0.13407345287841424, 0.0624039571906439], [0.07292362935155124, -0.8995804583642898, 0.5500050083729533, 0.012778835206445354, -0.0054835384971777795, 0.30264321497177066, 0.07878825462757758, 0.0047725304659123596, -0.15893266351103835, -0.027558184531912073], [-0.42620186817134814, 0.04742590358708719, 1.3667367801501278, -0.8262812233488352, 0.12400532887724855, 0.2346298919747418, 0.010557877788153673, -0.011107311302870706, -0.0767360236295365, -0.013903266120236903], [1.0431621681057548, 0.24983121020786273, 0.09543125905226775, -0.19255366972842458, 1.3240976727722404, -0.1073825365876995, -0.03188219290154353, -0.04912730272723044, 0.17358636468559988, -0.04602749592658218], [-0.057240434819516184, -0.1191977404657881, 1.1287431328435942, -0.9674591533484037, 0.09254419709795088, 0.4927378526895245, -0.05854074065228892, 0.03975238048827298, 0.03581618064278032, -0.0068313715067866805], [-0.14211580602877996, -0.018475641384172087, 0.1198782845026832, -0.13929915109180338, 0.043732214304917555, 0.4463455950027242, -0.619500082802073, -0.184989254531475, -0.041528873843961436, 0.01602248418259069], [-0.1528800209377419, 0.34472768832149653, -0.014709051567203636, -0.21421134676780182, 0.06419680136474167, 0.11900060905965723, 0.04332801338233583, 0.39746934468740175, 1.0759664781304084, 0.01438838022448917], [-0.0038865504472514693, 0.047612344208441966, 0.05793639382238574, -0.0743298856101836, 0.03717454626511848, 0.489463193772036, 0.2798899137176628, 0.5433364280497271, 0.489395426765843, 0.04456852618007885], [-0.14463653166172696, 0.13717701405546112, 0.1641321516828401, -0.0627649801049597, 0.13617145526184948, 0.01028618942911552, -0.0723515484666273, -0.12626312738047868, 0.6418555016174768, 0.6481489016763139]]),
     np.array([5.313102468941153, 2.6688306338095376, 2.3518394886383636, 3.3816071603445574, 5.079231344458768, 1.7599092954173265, 2.4574048752104862, 8.129127313720916, 1.5775049320576453, 2.674507152443793]),
     np.array([[-0.14187680416520504, 0.10281378788354978, -0.3816085714500056, 0.05429907440312901, 0.4283066782650241, 0.8056826522055002, 0.007158452196450883, 0.29958639592897873, -0.8569927166015544, -0.1422062137116117], [0.24312241308960864, -0.3211234388925909, -0.10713917022581855, 0.3496945979980113, -0.1435286726125046, -0.21581697642359318, 0.1962418434708749, 0.00613363831472216, 0.1400266393803239, 0.11336420830202337], [-0.13374726177112078, 0.10916102610371713, -0.04595051428613163, 0.395607621630901, -0.15486610920068852, 0.46678634441734723, -0.10264130645449611, -0.004659539523347131, 0.028502827129727737, 0.01817862761173137], [0.22062209757316975, -0.05750496270197542, -0.12366118225173585, 0.06837796210861392, -0.43187923840490416, 0.23919600160726406, 0.11587984441218802, 0.044134150822034396, -0.13456641468329492, -0.15039428637098015], [-0.1307844525085048, 0.2609502703238546, 0.6628435537966679, -0.3138947390344307, 0.06805756697612765, -0.07980077354177759, -0.4875325931646934, -0.726453258821617, -0.3857311880617148, -0.5140951285769015], [-0.18394009229612043, 0.06916148550651632, -0.16697336742445906, 0.2291208837540394, -0.1059274072611175, 0.03733001224456522, -0.4295696547161871, 0.0031833396368437894, -0.0706741939948091, 0.17197027751649457], [-0.058859829968322445, 0.2360246926574215, 0.6145243831192397, -0.3689037907256626, 0.10928787630951434, -0.45501392905491744, -0.20724672274424183, 0.0878269419664333, 0.06680567685312457, 0.2467006933660909], [-0.001677748989903137, -0.16349561190732506, 0.143345510392539, -0.11063028911030945, 0.5617715598193741, 0.610188091871276, -0.40686559025056024, 0.24367646964667203, -0.48045267848566553, -0.8025800355750793], [-0.02719740881478523, -0.09280797076793412, 0.01756875851879602, -0.11184406709831225, 0.007174592365529362, 0.03903060831562913, 0.004377400349312869, -0.057989085150857385, -0.2909991869818665, -0.09777942560505766], [-0.09956328325519284, -0.0747417734361455, -0.05705158619612246, 0.42609417166841873, 0.012131949848005618, 0.15790909962508834, -0.3994864833274756, 0.3772698636304017, -0.34119708437390944, -0.3496766158026684]])),
    (np.array([0.8676366553483282, 1.2828440288700642, 1.164349399495271, 0.8528352984646059, 0.44331371725809143, 0.31129409100261474, 1.1913722301347887, 0.9792078443917173, 0.460291411117282, 1.1156465303455732]),
     np.array([[0.728001678527482, 0.21897796648145235, 0.056770519227541984, -0.7482474695693059, 0.6105307872025644, 1.1686445492313098, 0.18953905355159947, -0.02636756928905105, -0.10785510727553108, 0.08908682554974011], [1.1958124032503807, -0.14503907382503023, -0.13913695751174082, -0.03994182709846907, 0.26243525467016243, -0.04275521135741889, 0.02304142334919078, 0.011568977165982031, -0.10815803132765463, 0.06386039482608086], [0.21307143576922757, -0.9346901328160478, 0.2911738642839387, 0.05696729564649398, -0.051998026382592356, 0.49612322896138106, -0.04332229348398785, 0.002957660926056871, 0.009241457091230148, -0.006315583159679572], [-0.5333604515325632, 0.12002878763304253, 1.0935295226694104, -0.9226968414143446, 0.24745046955521766, 0.30726168288069877, 0.11996343295369019, -0.0509088358277862, -0.008826622863952253, -0.07273206205459336], [0.777601049323252, -0.05682386259815774, 0.23930543172112237, -0.32315130351969246, 0.9965921668871869, -0.13804440578349356, 0.011036003110213393, -0.037667780293187236, -0.02671350774909607, 0.03963906520610915], [0.038369970086350215, -0.169673417987958, 0.9902253240801446, -0.8115786925255438, 0.16095432076953353, -0.06685232581708762, -0.06540055921505411, 0.006094846362767976, -0.017838967953286922, -0.0002567463225504828], [0.04007580484754596, -0.16978822324329332, -0.14784373614244567, -0.1001651273884437, 0.0038321239698422527, 0.5698162118956954, 0.12167035248210997, -0.27829498683285697, -0.24458948533259228, 0.02226624502547289], [-0.01150037224313199, 0.12958888869120896, -0.07343471100271051, 0.006219915871245685, -0.12203140390722815, 0.13916314134707217, -0.0481549546549193, 0.7558514258910823, 0.41980441934621315, -0.06646773134063563], [-0.023350746369113985, 0.023401645392322912, 0.03019123693384944, -0.11307961436416426, -0.05015346306915271, 0.25703443973845497, 0.3109730922582072, 0.5202333823053888, -0.11357842342504398, -0.011356245176654274], [0.09870225491902025, -0.01958424256895364, -0.05402769702850707, -0.02937570967500317, -0.017633047852319082, 0.15429984762864218, 0.027136922599562005, 0.021388861551143248, 0.3166862570989992, 1.274638243658794]]),
     np.array([7.419784946583191, 2.8600894512522435, 2.4355909528324133, 3.501870500059292, 2.5670851545751745, 1.4819761207857005, 4.167636603348325, 1.834502541862032, 1.772593179807169, 1.2784896573443447]),
     np.array([[0.058821036334157056, 0.15904527428118778, -0.2418892955909715, 1.2645710539805528, -0.960658256774149, 1.4197906260527307, 0.24846516153949955, -0.6042934352696936, -0.8248029459593859, 0.405006536522], [0.04550086717803401, -0.4214596229275079, -0.0061500514060447466, -0.4150213790240656, 0.08572541273656667, -0.24373633474173473, 0.25287355305735004, -0.12591480424665724, -0.21682422554379183, -0.08873493649168619], [-0.06001320271349549, 0.42203872128431746, 0.07582242821928309, 0.24831537985998547, -0.23887901394454697, -0.00812063868300913, 0.4228715792336819, 0.1552437322232482, -0.3695324030768029, -0.14547034402860673], [-0.04964898286894685, -0.20943606536601672, 0.07455975050958934, -0.14053172497285993, 0.25738711308705614, 0.03954809234560711, -0.12094430316228892, 0.0904203645239358, -0.19077239206137772, 0.04960977849628841], [-0.33610168071677715, -0.13701321409260284, -0.04620337249594725, -0.08231208640074765, -0.11870310411384495, 0.3470486558682036, -0.10991623476135166, 0.4627788733054998, -0.525093856083768, -0.27930122742642627], [0.11296389472506056, 0.01783341557542872, 0.16957217144868783, -0.21730031936727248, -0.07298643326374551, -0.06057759871713245, 0.10987778058588485, -0.011747082209291758, 0.25092766157336, 0.026609194417466356], [0.1329650976015863, -0.006732537818752833, 0.46925912319736524, -0.29695630313554916, -0.11897043717590777, -0.49831819508608527, -0.17376830938846938, 0.19148973091697943, 0.14536606590286807, -0.25406596456195774], [0.015646564747413726, -0.06918472970658633, 0.07955465675980197, 0.021905355328178805, -0.07668587873336466, 0.18288183858623366, -0.0038009888673771366, -0.14060828415712098, -0.24557199052374823, -0.020246650513238318], [0.09178240053091333, 0.10100642320517807, 0.06671608798333394, -0.3223796958439382, -0.279156106789991, -0.020456241868592847, -0.2851144840285741, -0.05727817733608228, 0.08702429015300502, 0.06411864008937385], [-0.11598580239577252, 0.09463075996885789, 0.20965651825581336, -0.21024080391581032, -0.19441386114306405, -0.1570871776971952, -0.03835440234886477, -0.08061645707193602, 0.08450846840841318, -0.08020558102548522]])),
    (np.array([0.9440892091989163, 1.218481064889789, 1.29665045846379, 0.7571595847298823, 0.3325427900845978, 0.22150789048595124, 1.1527714700911413, 1.0070617921779834, 0.31376552902109167, 1.0143359281630377]),
     np.array([[0.35859271442362123, -0.03165385406191218, 0.2567369609340665, -0.7076325485901407, 0.4649110746688451, 0.319621604730796, -0.07116756825894167, 0.12511197315798545, 0.1619257591907767, 0.023796235544872868], [1.06483798324263, -0.3084381006823317, -0.323841652680509, 0.14694914232128548, 0.3781137617186053, 0.17596257729655693, 0.03418182560071517, 0.01657290618905639, -0.08926564489558828, 0.13362456809365406], [0.15652058601718324, -0.9592357424802144, 0.7856230292331998, 0.020445162990000758, -0.0905722745839661, 0.479393289365329, -0.014401972898243855, -0.08456056134559253, -0.10558961166728427, 0.04965477574820755], [-0.3900676490602056, 0.04463102454318008, 1.2415192834734834, -0.9296746278870559, 0.26660036279579236, 0.17964029160043513, 0.022094358783563136, 0.07364762371801283, -0.13249394235138345, -0.06281318681778418], [1.0458075450253261, 0.28977988982187575, 0.34064822979235565, -0.3261569578793965, 1.1226880244235973, 0.06490961758325327, -0.06388908857661274, 0.1844087759752381, 0.0028814903387595864, 0.03409132358531322], [-0.05334207007653316, -0.11508256425281281, 1.1236203734709027, -0.8915004119841304, 0.17960973030235983, 0.20693900813082364, -0.00532216434250696, 0.03381175621024925, 0.00925802378238961, 0.055197259304153756], [0.12944290295113733, -0.016253220093393073, -0.1023858980124867, 0.05757401009650423, -0.03208033248914088, 1.179520585596176, 0.12745409561755394, -0.31427284300391095, -0.26576681363518573, -0.07325532428163098], [0.031249484485182513, -0.004673346493404586, 0.03622048207370686, -0.012151364259712926, -0.09721104644585411, -0.10394628716972316, 0.049998054653357646, 0.6856905719637113, 0.7674439510799518, 0.09000273243712799], [-0.06050465989475389, 0.01588455490588379, -0.005599122704866099, -0.048294145207027114, 0.038639781381584436, 0.30957267947351996, 0.3689911901582597, 0.569807743625943, -0.45165322369327965, -0.005285379433658025], [-0.027904608193414858, 0.04091655981562176, 0.0417540178917838, -0.04832435702682857, -0.04838023176795783, 0.05469716405678628, -0.006798430708393924, 0.0645846901161442, 0.26996277960737636, 0.4455278039652927]]),
     np.array([3.5934989025887205, 3.3641710879185216, 2.3714018479571664, 3.748784491081755, 4.9173993132761, 1.297943486697084, 4.872602335767369, 3.7776103612801015, 1.8144526870445494, 0.5416180163908189]),
     np.array([[-0.5936963503652305, 0.3200793018011497, 0.12610332936150617, -0.5081620406066373, -0.4004663366478601, 0.4459192662064528, 0.4001707177209463, -0.6303837539089765, 0.39907616566051457, 0.39922151359806934], [0.19645158489632578, -0.2798456451852997, -0.13446882067023913, 0.2657232681141019, -0.5058895517270307, 0.06166691317172492, -0.23729830926275294, 0.21263377051017787, -0.055245211233388145, -0.2614205980729256], [-0.0063349242807491275, -0.3300610272195666, 0.04415477672511566, 0.1360515292978313, 0.3277000683618127, -0.08017583961507216, 0.09621179683032985, -0.21630788019277494, 0.3294743530255389, -0.1967443653810274], [0.06073500824318595, 0.06294965533789683, 0.11707264330989431, -0.14406776884264394, -0.09141059781265154, -0.06634599957567784, 0.06588197972554057, 0.07576003599715472, -0.15754773857383583, 0.0030191050568912064], [0.43425289300474257, 0.0734118199036614, 0.4826208336637915, -1.3775605835305151, -0.5840495841459046, 0.018696764098111066, -0.20406030326539842, -0.5811613003728773, 0.06819408718565376, 0.07686339581634445], [-0.00856375232846594, -0.004049815348309942, 0.015110380835170776, -0.154159142313185, 0.07330975198503095, 0.18338457661306792, 0.06951702091098129, 0.05295010441448637, -0.07866720983953611, -0.028779236029566748], [-0.34039268860484795, 0.05214531754227492, 0.021746930673113923, -1.0711213400378548, -0.10886661098064103, -0.3055488622472626, 0.01813803493407944, 0.5351648476531022, 0.1656662832039609, -0.20271497699647784], [0.29498597850095803, -0.2671698232284693, 0.059764537078661334, 0.4945177219046027, -0.2428493211152984, -0.3198656121897598, -0.3793596279752233, 0.0035701911746880187, -0.13917245966644884, 0.005623214393277855], [0.02583036384263786, 0.07538369201260293, 0.06443942999813518, -0.1167069399112585, 0.08171277205295856, -0.09486260616577594, 0.11612452209960998, 0.03323927343571774, 0.11599204139391521, 0.0454944161550755], [-0.10816504580736921, 0.09153844787723722, 0.067721201866754, 0.14381514658146632, 0.043796532932332086, 0.10640957522896932, 0.024951466150835672, -0.018520227173391978, 0.009207309397937947, -0.029154383323096885]])),
    (np.array([0.841617964094104, 1.3455326190594084, 1.245195678928881, 0.7864568091229868, 0.5265031891819001, 0.300190851374782, 1.2366673151814207, 0.749511055437192, 0.32184435576678677, 1.5390746360018304]),
     np.array([[0.8347674456918314, -0.046680023180383154, 0.17724552054348974, -0.4888676593273946, 0.42770801996819974, 0.29515022633478283, -0.02519096422688736, 0.0853952724214422, -0.11203091855448816, 0.10551282644526463], [1.1693650129488373, -0.6969361040576042, -0.3491353007059274, 0.2134308453688811, -0.05708872833518025, -0.06626181907014651, 0.0013521470920324584, 0.023808119707073763, 0.07091440892086455, 0.00686845680877843], [0.26458779152710493, -0.9096160624931503, 0.41300204629814824, 0.05413786470716777, -0.15989244481480666, 0.08205583872822807, -0.0760037625982611, 0.02932584656268355, 0.20959345059344722, -0.00715019591564354], [-0.4230296409459885, -0.04739451931985646, 1.4525700477605699, -0.7593678598481418, 0.048520058036483744, 0.42046642674105195, 0.08325006924314053, -0.05520054670641359, -0.049398051038518444, 0.0400035547050422], [1.1038021519052728, 0.18438134528327943, 0.21708956342420993, -0.5338448178433909, 0.3861606919107963, -0.09418113348997241, -0.006831977156060207, -0.08864267088531758, 0.10247831495355657, -0.043093280109333165], [0.0024807846206823625, -0.15030105040004088, 1.0118555513208476, -0.801837563679005, 0.06177325408689976, -0.0639959650974111, 9.27994424426036e-05, 0.00037234728091400455, 0.04003777907624983, -0.009058443014764987], [0.017475036746096278, -0.16084008779360187, -0.1368771056450918, -0.14477726482790712, 0.07888716242883803, 0.8350777797554263, -0.14493574755057925, -0.0817605468131542, -0.04762836385785598, -0.04411722960996128], [-0.09492128922428521, 0.22630193674167284, 0.11431868575058557, -0.0660754597379024, -0.005066104192891283, 0.08392597107910052, 0.021380032878983588, 1.0424644592014787, 0.6705439554424628, -0.006537948617770649], [-0.08230319320708408, 0.06576018238552819, 0.0010869908249085314, 0.05782589944627703, -0.013404815071060875, 0.33960013530503486, 0.31600953869103077, 0.41214104979073063, -0.3057740598676863, 0.04888022583742384], [0.16722438129550707, 0.19393372135828668, -0.05890451939038553, -0.03226319602235099, -0.26626568466473394, 0.19682340354383834, -0.10558902892420466, -0.08962511046113761, 0.3821715771002032, 0.7425366125280741]]),
     np.array([3.470948173965395, 2.861631668871774, 2.037146996077731, 4.2491573307597, 4.917157425803021, 1.3352546099313154, 2.5434617932871575, 1.9421069564009783, 2.011447440842709, 2.097242846063421]),
     np.array([[0.2587512302908759, -0.3826927046396651, -0.32620126706951563, 0.39928897241729583, -0.053886930190364175, 0.14296053883719517, -0.13186823681542512, -0.036643056392536996, 0.8183920372967198, -0.2599866724318694], [0.05935262428714488, -0.2839861655535799, 0.3209834049757873, -0.3667503381641395, 0.2818337376431764, -0.07915652967199018, -0.4000912277605728, 0.05128878380504508, 0.14630788809079012, 0.08726504623656126], [0.5020597337898477, -0.5405679906462366, -0.03276404827727769, 0.10214596637585, 0.07256170887281783, -0.0610807143337154, 0.10084526871258312, -0.004248985201797721, -0.08250184731209223, 0.0854804134929181], [0.11583650573883623, -0.010901526786779026, -0.055105774299680506, 0.055450213893095575, 0.20069359951316784, -0.1367803173128136, 0.04286624077089116, 0.002419904753268788, 0.05960895179761848, -0.18141867301912884], [-0.301330675130584, -0.1574100947526586, 1.0672021308249897, -0.27689909322691175, 0.11751831764688667, 0.24390201373650822, 0.5222266903965265, 0.32860369252697863, -0.31829907192039736, 0.13731290699468626], [0.012862597950511171, 0.16732838688526575, -0.040613325178583244, 0.03469405065352975, 0.07105695971300775, 0.059418496207042246, -0.034458997737979696, 0.07348978367431437, 0.01538957828859933, 0.06331704737349883], [-0.16024047766092073, 0.029283166264471132, 0.03983688659170296, -0.3453461073370769, 0.2708769180523777, 0.03261228372163424, -0.15340671951473805, -0.0561092902662304, -0.10889760292157925, -0.22292224155835957], [-0.031146943458626234, 0.017601765392556954, 0.08892696052172748, -0.07060064023144053, 0.09643496724775016, -0.11680142603827143, -0.12222945267692588, -0.21029909803888552, -0.09909923474201394, -0.03218996664743624], [0.12054962575022975, 0.03049518031546745, -0.041760652169746476, 0.09274319305896477, -0.012173551630976848, 0.021439246297117347, -0.1328707220298023, 0.11864334278225516, 0.25187495665057347, -0.0016893066850741374], [0.40207206628143716, 0.023547930927787637, 0.18424720817614154, 0.13726210195129304, -0.3764767827897449, 0.15708018646185945, -0.2598362890483227, -0.3750292406635111, 0.0009274543911263257, -0.09019886237529226]])),
    (np.array([1.0744866037386485, 1.2974674761398943, 1.2946915532552534, 0.8199980201340357, 0.4346111167157993, 0.2442777367371027, 0.8265347108861569, 1.106800479134099, 0.2670634063662689, 1.6545706745428692]),
     np.array([[0.7800473454971183, -0.11684485476405893, 0.16297561911588662, -1.0535542844388932, 0.6865566508770207, 0.9992387087715402, -0.08833466970653124, 0.11916910861522034, 0.04188506821580186, 0.06733776665164787], [1.0127799215446691, -0.7034343750726297, -0.16315015992323587, -0.11964863304074878, 0.14003111036647764, -0.234003489817964, 0.19905841977136976, 0.15259690117416405, -0.18536505198397168, 0.0350135795647418], [0.15893379274433794, -1.1486368971173793, 0.5649299721750304, 0.3487131727414706, 0.0834650301756552, 0.23683569882666222, -0.20591439164816186, -0.015023578081823603, -0.13382313945543647, 0.020263852479430383], [-0.5116571708308517, -0.07078174656107107, 1.522977891267758, -0.9322450596344222, 0.10304050598489789, 0.40835005772507793, 0.12158222554169588, -0.0626365807239883, -0.04597406803704007, -0.02310153996759899], [1.0401421157846937, 0.1876696897423747, 0.24245816466749678, -0.3453697851788105, 1.1799167066030725, 0.002912167113723019, 0.005398450050098302, -0.08821099893509415, 0.06784067942529935, 0.08228848228968189], [-0.08148200283389305, -0.07246392553712246, 1.0299317730050555, -0.8120226346989047, 0.1254023874502544, 0.025949432808746366, 0.022901308424612375, -0.020687282671058734, 0.05234273117690274, 0.032231039701600024], [0.007856623601005074, 0.12764847260550782, 0.021524508896156973, -0.007910208667769435, 0.005807121212947268, 0.18805938460115618, 0.27883450120235725, -0.11810387099046639, -0.04280991350819683, 0.03951540188322964], [0.005832709654529858, -0.12192191236573267, 0.06971370903527242, 0.0737801007900505, -0.024376268011029094, -0.07592695632788504, -0.01085617833707118, 0.22340855178545585, 0.4221667431988943, -0.06342177534830248], [0.04182622861349934, -0.018071706287534177, 0.07755241088796445, 0.09285341519705113, 0.01385323824305507, 0.275298487404775, 0.47532861641623625, 0.4534919189861698, -0.10812597825497018, -0.029227423865064217], [0.04164470484995417, -0.06179620157142499, 0.1280681928105821, 0.02860705896322635, -0.06923853977213032, 0.13772495451679145, 0.057456414682023824, -0.12944264072687073, 0.25458350362299886, 0.6278340327218471]]),
     np.array([8.254477717802393, 3.8443395288029074, 2.6837152003886535, 5.338511937164327, 4.814068908718342, 1.4782013378574885, 0.5710329614650325, 2.2041953348801013, 1.8360887257042962, 4.676565205398241]),
     np.array([[-0.746831082139971, 1.2037169249163255, 0.6942351913066391, -1.2748699438901376, 0.33268864566959555, -1.2369351810252154, 0.4969071020022279, -1.3616634331969608, 0.6442247281487706, -0.09879237842207185], [-0.15145285618360346, 0.0956325792676571, 0.5874041654739753, -0.45265889943434423, 0.3237202832301061, 0.3381940696012314, 0.22562068043801875, -0.14586217454352352, -0.22075728271166617, -0.09711999055702805], [0.3724926176242579, 0.4025985406934378, -0.019377729945250104, 0.13420888885536897, 0.07122934752490354, 0.38090786241663077, -0.39572327985245964, 0.24006732475994963, -0.5670908581879458, -0.1339208571439282], [-0.021688051295229948, -0.22897249800280475, 0.23517829395806364, -0.5003426621955147, -0.5298475840720814, -0.029850054483867235, 0.3185099322885533, -0.41625488058315147, 0.06452506136291788, 0.0892006690683939], [0.18371243850777705, 0.08776718141086458, 0.022141455816307817, -0.6513390331682931, -0.3196236854957216, 0.1429321572826357, -0.3988038711535408, -0.49773181861087795, -0.814648006949437, 0.06109525193106504], [0.06995662349143039, 0.28962158528659687, -0.14310977943631858, 0.24426899321153206, 0.06838413865246866, -0.22840261560335778, -0.03573703840967655, -0.0024308231128424436, 0.11402612359020414, 0.01401092409411638], [-0.018403019586870316, 0.011681315022206361, 0.028556519193812375, 0.04749148969211352, -0.00869698317511908, 0.16592925674768738, -0.009360685279002122, 0.09204423861481112, -0.19758393639708124, -0.08849078017338813], [-0.13654480234695549, 0.18442101887870052, 0.08578437440477407, 0.1730390268938742, 0.2856509297779688, 0.97624208619675, 0.26347359849608215, -0.13859228011537816, -0.21003292162025708, -0.057442047191689605], [-0.0052506461294612875, -0.030824017873562294, 0.04554025140728097, -0.18512885755327868, 0.016531394165532738, -0.05309482633912951, -0.08297192687872801, 0.015442173663376182, 0.30623622974408915, 0.05689836912055045], [-0.09131392989672889, 0.10782393287129827, 0.12395722782144396, 0.07047467515091092, 0.8511219250467098, -0.5602177744710178, 0.11706850757255584, -0.9007160879688478, 0.9004840960835604, -0.31367809256163187]])),
    (np.array([0.9554753402241036, 1.257634053112414, 1.2442020633986304, 0.7356601877377971, 0.33484732815279, 0.4166830409839954, 0.8969907707826954, 1.1118115301921239, 0.2533027028725908, 1.4042268508706344]),
     np.array([[0.8213887708798676, -0.24744263135635244, 0.22732178581091284, -0.7326495295171401, 0.3322773846565671, 0.6617692069768244, -0.01508848891780856, 0.15033390374559918, -0.047665119456306936, 0.0935910870779917], [0.9531599526525177, -0.6666498487679386, -0.11132809640321238, -0.16461532196096348, 0.3009765126298618, 0.2017254735049777, 0.12351911323777702, -0.058759054726137266, -0.07344128520379531, -0.02189423332488953], [0.11773339756920467, -1.049193084484774, 0.7555097847925627, 0.07645661225830534, -0.07378736181529072, 0.2340687798181311, -0.08445543189480963, 0.06664628219910479, -0.05201445093357841, 0.05203471925453726], [-0.5619021670582186, 0.14799458025455212, 1.6351326235915429, -0.7223226698979417, 0.2051525751180789, 0.1550422053793565, 0.054861280693155226, 0.09131743234629111, -0.02938972957345535, 0.004182704345932895], [1.122422952646424, 0.1710561991863557, 0.23971351357541248, -0.35372559279232885, 1.0086887729525398, 0.024293566881570677, 0.09174425417507888, 0.10860624760744834, -0.08678915366672085, 0.012965149623877435], [0.0043931300430931335, -0.1173765511731868, 0.9433585101502024, -0.8737070875042107, 0.11996343826151376, -0.30231709379550786, 0.008365095507054776, 0.014356121768345867, -0.05911415888571866, -0.021332830598497683], [-0.1053970065689828, 0.0016510970463986313, 0.03641147194580135, -0.01699691019806762, 0.1870688948752725, 0.6622000813177848, -0.11693260792105732, -0.17091287717282633, -0.026027111592781982, 0.02491469912820045], [-0.0948331240779559, 0.21161186190692097, 0.08072561781545001, -0.10570713055421756, -0.08300843288256146, 0.1744616322862064, 0.15722713835670898, 0.26451676169238875, 0.591338285717192, -0.02914824426036542], [-0.004477391239972462, 0.07042675598233228, -0.006018155034442266, -0.014687404171478305, -0.011293612547317982, 0.3772224666984594, 0.23771917080712462, 0.49808829499399404, -0.05379036719847976, -0.015945293773813346], [-0.025618169600366072, 0.06819701527516553, 0.020580145820798628, 0.006797590774477822, 0.03984518402682785, 0.07803044190119193, -0.03694765642656282, 0.05779814381786201, 0.2742652628476349, 0.943242479073761]]),
     np.array([5.611211262055146, 2.2937187631190015, 2.3939270482881763, 4.693916588078205, 4.532494811151813, 1.2045692411148028, 1.8186515745119405, 4.175121632221995, 1.445300799253661, 1.8738279990358229]),
     np.array([[-0.5475778017868554, -0.4956841798212962, -0.1480805314636035, -0.22822663637196605, 0.23379117163655222, 0.4411166523642108, 0.19247641968827944, 0.3124202726099391, -0.42151978303944443, -0.029544382035081643], [0.06303859000115822, 0.03738355283271962, 0.05771431311481114, -0.006231618603207751, -0.2831628575079775, 0.3087126838785521, -0.035558838533187975, -0.05481669103602958, -0.010598402652969316, 0.14613452672305216], [0.06896359472584061, -0.1415068342503484, 0.17220148943250313, -0.36520360723328116, 0.07161976906389926, -0.31300667326787845, 0.027868978645110315, 0.06351429111150364, 0.5290369770030307, -0.15067616008486465], [0.30823173589692426, 0.03911894290050101, -0.14992889732058465, 0.20498716619286045, -0.45065846917096053, -0.028111222560700786, 0.19039493032985982, -0.13610047489498042, -0.018386662714380487, -0.20989984042268398], [-0.16075609197139312, 0.07948194116374144, 0.2277295411198598, -0.10052994065257805, 0.05928268952714821, 0.6099571049177757, -0.03893238630921674, -0.25853645585336993, 0.009367264090767193, -0.43965984660680196], [0.2120101782437058, 0.019384615582306905, -0.09674924173112716, 0.14665402353240825, 0.03204029301957159, -0.0364622441299716, -0.046535362074168383, 0.05884546710949266, -0.05638938560668878, 0.10415666509740118], [0.25257699422956276, 0.15972198883944014, 0.08914524835528803, 0.29838639216750285, 0.11021085061129358, -0.21244227128860044, -0.1415184473359492, 0.05332090816730535, 0.04573156179744273, -0.1872831781360474], [0.2178893930511788, 0.22201091009383517, 0.24976992645928983, -0.34867993449901413, 0.18909731735964871, 0.1429463635827313, 0.1781678019023865, 0.0722282348906375, -0.4310848522493557, 0.11821299411118467], [-0.06727004290253366, 0.04076050809198037, -0.09991046298184737, 0.02975598028047585, 0.020436920401742935, 0.07512686831209517, -0.016674984625148163, -0.00933984767152187, 0.02709195032061743, 0.0370825036379896], [0.0993394289000657, -0.1784253662039312, 0.2047895232438447, -0.3821537108504478, -0.3522469845916773, -0.21806170403317915, -0.27845928085829624, 0.2723799025241558, 0.195976052696318, -0.11259072165137918]])),
    (np.array([0.9640503051468512, 1.302587778197676, 1.3156194407920019, 0.8333827787161768, 0.47560570190405954, 0.2039115183350705, 0.9267931634969707, 0.8769074585734313, 0.39693941211894024, 1.4327202363621778]),
     np.array([[-0.0329907674675174, 0.03242828129799431, 0.24094912507956853, -0.7684890035699765, 0.9037697826642637, 0.6184925395598827, -0.027728091953418892, -0.028722902286759097, -0.10035785061460967, 0.02506848158736481], [1.2582009833055952, -0.5289982072902963, -0.15403910494367695, -0.16401920260421024, 0.14090825308434696, -0.042356825503758515, 0.03328794488218836, -0.011646123591155846, 0.06555168762949314, -0.06695886893777159], [0.24614890847560622, -1.0747483260710988, 0.8010744678740503, 0.08097811038349706, -0.11658903279589562, 0.4225875500004567, -0.05062692338139719, -0.02282258457062721, -0.04521405019463063, 0.05520621157282083], [-0.3200760643281911, -0.05834027682467626, 1.4309966601194286, -0.6852372239998081, 0.11409120535915863, 0.07561710258119571, 0.028654872740015006, -0.018958280817521742, 0.09651473100458248, -0.13293210189768662], [1.062629300272946, 0.17270612347475667, -0.05227045735239466, -0.4508089917512548, 0.7360880309629025, 0.20263510700878798, -0.034924828798497, 0.08908064907354314, 0.04799509329590183, -0.010782018132075933], [0.023559043882342413, -0.07237279336572487, 0.9690861919781933, -0.7357731254097635, 0.10545496064419235, 0.8655891583206156, -0.010037235543393105, 0.009660219391023843, -0.012413048743473138, 0.02494983915220552], [-0.08802251970344176, 0.04382423077398335, 0.01184736676551412, 0.08452739701307659, 0.0834099573640885, 0.7170455199180884, 0.49819478133476036, -0.0745430679959392, -0.29604787263386523, 0.02514370137756702], [0.01563060656879879, -0.015508372571206562, -0.08515869012375632, 0.0301882604552277, -0.05296325707465836, -0.05799174544480858, 0.01088577916969052, 0.29170484092315546, 0.3345225534897134, 0.05322982441127572], [0.024744802894307104, 0.0038628124720380894, -0.05819985887049956, -0.025381375337249663, 0.012640906943085542, 0.38492289170936017, 0.2404144402744879, 0.4553870320608031, 0.06608811743998705, -0.040495314503277834], [-0.11840603280108071, 0.04913923059719534, -0.14403225164635117, 0.27259354830730875, 0.07330311025323365, 0.220581309450845, -0.12844213178976072, -0.015326378405401908, 0.19738719112714362, 1.182735205211005]]),
     np.array([5.555098859363034, 3.7552392181934704, 2.393104916394665, 3.7145007721993895, 5.315426990358346, 1.3254278459233861, 2.598867857755434, 0.6875619529185253, 1.5828264862455572, 1.1557525436653688]),
     np.array([[-0.508139914834893, 0.9916546990459311, 0.6615193689943547, 0.3728388344802221, -0.10734719816334026, 0.6402063128397131, 0.3891469796732028, 0.19283138841002456, 0.940795118949954, 0.1819701405784267], [-0.0606021966825515, -0.3486698704236643, 0.7114741958547146, -0.7206638900089455, 0.18046443877624926, 0.11094550836466148, 0.01589109645246754, 0.1814476379174524, -0.563733383361843, -0.1012607492153292], [-0.16716792272369582, -0.07885306339701133, 0.13056949294266923, 0.003307719880669727, -0.3043578095226059, -0.06502748352215164, -0.12162488557410799, 0.03406890893465315, 0.20321781875430406, -0.21242099826683483], [-0.19497058099936537, -0.07285232881887811, -0.10793683861933662, -0.9837409964672089, 0.26774557437699564, -0.12902654098916766, -0.16168087222313282, -0.12703970097714865, 0.2446983820612025, -0.12524412272156288], [-0.0317686558543688, -0.11208875335125026, 0.45060630572046906, -0.48891971387745486, -1.0373209405851378, -0.3803966801397913, -0.21536853672216102, 0.8375768248767714, 0.7676675163746719, -0.14179424325440637], [-0.06627942067002127, -0.21257934338533682, -0.07039475338767782, -0.24292157583970728, -0.0013894761155109302, -0.09418244283631454, 0.0274520678358664, 0.0055010101664729714, -0.2320032205898178, -0.008183041864161888], [0.027020632155092823, -0.37659374301820514, -0.06339040477163875, -0.09892718492283996, 0.34196631363491237, -0.1616828950857296, -0.10217934949552857, -0.11249863119719941, 0.11829221334671051, -0.03915209685055712], [0.048080157671508285, 0.012174074472712019, 0.03350447495772424, 0.08599286792553379, -0.0717611063994521, -0.0175103878695688, -0.11182007813451238, -0.0247604685760346, 0.20168927024715008, -0.002822115507330272], [-0.09317686863313848, -0.031113789965439616, -0.09512658601891814, -0.1786103142628363, -0.03903245029777354, -0.08034823900593353, -0.05619773222800329, 0.05185417720995686, -0.24896543067572072, 0.08677908748199119], [-0.08422890673152217, -0.24494577612915858, -0.1880436449239755, -0.004899339281974101, 0.044952476765587855, -0.17679238362679128, 0.0463795153625778, 0.10114794571555225, 0.06841046768563627, -0.13952461804375912]])),
    (np.array([0.9919353910994965, 1.414396841615842, 1.2868548665531234, 0.7219727069706433, 0.3279607722209011, 0.35886346518460627, 1.0903680825751565, 0.994715255635146, 0.4184229281063987, 0.9059280953827225]),
     np.array([[1.028892396547391, -0.038454614172635106, 0.051841841810939725, -0.74547202273459, 0.5137370650901513, 1.0872158460867236, 0.009364117199733025, -0.08560178635822453, 0.02747138761631384, 0.09197324750606467], [0.8902914771454933, -0.7663304576898463, -0.21916352429153002, -0.2898746442720029, 0.27485870970369825, 0.02939034043145652, 0.017852561657140227, -0.04819688283157498, -0.030090948482718895, -0.011535223923745015], [0.28375782647163283, -1.0313369529307628, 1.51358560184105, 0.05290599204467534, -0.20030397996639315, 0.18635905336817746, 0.07424588839094053, 0.044132208354040345, -0.009425092434009125, -0.03024193533572937], [-0.38057520303456877, -0.05027872704858413, 1.3341189184844917, -0.6941175680082557, 0.17809890818010707, 0.18631448059258152, 0.07265966517684301, 0.04073979275794252, 0.014611070902596958, -0.014962820815862464], [1.1825709942121394, 0.2430634068666802, 0.22152903959385403, -0.3914512148919074, 0.6177896060598038, 0.12295240585634576, -0.049331375884978136, 0.12026420691886562, -0.0486437239116289, 0.13584985430320143], [0.007408580332434731, -0.16018661702460538, 1.014676386860466, -0.8536947567706763, 0.11970366603886007, -0.09883808429417854, 0.0023001693876131164, -0.021265020257759313, 0.013834444921749008, -0.01122818699758741], [0.018582359929563017, -0.11974585263955212, -0.006288878322865107, 0.08155890275924876, 0.0389810221595158, 0.6235849554372926, -0.12918033648170016, -0.25474646197440165, -0.2586330966235465, 0.014634605594720778], [0.02334918951480379, 0.08029941481527174, 0.02813438853601251, -0.004778310694994159, -0.18911976338906183, 0.11891628421157828, -0.05101049532281478, 0.5807884904793653, 0.5764289131477899, -9.772576325046857e-05], [-0.03303850402054287, 0.02658708115612071, -0.05764709144639796, -0.09391735579339495, 0.034855185161078134, 0.3789489021221165, 0.2382110937290728, 0.4883808941646705, -0.2436093144003683, 0.024671884453584755], [-0.048087124230666974, 0.03724704958464269, -0.0504992847360524, -0.04853015960426547, 0.020029039628887347, -0.009338986249186108, 0.05051475929100385, 0.05172308171160451, 0.21469551427707156, 1.3202750961959981]]),
     np.array([5.929363355964976, 3.075967217276266, 2.411432744564463, 3.750182339258817, 4.823213919191824, 1.4851211846193275, 4.717230645443696, 2.3790692444723995, 1.769745625593787, 0.5667435559293645]),
     np.array([[-0.5815249171676411, -0.7989297587312197, -0.06090564335718098, 0.7201958696102596, -0.8222164869417105, 0.07335280373066128, -0.10171177776857351, -0.22793913554568396, 0.3169096854315968, 0.07611138179152316], [0.19925253929620415, -0.28222410528434994, -0.12319162963033657, -0.011675610346844934, 0.13189997711276344, -0.1467466034738351, 0.3134714389469938, 0.10558119755411853, 0.3134019952246163, -0.05617651279676665], [-0.19563757120496375, -0.44416590218700347, -0.2501480365745278, -0.15390088599573312, -0.07032178215285846, -0.03316334820487087, -0.21454536064778723, -0.08058793419815871, -0.029840900906532297, -0.26482035574238677], [0.025113601609891633, -0.0452525914966985, -0.1152984100673812, -0.5633210829931389, -0.03343517288794337, -0.014968115875733353, 0.0019763127979590903, -0.06804190360891116, -0.11440234652414322, 0.1191949892703967], [0.062212330384499005, 0.05617772692870516, 0.17161012792951502, -0.8123667253143382, 0.17673152224399885, -0.08476314413173969, -0.08100830899859013, 0.44921404717654323, -1.17382253324823, 0.03264939947244407], [-0.09151359426858237, -0.034083633919502906, -0.09211090919685642, -0.18775429523780515, 0.03591230418808163, -0.22892212785911353, 0.21956277199428623, 0.23951492901480673, 0.0680667307088911, 0.09595644197761143], [0.09551930286122134, 0.24995304422562284, -0.21875266955584197, -0.03171116808663635, -0.06943628711371223, 0.650961163529176, -0.3779151469292359, 0.04897832663718178, -0.3792538438369258, -0.2660499470628815], [0.020605693643612415, 0.3219211334086279, 0.3897349969254531, -0.2925227205719143, 0.18258946863204975, -0.25128043058277244, -0.6413468211332565, 0.10452244644396966, -0.20323847980356785, -0.0789621158956557], [-0.022134913067459808, -0.08017698650581447, 0.011812736815421991, -0.12179758967390723, 0.04724703686847597, 0.07014557955814911, -0.022579758507543582, 0.09055763052685124, -0.005154091770928493, -0.020210327711625647], [-0.06248706154446013, 0.047074647963953414, -0.03325447809654181, 0.1455925940490315, -0.052826788599284705, 0.06518476244784543, -0.022704380041347075, 0.02660684030064268, -0.15699849880053646, -0.03886597932869485]])),
    (np.array([0.9984707590552871, 1.3482845666546281, 1.2709808484766907, 0.7454794335105424, 0.4975881271488393, 0.30676917623787575, 1.1414143154207848, 0.32579264529643115, 0.3252018715806432, 1.613311376246667]),
     np.array([[0.25892805955280984, -0.16386245159964274, 0.3093576791645966, -0.7335805048214517, 0.6165270565096646, 0.4355521182516195, 0.1281651302624824, -0.036683591452768914, 0.09654473906658202, -0.01056836390395347], [0.9493311417366834, -0.5550705960173931, -0.22102411930669694, 0.12172356817768136, 0.3563355852628562, -0.1909029476830411, 0.1733519396129621, 0.06164317814673389, 0.1912006191079721, -0.1722800865787636], [0.32237168843386427, -1.055168465951756, -0.011155949355833503, 0.11064903732026014, -0.13664116670350973, 0.2064063727761749, 0.0023661667087954558, -0.04352142484030393, -0.07247399493017741, -0.023653361009066048], [-0.3458144680708447, -0.09410783560545818, 1.2627455163139816, -0.8010799988138448, 0.41507108742213655, 0.09436642923282142, 0.044776992812378756, -0.01863399072855589, -0.01539341712863652, -0.029015770358525254], [0.8524186905546449, -0.009350621180741274, 0.2831558529184389, -0.5197547283679437, 1.0216623640874591, -0.1277439411299172, -0.0008881708864425236, 0.09070263422980644, 0.01611976248599884, -0.015446275068323086], [-0.0007458119342067674, -0.0981101318747346, 0.8891090536334121, -0.7409929030945195, 0.1249095650262373, 0.3312130331364533, 0.0032434695995073, -0.001419651844410565, -0.04167386778225177, 0.04338261495683203], [-0.10517242992716185, 0.14503894492795186, -0.09855916537814186, 0.027524387081690936, 0.06125551634716471, 0.6926532606728197, -0.10175645411433717, -0.26981288563732037, 0.009972504037178998, -0.1036047766045302], [0.008284073541805274, 0.005930226653150928, -0.020264437369632033, -0.015194070999289945, 0.06678699330928371, 0.056031308017216876, 0.015454361455966455, 1.5296338585340603, 0.28367780864727377, -0.04972580992997755], [-0.012874237728853306, 0.049259366607197784, 0.014677832962908241, -0.06329422158245823, 0.006838645120292021, 0.20321731041014868, 0.24791712378520192, 0.48787648731199706, 0.0059214649879377815, -0.05149808828118163], [0.048988455836623444, 0.07641998414762266, -0.025275102813024492, 0.02901855663426542, -0.26235620066938964, -0.05513486301161166, -0.14659412119642867, 0.15025568911193912, 0.29307638430210114, 0.39311078400243077]]),
     np.array([4.879198742730194, 3.630425676440997, 2.5598743544822224, 3.4677450828851044, 4.240292056510687, 1.1711135776138455, 2.993338381624841, 0.09644523894903921, 1.341613085444262, 2.482871563280624]),
     np.array([[-0.4443325053984208, 0.08823108410330294, 0.49735690817560657, -0.031396992114748466, 0.10488819207670384, -1.139965199244075, 0.05888059677691815, 0.12206689848357906, 0.13843314368914772, 0.22862262714534004], [-0.10958053904599065, -0.28693079441888825, 0.21015147835574102, -0.1822825528079519, 0.03982125099972405, -0.5934103011043285, 0.1282683257300257, -0.060837698977056355, 0.06708326312358724, 0.1025462894626197], [0.3034872644203077, 0.41340347358842694, 0.037400918219107404, 0.28038342864793603, 0.1321599873469767, -0.05985027509110831, 0.05088602278565765, 0.2709001783128368, -0.1349960018591444, 0.10264905265815157], [-0.06460113286929085, 0.28223552594358775, 0.1500143605632957, -0.26770721551752, -0.05250918480709377, 0.10698109074940958, -0.0468533435881469, 0.04674589788411245, -0.27827971591097045, -0.03628052241043591], [-0.11576004519691749, 0.05942806950569878, 0.08262875827406023, -0.7525206622003575, -0.1789229293577212, -0.9468742361966479, 0.02766668132349692, -0.21019151289048077, 0.1041197620658272, 0.2790141612530098], [-0.07711775694400537, -0.052285139943845316, -0.03732763198029035, -0.16660857770761628, 0.010423388291432776, -0.06781841198157734, 0.14219142853778213, -0.11447082813714544, 0.0992445432340536, -0.1180920735690894], [-0.19731972690793612, 0.08449880827578347, -0.13299620363669248, 0.5215648795033614, 0.06962180240695572, 0.20998684377600116, -0.2912571144947912, -0.06557602444198046, 0.1768721874974159, 0.04245646228025779], [-0.011104107349539904, 0.006020902639621582, 0.02658777674664225, -0.019981552320368235, -0.026481966888446506, 0.026264022673428238, -0.0318594095192284, -0.07086084280239548, 0.08196998826206636, 0.005068361934808757], [-0.04681315429979868, -0.12107257145014863, 0.032528480684538875, -0.11150737393600495, -0.08296041766586013, -0.1399521828573139, 0.09557095140828017, -0.02536801095158143, 0.16828966099435774, -0.013303288315774651], [0.14674244083317758, -0.10783740785433435, -0.5381513791191643, 0.30642526825716554, -0.28367477319135737, 0.448098076580059, -0.05832590154407702, -0.2709832606560943, 0.09887397817251885, 0.13818325414082736]])),
    (np.array([1.0388598161231588, 1.4206352773114594, 1.161056188550991, 0.8473098321456418, 0.3759817599075168, 0.22136757270278448, 1.0239145116717432, 1.0412581970278885, 0.2403660041761513, 1.7182511966319605]),
     np.array([[1.3065652774020213, -0.12889161935785654, 0.393876933425765, -1.0052915218605234, 0.5848744358210188, 0.598860526772057, 0.28896039373337623, -0.0846708177568454, 0.3128121845739461, -0.1430246135493474], [0.9386044415825098, -0.6235986968445144, -0.15099327477215285, -0.1999380202986329, 0.24853540731309912, 0.115365145570196, -0.019544914289175038, 0.0419710014190399, 0.1111777278813084, -0.05813882512871754], [0.146455340634681, -0.9988079492407579, 0.2877551647523553, 0.06340825648034362, -0.05911723917413519, 0.5319613404922647, 0.017810596479309944, -0.0123034704282463, 0.12150243739928769, 0.042334365356440834], [-0.42626826138202495, -0.006577383241076279, 1.1227311086630634, -1.0881907264132586, 0.4180306803719247, 0.03374965049142142, 0.04654313852118671, -0.07354532215718868, -0.10283690871596148, 0.04726205563402445], [1.1318225779576332, 0.22533675068511191, 0.2314293027399047, -0.4826600246981276, 1.2939361978462642, -0.07197624400591128, 0.07960593604310777, 0.10404581333487817, 0.036993639080118254, 0.006664134847478721], [-0.01994717185443794, -0.07088937207009685, 0.9502965320698012, -0.8866528630884448, 0.017033297844805114, 0.7008336652519679, 0.08346164075974231, 0.05314551170509167, -0.00988497854537088, 5.8145977649525564e-06], [-0.01870293766721646, 0.008357367761701276, 0.05745790538990718, 0.04154898526583616, -0.011726700993215093, 0.43034674928318545, -0.10343726038625381, -0.269579453000769, -0.05589624317481809, 0.07671388802200202], [-0.12827068483978388, 0.12508779562539812, 0.0617612008795641, -0.18562147928376704, 0.03004027323150139, -0.07351743012617501, 0.09082528145154004, -0.2276771835668865, 0.41221347546439707, -0.059713070501446974], [-0.015430598005607138, -0.046692923440046, 0.011494740546893051, 0.039205995002963574, 0.09936808330549227, 0.1850385230921768, 0.3194774626819284, 0.4330819076401023, -0.14934035606927698, 0.04356381328680286], [0.027831242761045698, 0.025833799346223426, 0.03862497951034025, -0.1259898910289112, 0.043027544732941174, -0.4378773096591548, 0.22569520846863114, -0.1165145111181396, 0.13051076591458716, 0.2765438403132572]]),
     np.array([12.455235960034507, 3.2924176201100264, 2.3452018538120942, 3.8161537836338253, 5.119272153315078, 1.4697558730512479, 2.7020710983866447, 1.8498689497401029, 1.5613466737838668, 3.7862267429052596]),
     np.array([[0.26616991704095433, -0.8053958732011363, -0.713058855520031, -2.482414907821262, -0.970334938269837, -1.1902020170739582, 0.8531296427289907, -1.4776680345320414, -0.9284169242251329, -1.4906418838469284], [-0.11150406528235877, -0.2683789128752008, 0.015028882388147145, -0.00967578852735678, 0.20629994150189945, -0.37241198714682566, -0.2217918925437818, 0.2425496158381509, -0.028673926149016944, 0.13458575890309746], [0.12097424268612311, -0.09788790319462669, 0.020780114315113413, 0.178231303001408, -0.5630211056213484, 0.11116878172050816, 0.37776349980161184, 0.18456144666448648, 0.14575285253785822, 0.15919616410864557], [0.1677296155817936, -0.20352504949053749, 0.17703910759497096, -0.7975987363566949, -0.08443654085860426, -0.3260014201234591, 0.2641281914167873, -0.011931395966165074, 0.012523741264415742, 0.17395691046012812], [-0.603768154152228, -0.8705230275177258, 0.29990758444612925, -0.6103283206153636, -0.24188143907337142, -0.36019155029966765, 0.25982186496518805, 0.26642906359658514, 0.2141725858009642, 0.1258368045945317], [-0.05954421299340965, -0.03265592292351356, -0.11757336867366291, 0.019458312796506397, -0.19127904913247623, -0.14001157004637108, -0.18012749163463307, -0.019079406308830562, 0.24026016945977138, 0.03353753529550702], [0.2880467774174493, -0.11724744901487277, -0.0852172303828393, -0.028228019234964385, 0.2615492536659807, -0.1379167103452567, 0.4002093057962201, 0.25804929983775593, -0.07281784070234774, -0.16626424848324015], [0.21228997815223882, 0.030222624053449953, 0.18835158362898574, -0.023779561425327885, -0.015616882950173652, 0.47241998713513167, 0.07251355163937187, 0.23275167177392353, -0.11349957125166872, 0.21051937399058732], [-0.0015398783665246656, -0.01788369853114537, 0.08808866620135336, 0.05630284537599713, 0.03534552480220319, 0.016689722865746444, 0.03170903259887141, 0.07255299950338248, -0.18842447324967457, -0.015095628904465207], [0.022621819472993333, 0.23712524097726834, -0.2202937578649351, -0.39568629704106595, 0.09506537682443836, 0.5588085559665178, 0.029509156462488226, 0.2357890804362044, 0.25605155185102185, 0.013625656658200612]])),
    (np.array([1.0070350859687884, 1.195563421679341, 1.358117608040205, 0.6960861019262171, 0.4221100182800151, 0.2455471507214973, 1.1720014199420283, 1.0637733763310986, 0.4583572140527955, 1.4310262622945564]),
     np.array([[0.5724931085041891, -0.18601145421551185, 0.06297780612260447, -1.1954671003106183, 0.795390903259394, 0.9841616374980776, 0.06361213866045001, -0.053003858344663334, 0.42836697043407074, 0.0827208093331527], [1.1386834020711067, -0.4120854365624808, -0.19710557902566733, 0.0567307392892759, 0.30096176957532705, -0.16128597292745506, -0.10824352598512536, 0.1403263567725371, 0.21768451092276322, -0.01704105433993944], [0.14243960438901224, -0.7906496786621412, 0.058044688041236185, 0.06637950486686334, -0.11148650905341684, 0.23474487986435838, -0.08601510519734898, 0.001031752474940199, -0.06162020071010364, -0.005774914784526995], [-0.4147840477638524, 0.25761365773287936, 1.3555915932983411, -0.7757925526934426, 0.3753446723514857, 0.44836098461077695, 0.060405632134557095, 0.08949003101668351, -0.1251244990449035, -0.05688575048005307], [1.0046102640632804, 0.10970556807653624, 0.16723967401888248, -0.34446283245865456, 1.153464428842216, -0.02930190806368991, -0.02140861381248998, 0.057137848825173476, -0.07826268877754453, -0.04276373539829557], [4.703475318784946e-05, -0.13986075544592624, 1.0278246617479507, -0.83695813295384, 0.0895595345778476, 0.385721003733954, -0.001202696432381995, -0.018608210061198, 0.08523567529466132, 0.05212397668599072], [-0.07014261693727304, 0.008101549657359045, 0.024368702079768535, -0.04433270420994855, -0.11256301175425396, 0.3809799001283868, -0.17307119347605426, -0.18130266961639502, -0.10144228502402641, 0.045762471858664736], [-0.07530186125737022, 0.011200436006125854, 0.0776201314211862, -0.09973717618746256, -0.013700660135201497, -0.1199058611945025, 0.06363594741239104, 0.7413482460916494, 0.752377307493327, 0.11389598401822881], [0.10855279160909166, 0.050097549889286615, -0.12063351407941747, 0.1349391613315801, -0.040746950967017456, 0.501655185329594, 0.29006228919559995, 0.5176210300131833, 0.22472146581979727, -0.025387064287420984], [0.058074488146372644, -0.09682468164063776, 0.07371343222168057, -0.004741759797127102, 0.2772092972534004, 0.048451115339303304, 0.011654322454632863, 0.0150657464867445, 0.3178070976109015, 1.6792884676210078]]),
     np.array([9.729907554358874, 4.0559903550263785, 1.7873432868670636, 4.937203583055647, 4.135005674129516, 1.2336806421318232, 1.3609511433717203, 5.235918424421218, 2.838633002843561, 3.6837727341246196]),
     np.array([[0.5580854424801389, 0.5798856001253638, -0.23393436098311463, -0.5688583436756678, -1.0222640684985633, 0.6700565862892967, -0.34663849751896014, -0.31024203301888376, 0.318676360023599, -0.4000834048981251], [0.0741596074311686, -0.41923981038740044, -0.2520506078382457, -0.43208053963046245, 0.5979169025024845, 0.07338810693367527, -0.3149086468537456, 0.10428368882931204, 0.13370077820539963, -0.15845033936691616], [0.0730516129249094, 0.15618257026438784, 0.0477013915808321, 0.3292411911638672, 0.12528153192040178, -0.2242060548818092, -0.1458461967095647, -0.027898465899659573, 0.13819413207337347, 0.12627454034563165], [0.05151844718474734, 0.06533977496816035, -0.04383243730031007, -0.06423678107839566, -0.16577367344841584, 0.2910455338582638, -0.240747792340244, -0.1167698585169793, -0.45704070041952993, 0.10425138628874242], [-0.2779279546365325, -0.577599934954824, 0.4594294164539358, -0.66058856624905, 0.1138323978795203, 0.49649766773135645, 0.1965842793721042, -0.38600137723012024, 0.07052113482727453, -0.2502145152416776], [-0.03516620781134915, -0.05836567551686422, -0.09666007984187477, -0.0033251795638152455, -0.03301259605564501, 0.007570221505457615, 0.01856159114619905, 0.10324938877319442, 0.04965316450844485, -0.049971083781576116], [-0.13516950427188434, -0.057765916642560526, -0.05446337718369952, 0.03157750392465863, 0.05127662551332184, 0.1151294665640174, 0.1003570297238506, 0.07479614061226156, -0.14332698036883937, 0.06582672297689161], [-0.8224918954124683, 0.4669596970222023, 0.4282176444777329, 0.4698030336358157, -0.2629411488176821, -0.025772618216954053, -0.8861272758615312, -0.41896174396986563, -0.07163948671534535, 0.1529908740455963], [-0.45482771377882264, -0.4658692832570044, -0.09706281200808388, -0.05262194102343673, -0.09765675200773426, 0.36539688381317087, -0.23496990434938553, -0.5280110588021715, -0.20591831870458374, -0.05980478989338036], [-0.34396023999872777, -0.4094415433497941, -0.4565500665849929, -0.2549697373467722, 0.0020463963568995553, -0.749307652074486, 0.08904476879291921, -0.3076809573905556, -0.4988746708983901, -0.060363587049640705]])),
    (np.array([1.0582693392048244, 1.419974016848571, 1.0925880172062847, 0.9036261790188307, 0.48955048901205983, 0.32682214946925353, 1.2264322213505925, 0.9944825147198486, 0.23021542274749196, 1.4607003421864857]),
     np.array([[0.5649910019560559, -0.12453412624112777, 0.10154184769483139, -0.9521712931403556, 0.32345115409252073, 0.7276134080815388, 0.1129022725706874, -0.09297880670632284, 0.004832140297308681, 0.017680571072029316], [0.552362363089087, -0.8843764059947152, -0.0742554735839282, -0.014024492197998565, 0.08289695404430338, 0.06986220263561255, -0.08252175421504442, 0.04449740519095615, -0.1870157705207247, 0.011386080281014878], [0.2670500241627004, -0.9020956716120615, 1.3198833003332777, 0.1158285847852677, -0.11736814272335581, 0.5422195434210171, 0.019756261478879305, -0.010440072965928986, 0.0382279640228988, 0.014493050426250107], [-0.3836022355142968, 0.0729791588618715, 1.101719937809957, -1.070688074122343, 0.29464966155083877, 0.23277809074525244, -0.17696651348216563, -0.06118870404083359, -0.008964425496906568, -0.02396013247432905], [0.911340727240651, 0.12557214074271095, 0.0969179565369314, -0.33950915031271367, 0.8540821982461502, -0.008408728200938284, 0.013694226443548627, -0.02814457693770419, 0.11499849153664023, -0.08993278241506367], [-0.02473077380239261, -0.10290348546660036, 1.1411546303236944, -0.9130502730777489, 0.1280140727786995, 0.09886339118705736, 0.0461116256722775, -0.0683525642221018, 0.05251764225836688, 0.010764370052599484], [0.03806204074043728, -0.0029743971833421563, -0.006128946775981985, 0.038998722495334384, -0.08266851196913298, 0.36663758908575583, -0.06503158671721215, -0.07982181277182687, -0.006292397922512397, 0.010011384095032431], [0.01862164012724924, -0.0580655071101473, 0.055453989613235215, -0.10786719857185385, 0.06971341548106835, -0.03714832225458108, 0.1199678061259343, 0.46887463363791265, 0.39362935920317405, -0.004502333793921996], [-0.01147149760258727, 0.053019933404838605, 0.015297336241175819, 0.01119907090234877, 0.028580726938309473, 0.29527290608742374, 0.26754843791668675, 0.6225707314294301, 0.0304728071242376, 0.011068537901872488], [-0.0854925708358685, 0.1255375320265434, -0.010063226007390538, -0.05666700473608192, 0.10439674316374714, 0.149234105344686, -0.3065978694600358, 0.16500539419125915, 0.3401954298332933, 0.614430959570195]]),
     np.array([6.0923978930143345, 1.0732772050252475, 2.275985373407032, 3.5624659309447515, 4.682410749491067, 1.5066440660107179, 0.16216443262163635, 1.4913938778583635, 1.9040241234140134, 1.7165554269038024]),
     np.array([[-0.42324249136448217, 0.2759658776414996, 0.14614248325096085, 1.3705882033761883, 0.4694310106303353, -0.0036462424999330377, 0.2952067302778122, 0.7901932945546026, -2.2770650058438515, -0.18890252503844845], [0.05961647333598166, -0.01411136382733529, -0.14383390026374138, 0.0016082936732639977, 0.05536952153748703, 0.25908431994706654, 0.27521191182269406, 0.08482519728426159, 0.02371058256491836, -0.03320510313711883], [-0.2773930016710552, -0.029922753091838603, 0.10180924765414943, -0.25806233483488944, -0.2648181830067448, -0.15778228957128748, 0.2135524539467987, -0.06096088062701271, 0.11005200671829492, -0.31773597529345426], [0.2769540679704901, 0.04561421333015121, 0.11073356229150988, -0.5146194535972227, 0.24243782099627573, 0.022866727197635044, -0.11460318286745488, -0.27556499852029237, -0.03734137087203566, 0.09948178493312852], [-0.05679264449820393, -0.16014647061607498, 0.29334358792649723, -0.39619336051706244, -0.878390276391976, 0.07518324600107769, -0.3966239130411678, -0.1534455986298233, -0.18778919001467767, 0.593235328170131], [-0.035486466294475376, -0.1126557299073288, 0.1579250910511717, -0.39277167045504735, -0.014878917898793292, 0.039346678103421455, 0.05474360215991092, -0.13502517226706062, 0.23865508675536395, 0.02015836458570975], [-0.011042548842248794, -0.010371520471814395, -0.035535874656003455, -0.010557485327902148, 0.048491381410986925, 0.0882335527866773, -0.03184458316820709, -0.010991623468405147, 0.002630739763356347, 0.009100515312816556], [0.2566759308220188, 0.1391625259366451, 0.16258821202380175, 0.20632120841370635, -0.1637732443877255, -0.33107868950404473, -0.05908112958646614, 0.006098074073865527, 0.014109713676275093, -0.150743112042399], [-0.09129427965939323, -0.06429554903659487, -0.06008769177434048, -0.04998227159027848, -0.07182153752315826, -0.12258776289550742, 0.17217584474770334, -0.08518427427580058, -0.09493222030526423, 0.10433512583956044], [-0.042325045403491926, 0.011595291941597788, -0.006619696431858141, 0.17618968462195242, -0.15942538663145533, 0.2171816997212592, -0.003727907096942593, 0.011090898859118879, -0.3486507533190895, 0.03375810449761209]])),
    (np.array([1.1359025430893952, 1.41841213422003, 1.2453467538406597, 0.7513530670800427, 0.45631689563166083, 0.33855528705433957, 1.1432520304569296, 0.8341783693081076, 0.14812472575517902, 1.357616578528179]),
     np.array([[0.25675000437112866, 0.12661541794008274, 0.24847694483303828, -0.940402292339482, 0.6427890501571685, 0.5398319817804254, -0.1728993540358481, -0.20220193515347346, -0.018865400287729497, -0.19276122950516802], [0.9312578257257043, -0.49363227812300514, -0.18817783307190597, 0.14002994625564472, 0.09012523030066186, 0.08916698867370772, -0.15529405001960678, -0.02247909921050154, -0.10567520584954135, -0.03745530649860857], [0.16982962377065844, -0.8650164870278115, 1.1455475721605286, 0.12576425118664328, 0.003605746091544123, 0.35561131595373296, -0.07145301363748885, -0.013206567003161473, -0.05882207523798381, 0.0058594912835278215], [-0.4840880842258318, 0.04400159615421767, 1.3702644831813162, -0.7438179703775069, 0.3933072164884011, 0.533454968483608, 0.06443553323869934, -0.041337187975650974, 0.10738208712074115, 0.08094613164877731], [0.9500406940895175, 0.26374561165376725, 0.3147432842920991, -0.4745430985128042, 0.8677529270066904, 0.014720808639787426, 0.006457672292691485, -0.02825586738526515, -0.14753581797446616, -0.040401530655768625], [0.023944828358867354, -0.1321388843673584, 1.1629656889245117, -0.9115174111116131, 0.09289627271220968, 0.16105821479290208, -0.019451293161672878, -0.002940606991888701, -0.03889549909907985, 0.01932392406052474], [-0.10558949173231132, -0.04321684268432182, -0.011553365659703267, -0.13228246287539924, -0.0010906922556684932, 0.6566132131914965, 0.12207701720945893, -0.09871047091752007, -0.09642271166216948, 0.06926259193633379], [-0.09481782677011195, 0.07853491550616443, 0.07092068088422693, -0.025428257963566247, 0.14752084029862644, 0.10115075530874901, 0.05237127307632338, 0.6155580582733607, 0.3732811670427424, -0.041290332624935824], [0.0244496580202801, -0.007252620285218836, 0.01145763703214565, -0.019099813877166184, -0.0017197822076657021, 0.4905141827632155, 0.27419058238161165, 0.5017178590603946, 0.10920943176632558, -0.0007351929798482357], [0.0640311425491484, -0.1456436967291869, 0.005995331066181858, 0.18423334926573193, -0.23628126936951593, 0.21603513646757058, 0.21446077246444148, 0.1450192899647754, 0.24908040069591242, 1.0236701987152461]]),
     np.array([6.349274108488068, 3.17273351217333, 1.977009988062675, 5.117676646891111, 4.555584881193809, 1.3612320436107457, 1.4478638121492593, 1.1231383699811917, 1.3211077696649294, 2.8593875755541642]),
     np.array([[-0.09806736654876648, -0.5605774212426289, -0.21826894053645118, 1.5111519640147102, 0.36238799091106466, -0.36969045860510946, 0.04781348213971835, 0.10602445044033632, 1.909237331715123, -0.18821203919897062], [-0.07844132571458365, -0.38497416695688197, -0.3582565176514473, 0.17177043536142814, -0.18432088384966142, 0.2795114803107269, -0.034122609530737424, 0.28800341061474655, -0.3201494082488302, -0.1529582177827137], [-0.11419884255171123, -0.2698514845256347, -0.16153905688231332, 0.14512125498057424, -0.13073289296651758, -0.24369386603259036, -0.01649614732476927, 0.10597636960592588, -0.2275612276373747, -0.21098831380903216], [0.16064248261172065, -0.22389601873730008, -0.12247997147498073, -0.4099484913969532, -0.21987070169611947, -0.06207965518386522, 0.05516371322376774, -0.23820473189600672, -0.6897104192954215, 0.16771669045295853], [0.14515443812007442, -0.33650667778840326, -0.07361692506289619, -0.3977220327679316, -0.41904505152138555, -0.34317926257183784, -0.11024060325372764, -0.053232180991376235, -0.45024049566428415, 0.10854197181373315], [-0.2123328127818568, 0.1688050653702196, 0.11940611183384234, -0.034952689895872614, 0.03635618382820442, -0.2527972097149647, 0.02929988035096837, -0.0687530389823687, 0.035596032959590754, -0.002482652374096508], [0.10700800951479289, 0.025756211250833248, -0.13107512271823818, 0.06491554437356632, -0.22744086805507416, 0.08467763334587569, -0.11642859591873117, -0.15625203170637264, -0.17457492256866017, -0.08747920757277079], [-0.15167391443434966, 0.004534534947923288, 0.07211755168879588, 0.04146040746680383, -0.09803324719375331, -0.2144224914579362, -0.05278596633790472, -0.06988156683562068, 0.3327961958711886, 0.009559925738905403], [-0.04870715972256712, -0.0022239872021369398, 0.08657992253265866, -0.0934188731329946, -0.04513600160954632, -0.07396638731639843, -0.022402093861543907, -0.022449255369890092, -0.025236561090728436, 0.027820989891605117], [-0.2162599225341272, -0.23269244809805248, -0.147575433145121, 0.19882319257229283, 0.058582193694746605, 0.0725342464400743, 0.2537205775966033, -0.16190799988075041, -0.16403674828727946, -0.17036095040695182]])),
    (np.array([0.9461791653029468, 1.1530486352452183, 1.1312548967303906, 0.7937788961471836, 0.342905695349719, 0.377169983547495, 1.1140001434422317, 0.30550113859485356, 0.6137056979869556, 0.975294743816978]),
     np.array([[0.5165001132597712, 0.03942630472938453, 0.24504802852122656, -0.664389216493719, 0.3707986200692818, 0.630023483871667, 0.01064617256595501, 0.0663478298645625, -0.007557579229792444, -0.14804376615568943], [0.9384473885444754, -0.4143893463157356, -0.14697766499514603, -0.00733917526211865, 0.19111529935456684, 0.06858427366710423, 0.1020612947973639, -0.024536572208642044, -0.01850392162679463, 0.061840588441188726], [0.16624506886240278, -0.9303823680345851, 1.0453984028685308, 0.11426483646757996, -0.11730117461167079, 0.4437823564414469, 0.02084917226379754, 0.04023162936166467, 0.07362497137592222, 0.0595804098476595], [-0.529749829779262, 0.15177456548054885, 1.2697158342961237, -0.7532422110194298, 0.3203263098368576, 0.23421486052603552, 0.049782439644136735, 0.00804007754510766, 0.003327005451765958, -0.02855912740507852], [1.3186905697665754, 0.1634127377933381, 0.05961588421196509, -0.3870177873007425, 0.27389378772837353, 0.2493641964867674, -0.0031140343010601364, 0.07649522331964909, 0.035554306194812625, 0.07008579132519574], [-0.028229962424483803, -0.1281569807673678, 1.0099781638693628, -0.7926267313967533, 0.06476785296971484, 0.45894636685147344, -0.008262221483378539, 0.008701706734993769, 0.03021959763967616, -0.0072186584689193645], [0.1138004964771834, -0.08536796040206124, 0.012669016864150473, -0.07474506775092996, -0.032714896537313055, 0.4828051241399875, 0.3207805532683775, -0.08748775308278141, -0.2229677204155069, 0.03162321542744391], [0.07205726171981701, 0.0741133328552684, -0.039960234196435, 0.10389055106012467, -0.009464836994765972, 0.17327051228382837, -0.06409744259524847, 0.8326912120195212, 0.4372660767015471, -0.0015542900499335393], [0.014652375783260695, -0.05783747281764348, 0.025595734015561276, -0.17196744594510027, -0.052131214503851483, 0.4260666430930628, 0.25638140381389485, 0.48413403703030855, -0.318825487394326, -0.09999617334983232], [-0.030641378668471546, 0.003281689629001359, -0.048729532271800664, 0.012204473437468642, 0.05056002186467389, 0.07299745112832583, -0.06560785893111776, 0.05737720884642325, 0.15723560524093877, 0.3343605147987168]]),
     np.array([5.699221956810431, 2.720078461054967, 2.097829673398053, 3.924987580488239, 4.994457903118138, 1.2317691891829499, 1.560241755709266, 0.5806657106893717, 1.7075835065310074, 0.377157089591281]),
     np.array([[0.03312431021682356, 0.09942270679742249, -0.016088799562708405, -0.2979835389640082, -0.17138340788508882, 0.6264811548464487, 0.413231667958341, 0.42662590725267924, -0.5629592754059671, -0.2794436760445781], [0.20201956415879269, -0.34017579908957785, 0.023872698938957014, 0.22690451092201003, -0.21951319022219581, 0.15612085347382482, 0.12319956157242434, 0.1763537662797019, -0.12761331224164085, -0.014761369776105432], [0.00452052300413004, 0.03735453890733216, 0.005612645559056309, 0.5083739870361914, -0.3497862087936678, -0.1633349985892667, -0.07450912490734796, -0.15366305744259762, -0.03380480068787372, -0.1835102137571178], [-0.14962100447730595, -0.12730423123756981, -0.2161911565481051, -0.49338104682130024, -0.13835101121710383, 0.6900726157344141, 0.13370407665763323, -0.13681331362305316, -0.01169892307137668, -0.03453500838463256], [-0.38835699075788965, 0.7366023226741246, -0.09877742207986989, 0.08079758575646584, -0.10700668855489286, 0.7456226784904719, 0.6901261492713108, 0.083272029010806, 0.38525500999878326, 0.1261271841255822], [-0.03842420569241703, -0.05280611446503783, -0.004145149550552811, 0.021302342828835107, 0.11289334773773056, -0.04721826363656602, -0.06733295888389927, -0.02321302440056142, -0.23761726200987976, 0.017859051237333102], [0.055026694661815076, -0.16299346376789015, -0.1042732049572924, 0.2784923209954478, -0.274556917240515, 0.12432510249444018, -0.29417894399725614, -0.11369414257842135, -0.026553052744673192, -0.090920538562398], [0.045868611455067675, 0.1121599544723101, -0.023373205161089646, -0.05079677495146661, -0.005638780638042344, 0.0008400528135371855, 0.06966899056591354, -0.08161803160851043, -0.017456928798920024, 0.024529929940263522], [0.03737176157485099, -0.17428223198308304, -0.07068680711122428, 0.03330068006910369, 0.011730653018047292, -0.088111066129731, -0.07881748003694354, 0.07912345298976985, 0.0004448723398176186, -0.012046420701184644], [0.04168489973190682, -0.04879594746842237, 0.03164154854998863, -0.07935164439575879, 0.03496831304113084, 0.04397675511163614, 0.03216727216724441, 0.020602443557334673, -0.006526033365944029, 0.08463296112786388]])),
    (np.array([1.0123637190199484, 1.3777023773895667, 1.2750133181166323, 0.6821863159673195, 0.34326563814663913, 0.3455715160835461, 1.006687358737711, 0.7720434383740032, 0.39985319657093493, 1.399593366327812]),
     np.array([[0.3774145262613124, -0.024090462243390346, 0.19165121535434188, -0.7887212217290973, 0.7781389644942344, 0.5484690867221713, 0.03788684486597117, -0.254723468645471, -0.0012757687104995882, 0.12390698990485874], [1.2045230735290773, -0.5085954938185716, -0.24941331462960117, 0.04249131617027771, -0.04006833682464881, 0.22942986888344746, 0.0055388607957954855, -0.08901977570730615, -0.20246617604715372, -0.02610298671621867], [0.19202885824951618, -1.0629978409626517, 0.5472553847526209, 0.05137514539825094, -0.10865235839308424, 0.3546253097938033, -0.001220855173543496, 0.0032811202047672845, 0.11648377288357212, 0.034913854796876725], [-0.44205866918489717, 0.10357380737936743, 1.2529674000345963, -0.4223907630535193, 0.2862778920161562, 0.07828456066370101, 0.014119157007004425, -0.008434952521094032, 0.16420153450888103, 0.10260700133494241], [0.9804324795193624, 0.2351840960763117, 0.20567981643299604, -0.3053209189059802, 0.20442502753893432, -0.017718624858388488, -0.07175726203166212, -0.028333993090428194, 0.08560034319735012, 0.046988538328107204], [-0.012048539450608204, -0.11504436297194463, 1.0395587779017665, -0.8407749936993693, 0.08583078999236757, 0.21789745810640185, 0.01540497065818802, -0.04592202416690115, 0.059684852314654445, -0.003468793564615585], [-0.09295740954999525, -0.0826361191338246, 0.14911079282923767, 0.1938504652572048, 0.10606186700580704, 0.8437302959559019, 0.04544200383637783, -0.2456293648038496, -0.18438362649895831, 0.05364229349480649], [0.03406532510130779, 0.1295632963534139, -0.051087798206477304, -0.04065479859594922, -0.12639016991302587, 0.05982700661276062, -0.055605448103326634, 0.8348616936331145, 0.5910055696841264, 0.0761323426706615], [-0.07787916781921836, 0.09837148930352647, 0.07011029689784995, 0.029561644191290516, 0.01985740606436415, 0.3824358866114999, 0.17719295057604192, 0.4397347560212003, -0.36636020269542935, -0.0958399132115057], [-0.03647261509696341, -0.10114645603104173, -0.036438932481119436, 0.08807064996353198, 0.07295582692633508, 0.0736208129050223, -0.07921914550978394, -0.15047486536910626, 0.6440317715931365, 0.35322764809544416]]),
     np.array([7.218821072109051, 3.20593479899749, 2.265656548450388, 3.6970122257461653, 4.052372201522826, 1.4277618970544574, 3.8093203443365065, 1.3477636314556019, 1.7121129392319516, 1.213726208595954]),
     np.array([[-0.3965199761215867, -0.19357809572273002, -0.22922324046371576, 0.2592636953419129, 0.8418673936934777, 0.7843570224795988, -0.0784834012618033, -0.29042062661030593, 0.4159741469332404, 0.032728505905353415], [0.0934971460217548, -0.6966732601596394, 0.40131648930072655, 0.1722268870621539, 0.008255206865566663, -0.7580603139572395, 0.00247984511964277, 0.059942123593999724, -0.013407583510675414, -0.14070017051388878], [0.10836017344479916, 0.45495159696902215, -0.03203475133597713, 0.08388869149877028, 0.1540804513127096, -0.2669654338611272, -0.25729317420893333, -0.07845135664650493, 0.05396228872223097, 0.03424742183174214], [0.06090761409967211, -0.1400427094226121, -0.13218218569802606, -0.3708174099911326, 0.27578088066260653, 0.3242679025700932, -0.354981260565914, -0.01022357736639879, -0.20941769224485593, -0.19078651381732722], [0.29419453407624735, -0.18182069129072073, 0.33457927312019375, 0.19705050888682363, -0.11975623828613201, 1.0043305598389571, 0.4746899289651843, 0.3644170779144778, -0.10568915534744046, 0.10682758964740896], [0.015379854194408715, 0.256677322351704, -0.05750988079564178, 0.07441050623969077, -0.1344562196350194, -0.09255145295520385, -0.13663617911210324, 0.039609977043294664, -0.10661682898376902, -0.06395295700912823], [0.31251700626547463, -0.06276199538410139, 0.057629942160125416, 0.08116969772089787, -0.3296403186204194, -0.07811932720952186, 0.2023357709336785, -0.062001941282332024, 0.25181892609882056, -0.16770154400135956], [0.1662394080471155, -0.07443428738753999, -0.1506102078888467, -0.17736835088167205, 0.17879853247515592, -0.1761659178381559, 0.05524305254322794, 0.03273369062315104, -0.001471960557865287, -0.0709274066854474], [0.14797595589423052, 0.2070464836038113, -0.05642011591724615, -0.0465897006106818, -0.07374782212161521, 0.0058151716310983845, -0.054211950104066334, 0.01798963181206672, -0.15320986551105437, 0.04540828537215172], [-0.02194480699698041, 0.12858440768406135, -0.0024298208545315792, 0.011166136672611869, -0.0667500931479849, -0.006364315898284277, -0.11113642080155843, 0.1656819273578122, 0.2869080970913851, -0.018446404097343234]])),
    (np.array([1.0988831025506418, 1.4884265935980205, 1.2538463870587648, 0.929390595202116, 0.4422302704541214, 0.3684410652605225, 1.1908194581426943, 1.1003883764373195, 0.47545648376172495, 1.5032192965889057]),
     np.array([[0.7309839888867209, -0.06084540203386945, 0.1506763719690605, -0.8397724936210827, 0.1497182921151225, 0.4725555282673369, -0.006403163338982817, 0.12125319558086932, -0.39386185943758406, -0.08646644885364627], [0.903669212931286, -0.8154801950033849, -0.27560552157960155, -0.06586743079108583, -0.007876252178430928, -0.1373644502422801, 0.030994716752304433, 0.058571620564899084, -0.04374899360031388, 0.08731895646428386], [0.17036539050674132, -0.9108041123509483, 1.2925137665007491, 0.05096632507978892, -0.06569340357909922, 0.26687072636267634, -0.10268457939367578, 0.03964542064829929, 0.001929806410381456, -0.006028580892178096], [-0.47594430915124747, -0.14836875836653496, 1.1110975623793415, -1.0582386114652147, 0.19617936351782747, 0.08425685667549015, 0.02677509305652257, 0.044346199431036105, 0.1427593701539709, -0.08645123340871336], [1.0278766964303125, 0.2605933907989988, 0.1444963735142105, -0.3002560324079104, 0.3818197487008893, 0.08636051554331994, -0.18080959395710008, -0.09309947218537058, 0.035061218411560756, 0.023205718105629918], [-0.010541939529039748, -0.10052714529058532, 1.1991812120056704, -0.9737430400533129, 0.10200207813403457, 0.26638750170091213, -0.0033970672954786287, -0.0080380712789676, -0.09379494738795527, 0.012308745211621215], [-0.06057499230348587, -0.17244126551246833, -0.01921498362158076, -0.02826017682190727, 0.03541729263380321, 0.7194418730100087, -0.7163144240421168, -0.28956920212020176, -0.5585936587638002, 0.01728907013537522], [0.0316940082243841, -0.01623278737534737, 0.0260407887111708, 0.004008203974803891, -0.017221475944057565, 0.07968278986636601, -0.03705643898384215, -0.20437964883241122, 0.33164428892952336, -0.07639876131367365], [0.018539493798911268, -0.11777456384167875, -0.05508572641353884, 0.06270737714465258, -0.03019328255848541, 0.2863443571526421, 0.33733364858482073, 0.47636392940389927, -0.5063058904608227, 0.01837514331389511], [0.2562005041763147, -0.06895708675544593, -0.004529179422779954, 0.2276817745063622, 0.0935094590433393, 0.22617681959000865, 0.17642424940491375, -0.2956394716567931, 0.28478608191399424, 1.003478687676406]]),
     np.array([6.094887221132101, 2.540820655222753, 2.1900696177438204, 3.234215293683014, 4.330664208643531, 1.4007087090938541, 7.779876431186511, 1.5949109523983698, 2.231923686096611, 4.890278259402898]),
     np.array([[-0.15497485656099086, -0.2090961682148866, 0.13674428380234432, -0.6207897664871129, -0.3554101819192746, -0.6464384675476478, 0.17587012678266176, -0.11841065904833607, -0.2979374402226266, 0.05169233492398166], [0.03104887743116705, -0.18799522901898738, 0.35869158351064645, -0.19948685273623923, 0.1786834366081799, 0.03772022040365336, -0.024145604920801318, -0.04017613010451238, -0.1668748732112378, 0.05385001885317654], [-0.041699215470906964, -0.03387276704228816, -0.28681488226004437, 0.049324930002882586, -0.19408238939478784, -0.03329962098512321, -0.310577259662227, -0.029389840039286286, 0.055274233625323556, -0.02337603838335309], [0.3369825092303578, -0.09434799548647776, 0.08686102724269187, -0.4620130843866618, 0.24767336064270407, -0.09538999253888, -0.10698777114540695, -0.2634977893374678, 0.1606227142535985, -0.0011476760436588576], [0.316477290507352, -0.23940353721028665, 0.008741532104324141, -0.14913442953771153, -0.013375945877222933, -0.2646111272828334, 0.16991613077815876, 0.41805962091448506, 0.23985080700189185, 0.24791477549735466], [0.1399170199383951, -0.0296470802016731, -0.014242849268321495, -0.10110856615918935, 0.0995880838102693, 0.1338498214921258, 0.036835744660434044, 0.032794231180824, -0.44940815305137666, -0.15153084106457548], [-0.2880158630098065, 0.2380688780432044, 1.6140761712002203, 0.6639272360527618, -0.11988196492628257, -0.012376773301685358, 0.5514966842174812, -0.8002502250036247, 1.0084502847840744, 0.037941213450554685], [0.11931172714552819, 0.09423671333782371, 0.07018123247895451, 0.10768770522812417, 0.2637011126053948, 0.3291738679605636, 0.15300074099185276, -0.09564881145916686, 0.20692368010966133, 0.045174577795231284], [-0.010010412599664722, -0.01125190552291982, 0.07968875192707572, 0.12066099779348287, -0.09501617309772013, -0.025036816577942884, 0.08997661973879222, 0.10147396888385167, -0.32526576021675235, 0.11284468517473288], [-0.4311391739070913, -0.050790887110598204, 0.012820285007021048, -0.7498828592948273, 0.2158369363877562, -1.246302119616442, -0.2852198258783984, 0.2622871246359748, 0.22156345662282506, 0.2895536623240228]])),
    (np.array([1.1389277502846435, 1.1373137015458714, 1.2562020203047144, 0.7826492268029903, 0.4396822650834155, 0.3857093335407498, 1.1979007120471463, 1.0572619553412106, 0.2760678905275685, 0.7931296695093278]),
     np.array([[0.07987072185043852, -0.2732097571503497, 0.3010963689533652, -0.8198032135936041, 0.7669333339418949, 0.6467681714826251, -0.04545050483953583, 0.0765916796024932, 0.1833214992229485, -0.2839941905365132], [1.1273101605021483, -0.4182879523116059, 0.007635250381429586, 0.10168714347160789, 0.43457039805464426, -0.2169926942156895, 0.0750781552283089, 0.11386851214108852, 0.1565798440651372, 0.025300401903996288], [0.11872256234568335, -0.9760861774755342, 0.8196266684186476, 0.012252588242404204, -0.15728330840690052, 0.6424195772674023, 0.16223682820550736, -0.005206909397661666, -0.18115189803359474, -0.025803292318024106], [-0.38088914732168755, 0.04620273306885608, 1.1244190744525153, -1.0196917498797613, 0.11808802601885536, 0.17719812748820835, -0.05704000740803437, 0.05463760974536182, -0.2308172821644389, 0.05125535676827071], [1.0540670653090833, 0.01575331892922101, 0.23412119057868067, -0.36068832058013195, 0.7847138801832345, 0.008064361092241271, 0.041417505902159105, -0.06384518706860107, 0.014274636578125267, -0.016936480491672023], [0.010702875044357926, -0.16648844850585878, 1.0879557657542556, -0.8493683921311289, 0.12351020910484235, -0.10139847309224685, 0.07641939982925558, -0.027687873016709563, -0.04365178466337961, -0.024278883229470093], [0.09153080814863553, 0.07611939680198822, 0.020797857309843033, -0.080899666300738, -0.01990857724007333, 0.4009675464222004, -0.033066785131208455, -0.29127476443338024, -0.13095920089962296, -0.06123735618769107], [0.0725406666570881, 0.03967492809506827, -0.04290085937140444, 0.037986496595351464, -0.007968691611800903, -0.008721445302028685, -0.1739492203888097, 0.49669657853835497, 0.28531711475955923, 0.025164667679984074], [0.010006889113188585, 0.030536879533384402, -0.05297373689424374, 0.052512857466359024, 0.024753711235993826, 0.30179057492059885, 0.34924386927341367, 0.593951958570997, 0.054386944118876936, 0.06557444202460334], [0.14635333422186678, -0.06042821731338534, 0.015233890892841015, -0.10026996261828117, 0.12361535981195336, -0.05333635260733214, 0.03635968129653546, 0.006599979250429454, 0.1859271688486028, 1.880642398531208]]),
     np.array([7.4529146256214, 5.248880948925243, 2.248672929653999, 3.325453656487999, 4.5889511703337424, 1.4196535422820014, 2.544626679750169, 1.9212250507828712, 2.303974341248123, 0.49276714682518963]),
     np.array([[-0.12913960668725216, 0.5102397720637104, -0.06422444862058517, 1.1121081450543855, -0.1766659340907056, 0.7055646135543623, 0.4154235100187689, 0.3224473723042971, -0.5498943885599007, -0.18536949211808262], [0.5991430791098535, -1.2604719622966085, -0.0853076874177127, -0.013498750615824152, -0.198333843618073, 0.6147516627362032, 0.11895449763007855, -0.015007994948526756, 0.1668157788195895, -0.3164450389920003], [-0.06736796674352949, 0.07313509119046509, -0.00032213822575242454, -0.026241971744016435, -0.39153996721665757, -0.32135246936484224, -0.11659785819069927, -0.10179494674353225, 0.30273788319377615, -0.030680464073626644], [0.03225499580519623, 0.15771594203127917, 0.01700889537404075, -0.07248717502969033, 0.18238483899027472, 0.16511226626530656, 0.041974053267038944, 0.09908098833344268, -0.30686950142001673, 0.0955986334155247], [-0.4098588786247792, -0.1362527228286175, 0.5752621505109641, 0.25809235518584933, -0.4824944768947966, -0.001871914032836768, -0.3607247975469313, 0.12451057881183623, 0.9152927535158992, -0.006384973798240725], [0.23435354963226857, -0.33677440598839653, 0.015238722381319033, 0.28273673232833585, 0.014482697323276391, -0.07043133727003774, 0.0011872556604854035, 0.09395301042680221, -0.11108744604719661, 0.10292880759770978], [-0.04815284105573621, -0.09847368211106339, -0.3377649803983226, 0.15279428657072355, -0.27460364854213165, -0.09798501475549694, -0.0006971531259948817, 0.0018821332120911788, -0.010899101888785378, -0.12434784490376186], [-0.2999257511521727, 0.3096802586133271, 0.04174034488891017, -0.2981154784656355, -0.09179000508369108, 0.18173368249564228, -0.23998955728487606, 0.038032562734198756, 0.25858204186596906, -0.01850022957917486], [0.08443300500324902, 0.10557082948129218, 0.15692588430477897, -0.19446290169071004, 0.014367446106438149, -0.24711782864684878, -0.07842344204296678, -0.19510788190734704, -0.03978811197043694, 0.033679823614821025], [0.15867749124617905, -0.06019642373326157, -0.055683484403827345, -0.12040191281097726, 0.004041506750491592, -0.08238029831094258, -0.14558988325624755, -0.011612143433802572, -0.14576961149690373, -0.007832157921219638]])),
    (np.array([0.9532881292466072, 1.2819333160792148, 1.3562093730321232, 0.7727994383968436, 0.5677764720149032, 0.21069194244854256, 1.0841309197986753, 1.1469134713766083, 0.38803492375974236, 1.805327113972417]),
     np.array([[0.9291865734217513, 0.0053609443428095874, 0.19082731834189584, -0.870432886049323, 0.46132412264290423, 0.5894172254020636, 0.13024197666216114, 0.016663291426341282, 0.38330732767170783, 0.0033880869100537843], [0.89888137773533, -0.545678245947561, -0.2668581142835658, 0.09404084019633557, 0.32154020348377743, -0.04480612789962349, -0.022784655822307685, 0.011824215491980759, -0.21502146119305798, 0.01497651422028472], [0.16268262463626793, -0.8403283054099174, 0.2571906327364253, 0.012344960880693834, -0.004454406156253422, 0.15724343320552045, 0.04421706193648535, -0.08179276152051977, -0.014143636558807827, -0.02254477334552616], [-0.3701712236070798, 0.01042873526144286, 1.5812477757759682, -0.854839459581266, 0.142883371753671, 0.485186977931185, -0.05016091612404452, 0.0016795818313155761, -0.19196612332013852, -0.03195901824439652], [0.9934119937391048, 0.13922595156728873, 0.22073851126923294, -0.4570427677061926, 0.8811634133074707, -0.09587537879930609, -0.12187354127307809, -0.003978175017263626, -0.11142250775595411, -0.02581966393469416], [-0.013072294870093386, -0.09922027433320876, 1.029255305253284, -0.7622225588083129, 0.12682428494661144, 0.24678534028508511, 0.026939283831096377, 0.0008893757499425494, -0.04302093156172954, 0.01571822027821169], [0.1201160819277892, -0.03542373877257046, 0.0054546969338471005, -0.24576421870133253, -0.20564407018498834, 0.7869989193400614, -0.0873056833003964, -0.12067990971894038, -0.026914304206229128, 0.05866072828282017], [-0.1112571918980315, -0.017801025439440395, 0.03564665635464018, -0.3229905309385281, 0.013601426594155409, -0.08625956606322899, -0.04818180429384476, -0.1860921294746802, 0.6758419664106796, 0.08276690936463467], [0.0437382097970076, -0.03594653794011184, -0.10950804904741389, 0.0031400282699592286, -0.014385949844583388, 0.19887763759641577, 0.225583321533014, 0.4079237594355047, 0.01487420476108394, 0.009697535209803062], [0.24006251674155843, -0.19760269897234456, 0.2054768204417104, -0.3125321966801475, -0.1741406716727761, -0.12204238984293253, -0.32122681979643736, -0.14158263937571344, 0.42158439235268785, 0.2657385984001274]]),
     np.array([5.523942367324894, 2.5578291663368664, 1.9047569223447174, 4.175517096618974, 4.78413809977745, 1.234708183841675, 5.152658421577166, 3.818184661918642, 1.2789664038566075, 3.608213965394775]),
     np.array([[-0.7915802054018551, 0.36675910986985605, 0.05570480397852251, -0.22981967833704872, -0.023123055135680484, -0.37931100937828155, -0.27451870743809287, -0.37779668882037165, -0.550218680689993, -0.27898594901736146], [0.1027038658151833, -0.16271763667106343, -0.06039621073256918, -0.1308895843048803, 0.10426979214483607, 0.38647413440610506, 0.18189882696036713, -0.019041777357350565, -0.04227650507353797, -0.029299059074706466], [-0.021663208412478634, -0.10628042027678251, 0.11367487593348423, 0.3837781274071063, -0.3411249795689819, -0.014691826978597671, 0.1405798458913679, 0.12004147426015763, -0.017998634795272413, 0.016338100395725468], [-0.20227530478803316, 0.29369705543745195, -0.10362396651343243, -0.8196357648440994, -0.0711992670172816, 0.138417668829911, 0.1179788461293771, -0.036106882477946536, -0.173952726857138, 0.24228905651681845], [0.7594097861520958, -0.1513508278988584, -0.2944897982844062, -0.22860191578930752, -0.7441681572717767, 0.8537005852446077, -0.8801391491600811, -0.2704059117714925, -0.2793664200330714, -0.06863110733272668], [0.005160717224769082, 0.16116245319041672, -0.010448234153517215, -0.014782353240435257, -0.11597199839066297, 0.07347886254259224, -0.04667569971130345, -0.05242932674924422, 0.08802556135643085, 0.006302830068848489], [-0.5731510960619969, -0.4656170901821481, -0.008275020950573716, 0.5288225480820269, 1.0450217541755982, 0.5336886805547454, -0.5378062065766985, -0.23456143433608168, 0.6622694412700709, -0.3392363079778032], [-0.1418816112542999, -0.2153609475661872, 0.22644656117099143, 0.6576757728035391, -0.15783673554282765, 0.2849473796876658, 0.2541351549712048, 0.22079727915816386, 0.37748176269814937, 0.39488802903339904], [0.07094184838858855, -0.10653587687075217, 0.026680971366928596, -0.026275458462778765, -0.10225775424329231, -0.005393187065968833, 0.025194254402872006, -0.018546381762649805, -0.1834414059467841, 0.030851026729012417], [0.5959704457765138, 0.4956848838105076, 0.31405092007969476, 0.31020578210286137, -0.4117332832558974, -0.09305137701463993, 0.025448862502270096, -0.36505643005781174, 0.23215194768643574, -0.2326263525405454]])),
]

vm_gvm_estimations_step3 = [
    (np.array([1.0513498612286498, 1.3544277008157044, 1.4113020512336012, 0.8235998642142015, 0.4593081082215331, 0.22043667306225775, 1.1343330282362376, 1.0159628439374546, 0.38749804002427407, 1.495565549871734]),
     np.array([[0.6721678704877352, 0.0, 0.17374030374516125, -0.8883393984792315, 0.27716463621150195, 0.7924602784822896, 0.0, 0.0, 0.0, 0.0], [0.9521173433387041, -0.5699145041362194, -0.2574441761912185, 0.0, 0.22627962440898655, 0.0, 0.0, 0.0, 0.0, 0.0], [0.1553951631116194, -0.9787560009225595, 0.5671647973763398, 0.10848887878646209, -0.19571342055505472, 0.39743643196629314, 0.0, 0.0, 0.0, 0.0], [-0.3654374541702942, 0.0, 0.9761337304878274, -0.787723978978432, 0.19149463124797228, 0.08945172311732562, 0.0, 0.0, 0.0, 0.0], [0.9320729990374004, 0.1362318142144451, 0.1963514719519728, -0.37851736861536, 0.2615954367729657, 0.0, 0.0, 0.0, 0.0, 0.0], [0.0, -0.06935408036186029, 1.144663567544186, -0.8701298217833151, 0.09847848299426108, 0.4345908120473871, 0.0, 0.0, 0.0, 0.0], [0.0, 0.0, 0.0, 0.0, 0.0, 0.46777273341108583, 0.0, -0.30327421928729453, -0.22027418863654674, 0.03813792231877643], [0.0, 0.0, 0.0, 0.0, 0.0, 0.0, 0.0, 0.39431818393939183, 0.47388767610045196, 0.0], [0.0, 0.0, 0.0, 0.0, 0.0, 0.35572194135580976, 0.2530067074128706, 0.5066408783957437, -0.193021908989445, 0.0], [0.0, 0.0, 0.0, 0.0, 0.0, 0.0, 0.0, 0.0, 0.2718862235572898, 0.5680130151918358]]),
     np.array([8.847494290402315, 2.7943222709631237, 1.9616232401781903, 3.6102150105125883, 4.656486991360494, 1.5405750816489316, 2.8380505913526286, 2.061532557431261, 1.8166799103344533, 1.1882023528968115]),
     np.array([[-0.3570113119491808, 0.0, -0.1785780172919902, -1.6175790293067136, 1.0947323907810278, -0.7907601706274485, 0.0, 0.0, 0.0, 0.0], [0.06191958964654312, -0.6172513853169818, 0.22133885499419637, 0.0, 0.12809984076385364, 0.0, 0.0, 0.0, 0.0, 0.0], [-0.19174479161761263, 0.0518211561631909, 0.040601624249049506, -0.26365777028419174, 0.028001892681770002, 0.008675371092289278, 0.0, 0.0, 0.0, 0.0], [0.02287776696292412, 0.0, 0.016164541035954196, -0.41427412752961945, -0.16124727864321192, 0.0627739175521922, 0.0, 0.0, 0.0, 0.0], [0.6779996010337538, 0.27986657343820814, 0.5489826499438117, -0.6269787664083332, -0.6826914769591849, 0.0, 0.0, 0.0, 0.0, 0.0], [0.0, -0.24947277322499928, -0.03264837846211862, 0.09141924742339257, -0.03494249056387903, 0.007789713458691694, 0.0, 0.0, 0.0, 0.0], [0.0, 0.0, 0.0, 0.0, 0.0, -0.4703840587047016, 0.0, -0.111590777246965, -0.01028860793652821, 0.18860067629860988], [0.0, 0.0, 0.0, 0.0, 0.0, 0.0, 0.0, 0.06878264681814014, 0.004698882371418318, 0.0], [0.0, 0.0, 0.0, 0.0, 0.0, 0.0724796419985686, -0.024237766651010864, 0.005221299932354736, -0.20781309625187316, 0.0], [0.0, 0.0, 0.0, 0.0, 0.0, 0.0, 0.0, 0.0, -0.19243105607717548, -0.07219936872458675]])),
    (np.array([0.9821916820358195, 1.341133001580707, 1.4315143000697677, 0.7233239100932367, 0.4414016828060394, 0.2947497996185674, 0.9715921230493351, 1.0804381485317318, 0.3234859065393689, 1.563945748712891]),
     np.array([[0.5228152317882374, 0.0, 0.045686185991907075, -0.830117797551049, 0.4386046591742343, 1.1500651505482535, 0.0, 0.0, 0.0, 0.0], [1.1190388274535916, -0.6110702556918272, -0.2762226877534562, 0.0, 0.15812073564066784, 0.0, 0.0, 0.0, 0.0, 0.0], [0.13188312609676872, -1.0818344640541884, 0.8556319956758026, -0.032252704369277185, -0.19401432794851456, 0.20453554301828084, 0.0, 0.0, 0.0, 0.0], [-0.370669616388201, 0.0, 1.4077277737238332, -0.706030447941314, 0.3020564987328745, 0.17557342433822343, 0.0, 0.0, 0.0, 0.0], [0.8734867431931925, 0.0770610017917452, 0.06970883206064439, -0.36264961260087386, 0.7681110201947189, 0.0, 0.0, 0.0, 0.0, 0.0], [0.0, -0.10117598719861626, 1.0331769273056988, -0.8140905970928044, 0.10119373115780676, 0.4224296575566262, 0.0, 0.0, 0.0, 0.0], [0.0, 0.0, 0.0, 0.0, 0.0, 1.1687324944378852, 0.0, -0.3168683603471625, -0.3346611516154336, 0.30451819777804867], [0.0, 0.0, 0.0, 0.0, 0.0, 0.0, 0.0, 0.3135965034615548, 0.35317765706141363, 0.0], [0.0, 0.0, 0.0, 0.0, 0.0, 0.2230245120178197, 0.31088199208564554, 0.4099128763629497, 0.014204388581277304, 0.0], [0.0, 0.0, 0.0, 0.0, 0.0, 0.0, 0.0, 0.0, 0.9298030336244592, 0.6875745277899773]]),
     np.array([5.741309905726031, 3.870005820599253, 2.4004921348683244, 4.576338881757808, 4.235953632718974, 1.4216638921530067, 14.159862547258756, 2.051985353957519, 1.2743876084838555, 7.400310893647741]),
     np.array([[0.3551065473075644, 0.0, -0.2592146275669604, 0.7676471812453369, -0.27167973130481715, 0.3496261362461988, 0.0, 0.0, 0.0, 0.0], [-0.11445812262235577, -0.4352255709186707, 0.22862767689967695, 0.0, 0.13587147983936204, 0.0, 0.0, 0.0, 0.0, 0.0], [0.12868559611886207, -0.39531843884347523, 0.24072204809038364, -0.6009440615556256, -0.11710692428008115, -0.06792055862446744, 0.0, 0.0, 0.0, 0.0], [-0.042714997636516316, 0.0, -0.18997990154442415, -0.46651790214740185, -0.04078621473693224, 0.16857294611979168, 0.0, 0.0, 0.0, 0.0], [0.09473831281008002, 0.09267208810620547, 0.3089121308222687, -0.8196059314574764, -0.5943083543358169, 0.0, 0.0, 0.0, 0.0, 0.0], [0.0, -0.007200019889910522, 0.03548108030063866, -0.030477808481910017, -0.28001454396951486, -0.14704872071133135, 0.0, 0.0, 0.0, 0.0], [0.0, 0.0, 0.0, 0.0, 0.0, -0.8498777556146303, 0.0, -0.8048067210333117, 0.44288814726098086, -0.19849860685868004], [0.0, 0.0, 0.0, 0.0, 0.0, 0.0, 0.0, -0.0618194894157674, 0.24795064889551738, 0.0], [0.0, 0.0, 0.0, 0.0, 0.0, 0.03987529957047367, 0.02310722581027922, -0.04502414355822896, -0.2749234250586296, 0.0], [0.0, 0.0, 0.0, 0.0, 0.0, 0.0, 0.0, 0.0, -0.17709462795707923, 0.33306310187457844]])),
    (np.array([0.9447019082783448, 1.3831966349668934, 1.4011680982487238, 0.863292521917956, 0.4110403660170076, 0.24539372681464358, 1.0113209806361338, 0.8689666835424016, 0.3260101929491467, 1.6183203844256835]),
     np.array([[0.9831177412864253, 0.0, 0.2680296102681433, -0.9091839389792891, 0.5705376819694269, 0.48393535805268095, 0.0, 0.0, 0.0, 0.0], [1.2306368418181615, -0.8143503356384372, -0.3095687350729391, 0.0, 0.06836527012156429, 0.0, 0.0, 0.0, 0.0, 0.0], [0.15416456090652833, -0.9198608196121268, 0.22811582205159686, 0.1369598375814627, -0.13481738312699848, 0.3282267142266749, 0.0, 0.0, 0.0, 0.0], [-0.4428254413993336, 0.0, 1.1296940937962878, -0.9557760737397607, 0.2236647308648264, 0.1543226623753713, 0.0, 0.0, 0.0, 0.0], [0.7060150632966985, 0.21540317623207253, 0.1707477892635758, -0.3207583690892088, 1.0993086914480443, 0.0, 0.0, 0.0, 0.0, 0.0], [0.0, -0.08095856300048405, 0.9477632638302634, -0.7243813745590262, 0.1310351263202232, 0.19403746722669912, 0.0, 0.0, 0.0, 0.0], [0.0, 0.0, 0.0, 0.0, 0.0, 0.53611835350822, 0.0, -0.24183905607942774, -0.03528214559064372, 0.0990936325556523], [0.0, 0.0, 0.0, 0.0, 0.0, 0.0, 0.0, 0.4812025203832115, 0.6655209299305596, 0.0], [0.0, 0.0, 0.0, 0.0, 0.0, 0.2651402890459464, 0.2572976970943316, 0.48731178305084266, -0.12506665011522342, 0.0], [0.0, 0.0, 0.0, 0.0, 0.0, 0.0, 0.0, 0.0, 0.4553287802329493, 0.6428352950052716]]),
     np.array([5.262372406259001, 3.668140658171066, 1.7230885078273797, 3.1309433911623725, 3.9766085059391134, 1.2787686219129313, 2.687167047843397, 1.4318831988533904, 1.4547737664016465, 4.94091104907253]),
     np.array([[-0.39001234053495754, 0.0, 0.059660634879165605, -0.1268683274356582, -0.7457883746487128, -0.12375034018100894, 0.0, 0.0, 0.0, 0.0], [0.16733929524741856, -0.13466104156352465, -0.012297200606643974, 0.0, -0.05565513849367797, 0.0, 0.0, 0.0, 0.0, 0.0], [0.03710494415392831, 0.17698866251322173, -0.07633819358823772, 0.11785614566311801, -0.03436128286679051, 0.06228589514686398, 0.0, 0.0, 0.0, 0.0], [0.05077777445000977, 0.0, 0.023482910681206014, -0.036033706110894334, 0.3190785415751221, 0.03564824820527655, 0.0, 0.0, 0.0, 0.0], [0.09869910837325366, -0.35957552927092, -0.3639171476719933, -0.1794949898932245, -0.22043786325235074, 0.0, 0.0, 0.0, 0.0, 0.0], [0.0, -0.01214776412141041, 0.10473920560863528, -0.11722304743690454, 0.1127245832068282, -0.36823286883838147, 0.0, 0.0, 0.0, 0.0], [0.0, 0.0, 0.0, 0.0, 0.0, 0.15663993155465608, 0.0, 0.07684122824133853, -0.18888978913544843, -0.0336725490388924], [0.0, 0.0, 0.0, 0.0, 0.0, 0.0, 0.0, 0.00967430456066016, 0.14110043088692092, 0.0], [0.0, 0.0, 0.0, 0.0, 0.0, 0.07588350361053514, 0.05099838079840402, -0.03333886647362732, -0.11500491684449522, 0.0], [0.0, 0.0, 0.0, 0.0, 0.0, 0.0, 0.0, 0.0, 0.4341455294854784, -0.49855195945681885]])),
    (np.array([0.9679662717799736, 1.3322967102894576, 1.1336812887780514, 0.8305983236840574, 0.4357336275264899, 0.3155602648427542, 0.9668361176706142, 0.8775326571065001, 0.22471455651238448, 1.6648393726656072]),
     np.array([[0.7903366430742225, 0.0, 0.0016832418377705752, -0.6914975259610459, 0.2625738367429299, 1.132665126880547, 0.0, 0.0, 0.0, 0.0], [0.9028489439258617, -0.573153509085148, -0.1937391345689748, 0.0, 0.007077730304185112, 0.0, 0.0, 0.0, 0.0, 0.0], [0.251568346218698, -0.9864736390702228, 1.1401566761219797, 0.2503681437699463, -0.1929166824465323, 0.32376253145505496, 0.0, 0.0, 0.0, 0.0], [-0.35565264720902806, 0.0, 1.0842266773354647, -0.770444567494234, 0.32037256902913075, -0.02624440787558949, 0.0, 0.0, 0.0, 0.0], [0.8576948730186083, 0.1500293417819476, 0.19621851090610354, -0.3108156197834615, 0.37887533181105415, 0.0, 0.0, 0.0, 0.0, 0.0], [0.0, -0.08745914257878393, 0.9435418877147479, -0.7523949400778369, 0.03096533076981523, 0.2529694560084801, 0.0, 0.0, 0.0, 0.0], [0.0, 0.0, 0.0, 0.0, 0.0, 0.8717191945933073, 0.0, -0.19993860190090965, -0.04626119779744765, -0.04184944527902146], [0.0, 0.0, 0.0, 0.0, 0.0, 0.0, 0.0, 0.725520750345988, 0.3680610305435376, 0.0], [0.0, 0.0, 0.0, 0.0, 0.0, 0.32125994500102556, 0.2805366001772198, 0.459736147435371, -0.10864556333729126, 0.0], [0.0, 0.0, 0.0, 0.0, 0.0, 0.0, 0.0, 0.0, 0.5702549663061287, 0.572505106689058]]),
     np.array([4.436186901862753, 2.492289779885614, 2.5507945716695613, 3.0370327553038954, 4.385452664416115, 1.5007077893808338, 3.9993926762169276, 1.2360975806025372, 1.2133968218083993, 4.337232591236495]),
     np.array([[-0.34793841402240105, 0.0, 0.2518999481451543, -0.3060500186148154, 0.1371682915412644, -0.31796126422644133, 0.0, 0.0, 0.0, 0.0], [0.2278637645788301, -0.2911635967578533, -0.04664035436876543, 0.0, -0.24391436432159036, 0.0, 0.0, 0.0, 0.0, 0.0], [-0.2944848293795446, -0.15658864903692982, -0.04633927437175297, -0.16424599007978807, -0.2018241852349587, 0.039748112282760296, 0.0, 0.0, 0.0, 0.0], [-0.1635104874683818, 0.0, 0.030639999837020322, -0.7437828318341948, 0.1205082212827226, -0.015273386244895978, 0.0, 0.0, 0.0, 0.0], [-0.014888982334201571, 0.03810924643759807, 0.5395502017553766, -0.380915260570693, 0.020666778251873862, 0.0, 0.0, 0.0, 0.0, 0.0], [0.0, 0.04203183144342429, -0.11279410920055671, -0.034707312477490995, 0.09193565001488253, -0.1581043894612413, 0.0, 0.0, 0.0, 0.0], [0.0, 0.0, 0.0, 0.0, 0.0, 0.2148789066714583, 0.0, -0.1663459996242113, 0.5960908551141747, -0.17802894019982446], [0.0, 0.0, 0.0, 0.0, 0.0, 0.0, 0.0, -0.1249927058840025, 0.010418002605067266, 0.0], [0.0, 0.0, 0.0, 0.0, 0.0, 0.07755865983455543, 0.09052346465078104, 0.007396623163281527, -0.04577923723332832, 0.0], [0.0, 0.0, 0.0, 0.0, 0.0, 0.0, 0.0, 0.0, 0.09115635609522779, -0.2163338190145416]])),
    (np.array([0.9706761475171581, 1.259764874732299, 1.2974603028439533, 0.7189714850956019, 0.40623116566469286, 0.2627842878631723, 1.0570229186359243, 1.0370944716128898, 0.39060530796433923, 1.4763488712226485]),
     np.array([[0.3901202734222827, 0.0, 0.36544856123008385, -0.8136780159802495, 0.5980268319525067, 0.4631677613793578, 0.0, 0.0, 0.0, 0.0], [1.3532058701944065, -0.6174249199495225, -0.2692064349784019, 0.0, 0.2931981671725211, 0.0, 0.0, 0.0, 0.0, 0.0], [0.17398318074632987, -0.9253488078626559, 0.48955151952070713, -0.07088860240804211, -0.21738352340909195, 0.33504477940537947, 0.0, 0.0, 0.0, 0.0], [-0.3988918091245431, 0.0, 1.5444386731382047, -0.6645330154837432, 0.47009962013938567, 0.26863974493271686, 0.0, 0.0, 0.0, 0.0], [1.002937640676196, 0.1545860003447218, 0.15048379185199703, -0.349691037440651, 0.811332459451992, 0.0, 0.0, 0.0, 0.0, 0.0], [0.0, -0.11510032464970786, 1.0004806386980618, -0.7764387254368814, 0.14557654661649871, 0.21263219667980726, 0.0, 0.0, 0.0, 0.0], [0.0, 0.0, 0.0, 0.0, 0.0, 0.7677402821595308, 0.0, -0.1761864052411063, 0.021294291548095, 0.06775817528462336], [0.0, 0.0, 0.0, 0.0, 0.0, 0.0, 0.0, 0.6616487357992301, 0.40881096375676607, 0.0], [0.0, 0.0, 0.0, 0.0, 0.0, 0.29749466218855825, 0.3360847683929613, 0.613709912045411, -0.4572600689786013, 0.0], [0.0, 0.0, 0.0, 0.0, 0.0, 0.0, 0.0, 0.0, 0.2920889262319582, 0.6048254537490368]]),
     np.array([4.813621425464118, 4.707553720002956, 2.1024479686980624, 4.419674774314223, 4.158846579717372, 1.4868379582646432, 5.07652857284517, 1.8135100409641736, 2.0213005070788967, 2.2232064253425787]),
     np.array([[0.09906105106725266, 0.0, -0.20376146372243714, -0.051959983665946334, -0.09771813482260454, 0.1620664189214594, 0.0, 0.0, 0.0, 0.0], [0.4820791771573472, -0.49515262675856403, 0.20313414124461815, 0.0, -0.36136045317361765, 0.0, 0.0, 0.0, 0.0, 0.0], [0.17120750810090044, -0.03136874124989178, 0.10577863415487315, -0.36692461872524806, -0.17637827199469608, 0.33362366136494237, 0.0, 0.0, 0.0, 0.0], [-0.6542841704165906, 0.0, 0.12405527976877584, -0.2672996889961245, -0.011001808363811802, 0.22053844969447892, 0.0, 0.0, 0.0, 0.0], [-0.26317753072303, 0.2506874550298316, 0.017695907164884665, -0.17797018308252735, -0.4112923811217967, 0.0, 0.0, 0.0, 0.0, 0.0], [0.0, -0.07914340555144883, 0.019551683421622543, -0.07169466997732409, 0.2340226384925883, -0.21376049578209239, 0.0, 0.0, 0.0, 0.0], [0.0, 0.0, 0.0, 0.0, 0.0, -0.5607018163312127, 0.0, 0.1754197250094398, -0.489131835268248, 0.17265291526470058], [0.0, 0.0, 0.0, 0.0, 0.0, 0.0, 0.0, -0.07192203552216109, -0.22552275555596774, 0.0], [0.0, 0.0, 0.0, 0.0, 0.0, 0.08474887399379029, 0.06131310848456086, 0.17727133941812642, 0.025284960940778693, 0.0], [0.0, 0.0, 0.0, 0.0, 0.0, 0.0, 0.0, 0.0, 0.02548888346898278, 0.017846411319575324]])),
    (np.array([1.1277646958057808, 1.291566069695698, 1.184954360639847, 0.7969249022230774, 0.4858774240759357, 0.36821453338828397, 1.0872898816429788, 0.961572519077057, 0.3079016869906647, 0.9434677205522132]),
     np.array([[0.33764952101272455, 0.0, 0.052983897394159894, -0.8653313797143265, 0.4122731710050703, 0.4977586377194164, 0.0, 0.0, 0.0, 0.0], [0.8679524629661443, -0.21554201173884927, -0.2420335988230596, 0.0, 0.21273274464535602, 0.0, 0.0, 0.0, 0.0, 0.0], [0.21128743372636352, -0.9531500051087001, 0.5220117036680733, 0.19891665896055352, -0.03163968053111267, 0.4012503184370149, 0.0, 0.0, 0.0, 0.0], [-0.40624645936959347, 0.0, 1.2362709122097555, -0.9282756663821786, 0.16042347842702648, 0.3330004824866557, 0.0, 0.0, 0.0, 0.0], [1.0492039057986513, 0.3886703039731027, 0.2549898843026778, -0.37493819767740005, 0.3491292844121304, 0.0, 0.0, 0.0, 0.0, 0.0], [0.0, -0.1393913834569436, 1.0227290387868546, -0.9208917577000469, 0.12246790742762848, 0.2732545162758491, 0.0, 0.0, 0.0, 0.0], [0.0, 0.0, 0.0, 0.0, 0.0, 0.48091521309613317, 0.0, -0.2040372082078608, -0.06235524859405725, -0.007521925786669914], [0.0, 0.0, 0.0, 0.0, 0.0, 0.0, 0.0, 0.7241508774887421, 0.6677574830518368, 0.0], [0.0, 0.0, 0.0, 0.0, 0.0, 0.46009708995669507, 0.34692700585628183, 0.557001185279567, -0.21461374816319123, 0.0], [0.0, 0.0, 0.0, 0.0, 0.0, 0.0, 0.0, 0.0, 0.1711055845383515, 0.9038046430069557]]),
     np.array([4.448473543627169, 2.8082197192970275, 2.3539786965505227, 3.35525494836132, 6.435224347316537, 1.436335692734085, 2.341341012076908, 3.534616802260561, 2.02706328688493, 0.44303479305605487]),
     np.array([[0.1404417135717128, 0.0, 0.21423770649389445, -0.8098629613716654, 0.07827325799694294, -0.23415815437325374, 0.0, 0.0, 0.0, 0.0], [0.06981567339223746, -0.3740310847416982, -0.07552521917105863, 0.0, -0.10053886916808533, 0.0, 0.0, 0.0, 0.0, 0.0], [-0.4135883883460594, 0.6796231464085623, 0.07336435873839409, -0.2611039991839036, 0.3154902336573341, 0.42272052642896596, 0.0, 0.0, 0.0, 0.0], [-0.09084385360086128, 0.0, 0.21905714944883978, -0.012926207301603104, 0.015373608736471265, 0.09035766985977423, 0.0, 0.0, 0.0, 0.0], [0.38658876217162924, 0.5485871790720673, 0.41260380549287246, -1.7308111638119996, -0.10519955401472457, 0.0, 0.0, 0.0, 0.0, 0.0], [0.0, -0.04828703438228544, -0.15352465886682914, 0.2623505863348028, -0.058289628538727295, 0.17403152061841726, 0.0, 0.0, 0.0, 0.0], [0.0, 0.0, 0.0, 0.0, 0.0, -0.15059026549282062, 0.0, -0.09716431757257178, -0.04473637367263008, -0.09846291739652803], [0.0, 0.0, 0.0, 0.0, 0.0, 0.0, 0.0, -0.2914862448894441, -0.13821482029175264, 0.0], [0.0, 0.0, 0.0, 0.0, 0.0, -0.1513645494754274, 0.03257657249724255, 0.01420536573905426, -0.028301501278093576, 0.0], [0.0, 0.0, 0.0, 0.0, 0.0, 0.0, 0.0, 0.0, -0.0814425054344717, 0.045899988621780685]])),
    (np.array([0.9752209931638676, 1.3749544096554498, 1.2564981146374097, 0.8206952647702594, 0.346505847254668, 0.36417380515053593, 1.1630350175972295, 0.9958691807547185, 0.30375616620152796, 0.7272472989382812]),
     np.array([[0.6396248248165761, 0.0, 0.2443321117888945, -0.8082869320581596, 0.47780189156123726, 0.8693236122264725, 0.0, 0.0, 0.0, 0.0], [0.8443524308788336, -0.7584960216979755, -0.21031777085441622, 0.0, -0.04870303036034652, 0.0, 0.0, 0.0, 0.0, 0.0], [0.21439965233789227, -0.9986566787799371, 0.7639214511447261, 0.05760058513301671, -0.03153988044675765, 0.17947601052979695, 0.0, 0.0, 0.0, 0.0], [-0.43135452930353546, 0.0, 1.2140290787625465, -0.7948992874678322, 0.2783008192735549, -0.035919910578885494, 0.0, 0.0, 0.0, 0.0], [1.0109997916649998, 0.16543880544343964, 0.2032651224369217, -0.30405525439258374, 0.7672982956369898, 0.0, 0.0, 0.0, 0.0, 0.0], [0.0, -0.17461945437095303, 1.0251148731769695, -0.8971649001505336, 0.1387452185595745, 0.30399024520449464, 0.0, 0.0, 0.0, 0.0], [0.0, 0.0, 0.0, 0.0, 0.0, 0.498757488890923, 0.0, -0.25083660796587043, -0.16111215502351842, 0.03026368888280123], [0.0, 0.0, 0.0, 0.0, 0.0, 0.0, 0.0, 0.4459463216246635, 0.599371301903901, 0.0], [0.0, 0.0, 0.0, 0.0, 0.0, 0.37441955421541406, 0.3700425282179022, 0.6154267183497404, -0.1442982631270192, 0.0], [0.0, 0.0, 0.0, 0.0, 0.0, 0.0, 0.0, 0.0, 0.18650866710237193, 1.0055643595121009]]),
     np.array([7.973507858922399, 3.180519296649949, 2.2882652331080116, 3.594695955082515, 3.312707411684038, 1.3965311355718066, 2.2242782707945667, 1.9318372878340304, 2.164354397932292, 0.3717848829471856]),
     np.array([[-0.2910148553752263, 0.0, 0.08272240137144754, -1.3538807124232661, 0.03000355975792527, 0.2754441968021319, 0.0, 0.0, 0.0, 0.0], [-0.03483057686495437, 0.15406040773078852, -0.018313403026706046, 0.0, -0.25910590713943904, 0.0, 0.0, 0.0, 0.0, 0.0], [0.0648180504223142, -0.05509503498651719, -0.2820303083874334, -0.1263224549591435, 0.21203887870216945, -0.062232345808909954, 0.0, 0.0, 0.0, 0.0], [-0.18263246552944004, 0.0, 0.18537589868937104, -0.44112856620759056, 0.0441314872675208, -0.2874633440693636, 0.0, 0.0, 0.0, 0.0], [0.08965357310706605, -0.47008245827087536, 0.2044669229005675, -0.4594297424168802, -0.13351364654703865, 0.0, 0.0, 0.0, 0.0, 0.0], [0.0, -0.07596392771593699, -0.13420122870783704, 0.03963150205586962, -0.04049629061092723, 0.08691409061833766, 0.0, 0.0, 0.0, 0.0], [0.0, 0.0, 0.0, 0.0, 0.0, -0.018807178212751147, 0.0, 0.08048102147276662, -0.11939058081414028, -0.21216051967114088], [0.0, 0.0, 0.0, 0.0, 0.0, 0.0, 0.0, 0.08327445912100705, 0.1374872334912676, 0.0], [0.0, 0.0, 0.0, 0.0, 0.0, 0.2234591166243257, 0.0214485647334265, -0.002400984661187712, 0.04958804836635704, 0.0], [0.0, 0.0, 0.0, 0.0, 0.0, 0.0, 0.0, 0.0, -0.03308216851024547, 0.05381930555825566]])),
    (np.array([1.0849556591391818, 1.298968917398752, 1.1917475095536816, 0.8353946795361776, 0.3978767290702464, 0.29608448232469364, 0.9734423869361564, 1.0974962671106685, 0.22103712093533184, 1.5489244595416618]),
     np.array([[0.3064395010905788, 0.0, 0.3007782526870638, -0.8330238784110675, 0.32504124583040134, 0.42432581861652974, 0.0, 0.0, 0.0, 0.0], [1.0250963665521409, -0.4934905390417048, -0.2232372901080638, 0.0, 0.14275950131796805, 0.0, 0.0, 0.0, 0.0, 0.0], [0.0601945065354186, -0.8854194596615378, 0.5709103617760204, 0.006783572862932659, -0.01507884612495021, 0.265240131840086, 0.0, 0.0, 0.0, 0.0], [-0.4241180910427214, 0.0, 1.3732010498555127, -0.8923010677585302, 0.13344373778357663, 0.23207671243190187, 0.0, 0.0, 0.0, 0.0], [1.1210535735266085, 0.27022916067601704, 0.07727351589827307, -0.17509962471144552, 0.880636214012828, 0.0, 0.0, 0.0, 0.0, 0.0], [0.0, -0.12759762373655578, 1.121162709050363, -0.9515678892001481, 0.08111400567821715, 0.4660759540752433, 0.0, 0.0, 0.0, 0.0], [0.0, 0.0, 0.0, 0.0, 0.0, 0.766745846256486, 0.0, -0.22834712658174358, -0.03022926537566906, 0.05671280130009887], [0.0, 0.0, 0.0, 0.0, 0.0, 0.0, 0.0, 0.17094035883147055, 0.9020244068119833, 0.0], [0.0, 0.0, 0.0, 0.0, 0.0, 0.5174570164468609, 0.26825016432756776, 0.5401922149046776, 0.13851478512905976, 0.0], [0.0, 0.0, 0.0, 0.0, 0.0, 0.0, 0.0, 0.0, 0.6225416305163952, 0.6886871166048834]]),
     np.array([5.684272417760916, 2.2757016154573155, 2.4567328734584932, 3.4158813667384718, 5.694026969525388, 1.8058130534694317, 4.203123142499672, 5.464933522898123, 1.552648787679732, 2.5176986040893254]),
     np.array([[-0.09767888941802845, 0.0, -0.518204426707513, 0.05755934572346057, 0.48444491213979574, 0.895052100631928, 0.0, 0.0, 0.0, 0.0], [0.16899761029913496, -0.18982023224935834, -0.024761654795700663, 0.0, -0.08251634673489072, 0.0, 0.0, 0.0, 0.0, 0.0], [-0.14894488530597166, 0.10180971557893592, -0.027708117597094246, 0.43959885324282905, -0.14814690475755246, 0.47633654922609436, 0.0, 0.0, 0.0, 0.0], [0.28950900396466306, 0.0, -0.14797372711011272, 0.1580855964183399, -0.3605205213352562, 0.15908035046382774, 0.0, 0.0, 0.0, 0.0], [-0.19917576114294286, 0.32111704438961375, 0.48391585878816124, 0.04444608812861685, -0.013450268518576754, 0.0, 0.0, 0.0, 0.0, 0.0], [0.0, -0.10009960418321211, -0.1039747028988875, 0.13125161896370577, -0.13389122310461057, -0.12118091954039456, 0.0, 0.0, 0.0, 0.0], [0.0, 0.0, 0.0, 0.0, 0.0, 0.03556532863603558, 0.0, -0.13534869423441448, -0.06411148510273751, 0.2022937833174575], [0.0, 0.0, 0.0, 0.0, 0.0, 0.0, 0.0, 0.24309904862010817, -0.2959903868767323, 0.0], [0.0, 0.0, 0.0, 0.0, 0.0, 0.07667091925860522, -0.02374711508682342, -0.048156758536999175, -0.27175238309572974, 0.0], [0.0, 0.0, 0.0, 0.0, 0.0, 0.0, 0.0, 0.0, -0.17462971745899916, -0.3090934951647883]])),
    (np.array([0.9412843850447309, 1.2874522813233462, 1.1475752858334, 0.8696403402116543, 0.4389971435088456, 0.30588669987836625, 1.1384790166097893, 0.8231125793545626, 0.37170969459861863, 1.0527835029663857]),
     np.array([[0.6884285075860349, 0.0, 0.08654686034438427, -0.8113912674335697, 0.7117858324331156, 1.3003887614134446, 0.0, 0.0, 0.0, 0.0], [1.2320669486181286, -0.36197776042538127, -0.1431357696962747, 0.0, 0.2734555476400409, 0.0, 0.0, 0.0, 0.0, 0.0], [0.20205238873899914, -0.9319534001080308, 0.3543502135195503, 0.07774141072447673, -0.048542825661676295, 0.4919961920623446, 0.0, 0.0, 0.0, 0.0], [-0.5072844669972678, 0.0, 1.0985323586626965, -0.9984607674301161, 0.24326077026911344, 0.292124801864108, 0.0, 0.0, 0.0, 0.0], [0.9142300616366462, -0.04302598161595728, 0.24199051695140145, -0.3197595060073951, 0.8383518885764428, 0.0, 0.0, 0.0, 0.0, 0.0], [0.0, -0.1651685033900773, 0.9689636580297687, -0.7994519413404524, 0.14702052878849858, 0.24071117549149787, 0.0, 0.0, 0.0, 0.0], [0.0, 0.0, 0.0, 0.0, 0.0, 0.4715305396574853, 0.0, -0.23834992740338506, -0.24113110529622753, -0.010379970641599097], [0.0, 0.0, 0.0, 0.0, 0.0, 0.0, 0.0, 0.8315768062186464, 0.3816748885488578, 0.0], [0.0, 0.0, 0.0, 0.0, 0.0, 0.22976186927772854, 0.2821805776045937, 0.48569728765944015, -0.06714572481419256, 0.0], [0.0, 0.0, 0.0, 0.0, 0.0, 0.0, 0.0, 0.0, 0.3013141808618529, 1.0670771361443383]]),
     np.array([8.924539069619753, 3.0454297173551526, 2.395745670558964, 3.5167781933740887, 3.3870650274687177, 1.4550526006234703, 3.0917348680192873, 1.2607737137417772, 1.5030120246740657, 0.9436731021526564]),
     np.array([[0.19114172764600196, 0.0, -0.1473017146776115, 2.008792780676216, -1.279441297225259, 1.572260058020418, 0.0, 0.0, 0.0, 0.0], [0.09544439774930233, -0.4692525774011409, -0.09807547440874828, 0.0, 0.08233927089496658, 0.0, 0.0, 0.0, 0.0, 0.0], [-0.09960264667716379, 0.350526828929306, 0.06896630387517165, 0.23367925873206793, -0.13624716489570057, 0.031670570216484166, 0.0, 0.0, 0.0, 0.0], [-0.07627016580451451, 0.0, 0.05989271723819872, -0.23068732687616028, 0.240595728494203, 0.07483574130873225, 0.0, 0.0, 0.0, 0.0], [-0.3190349094055232, -0.15053758415332963, 0.01497217680541235, -0.20200075589093008, -0.007492266660341477, 0.0, 0.0, 0.0, 0.0, 0.0], [0.0, 0.045301596388545896, 0.1736466142316359, -0.2640948834761603, -0.09149971829702516, -0.04199977638564934, 0.0, 0.0, 0.0, 0.0], [0.0, 0.0, 0.0, 0.0, 0.0, -0.13117964722745346, 0.0, 0.17125038112578583, 0.04433099775794364, -0.052566056059324254], [0.0, 0.0, 0.0, 0.0, 0.0, 0.0, 0.0, -0.0632538189553787, -0.14816452968831187, 0.0], [0.0, 0.0, 0.0, 0.0, 0.0, -0.008277408423936105, -0.1652834140504736, -0.056122929169477094, 0.16111593568616608, 0.0], [0.0, 0.0, 0.0, 0.0, 0.0, 0.0, 0.0, 0.0, 0.07956987326355779, -0.06568900036597777]])),
    (np.array([0.9932312829912514, 1.3305819491862705, 1.2783536660263177, 0.7435356345378114, 0.3646216546561209, 0.2944914741044934, 1.1431279350359727, 1.0263472879376132, 0.25654676780001767, 1.5669205583104502]),
     np.array([[0.5700956589008537, 0.0, 0.25758310695241227, -0.6998855386718585, 0.4423893657908919, 0.29536225375896236, 0.0, 0.0, 0.0, 0.0], [1.0995734765317136, -0.5621278184930725, -0.30262905546031127, 0.0, 0.4091198825728518, 0.0, 0.0, 0.0, 0.0, 0.0], [0.1338601464182551, -0.9511536688936948, 0.6755823336482925, 0.016499414079511873, -0.09941084209494438, 0.4536441518086525, 0.0, 0.0, 0.0, 0.0], [-0.3787026622656846, 0.0, 1.2361210384633987, -0.8372150666390563, 0.26596381265795943, 0.1923104472778817, 0.0, 0.0, 0.0, 0.0], [1.0067524700546466, 0.2722342381928947, 0.3526371628790605, -0.3065321145192298, 0.978014352104463, 0.0, 0.0, 0.0, 0.0, 0.0], [0.0, -0.1206575354015664, 1.130268395170989, -0.8906172611659015, 0.17110442017262303, 0.1309671867394618, 0.0, 0.0, 0.0, 0.0], [0.0, 0.0, 0.0, 0.0, 0.0, 1.025093721320963, 0.0, -0.25363508859812783, -0.22467590509959307, -0.053770834930110895], [0.0, 0.0, 0.0, 0.0, 0.0, 0.0, 0.0, 0.5609983986516383, 0.7383538478513437, 0.0], [0.0, 0.0, 0.0, 0.0, 0.0, 0.28416487512607097, 0.35802450349455556, 0.5469308810865485, -0.17047061606542716, 0.0], [0.0, 0.0, 0.0, 0.0, 0.0, 0.0, 0.0, 0.0, 0.5407761115085254, 0.5140546214186137]]),
     np.array([3.278970332569622, 3.7672428268923253, 2.272101099393437, 3.763696448624894, 4.561871110176198, 1.3653578539133595, 3.7718562216230254, 3.360979438140251, 1.6515939853673116, 3.5798140629890334]),
     np.array([[-0.40315026238917007, 0.0, 0.07401120555947, -0.4870009303216671, -0.4438387476739276, 0.5106887402314781, 0.0, 0.0, 0.0, 0.0], [0.16431802525356975, -0.2593460237045967, -0.009783746326801228, 0.0, -0.5347126199410139, 0.0, 0.0, 0.0, 0.0, 0.0], [0.02953715689611354, -0.36934784403047427, 0.032483777613472306, 0.14526466550187678, 0.3051788255118186, -0.08511178400814319, 0.0, 0.0, 0.0, 0.0], [0.08261954143820456, 0.0, 0.06412179008048154, -0.11450375805913154, -0.10637849279627495, -0.06390089477978819, 0.0, 0.0, 0.0, 0.0], [0.39693889845247726, -0.0790048929446845, 0.41399562611451113, -1.288052523750385, -0.5575847550502951, 0.0, 0.0, 0.0, 0.0, 0.0], [0.0, -0.009204236031820521, 0.03479198685521958, -0.11151815695231919, 0.039309166063345016, 0.20535632803687245, 0.0, 0.0, 0.0, 0.0], [0.0, 0.0, 0.0, 0.0, 0.0, -0.323265126421505, 0.0, 0.2834081275624693, 0.07505060040184573, -0.1969159428687066], [0.0, 0.0, 0.0, 0.0, 0.0, 0.0, 0.0, 0.0716282080073526, -0.1935471668974503, 0.0], [0.0, 0.0, 0.0, 0.0, 0.0, -0.06481836253280557, 0.0912946771126382, -0.006895755724830767, 0.052214640370566646, 0.0], [0.0, 0.0, 0.0, 0.0, 0.0, 0.0, 0.0, 0.0, -0.2712333942122207, 0.15172459445901423]])),
    (np.array([0.8976264347285559, 1.4298434353866643, 1.2855940232695278, 0.7728704847520754, 0.4926990278890298, 0.309950967769045, 1.0931303413429883, 0.8907567657842346, 0.391294639154023, 1.5430816120880158]),
     np.array([[0.7021986364479023, 0.0, 0.22230442522775412, -0.5447630492358809, 0.49616405737992714, 0.3160989973763946, 0.0, 0.0, 0.0, 0.0], [1.1416434922996286, -0.8882095810959261, -0.3263231344192884, 0.0, -0.06993449539959896, 0.0, 0.0, 0.0, 0.0, 0.0], [0.2597001635584889, -0.9146404255821576, 0.49394541265388275, 0.054671118811202214, -0.15603101312365233, 0.10380910443933355, 0.0, 0.0, 0.0, 0.0], [-0.4059335844091013, 0.0, 1.445285666210156, -0.7710099097921811, 0.06749933113121785, 0.41742639861397896, 0.0, 0.0, 0.0, 0.0], [1.0877441690036367, 0.1908731501126675, 0.21143551558555473, -0.5369627177613941, 0.6366613536659342, 0.0, 0.0, 0.0, 0.0, 0.0], [0.0, -0.1446308808452075, 1.0061023770598738, -0.7985987262608458, 0.05926647826591438, 0.09976195292232999, 0.0, 0.0, 0.0, 0.0], [0.0, 0.0, 0.0, 0.0, 0.0, 0.7409720880909967, 0.0, -0.10024991640698695, -0.051176200792825484, -0.04801029781898781], [0.0, 0.0, 0.0, 0.0, 0.0, 0.0, 0.0, 0.8512394060532299, 0.670537647967057, 0.0], [0.0, 0.0, 0.0, 0.0, 0.0, 0.3168979345601212, 0.3049790283213443, 0.4066324497612167, -0.28336984633599127, 0.0], [0.0, 0.0, 0.0, 0.0, 0.0, 0.0, 0.0, 0.0, 0.35037986200125903, 0.6828694347597357]]),
     np.array([4.68211160263247, 2.765593610190731, 2.0201155201214007, 4.163501266043208, 4.861846775833134, 1.3241185473660984, 2.181274677829535, 1.9171660905902999, 1.9789253796740298, 2.394916905419488]),
     np.array([[0.2811554231553503, 0.0, -0.23248914713006535, 0.20429656251158265, 0.015947741175156366, 0.00899130854002655, 0.0, 0.0, 0.0, 0.0], [0.10166088513331387, -0.26212374401173644, 0.261152532208394, 0.0, 0.1582231920094627, 0.0, 0.0, 0.0, 0.0, 0.0], [0.48735463603527523, -0.5316781888120004, -0.02117971147695642, 0.07546832017429499, 0.0626227623464961, -0.1156620747151871, 0.0, 0.0, 0.0, 0.0], [0.041232046077510846, 0.0, -0.05714006550057137, 0.09760948549228597, 0.15486184791779, -0.07535405780803545, 0.0, 0.0, 0.0, 0.0], [-0.31086214084342656, -0.16744175220417587, 1.026116744295896, -0.32003375110710014, 0.1762931047478986, 0.0, 0.0, 0.0, 0.0, 0.0], [0.0, 0.17705816173657526, -0.04898095102105527, 0.010926013512455127, 0.06462561432980507, 0.05760746203361335, 0.0, 0.0, 0.0, 0.0], [0.0, 0.0, 0.0, 0.0, 0.0, -0.09592786906450243, 0.0, -0.07833509215435527, -0.12900633768937414, -0.1943540366014189], [0.0, 0.0, 0.0, 0.0, 0.0, 0.0, 0.0, -0.2000391917453433, -0.14815810172914545, 0.0], [0.0, 0.0, 0.0, 0.0, 0.0, -0.017405735092778974, -0.10012113492158793, 0.11966421794345583, 0.23040502290074572, 0.0], [0.0, 0.0, 0.0, 0.0, 0.0, 0.0, 0.0, 0.0, -0.11732413978043478, -0.020665957374012733]])),
    (np.array([1.0821816887613556, 1.3286328016807338, 1.2004637374419342, 0.7903728802284139, 0.44808990675163984, 0.25988365223109783, 1.1456501156837922, 1.0549681227331293, 0.3259829059041252, 1.6382493302510182]),
     np.array([[0.8249526967158594, 0.0, 0.1806629915936876, -1.0568448614572947, 0.6838207626493528, 1.0091446563579842, 0.0, 0.0, 0.0, 0.0], [1.0533931806088253, -0.8731677229555583, -0.19462343545594626, 0.0, 0.15301519104536346, 0.0, 0.0, 0.0, 0.0, 0.0], [0.12029143760009704, -1.109971230492959, 0.3754894258743195, 0.31338006167844323, 0.08990376072678244, 0.24110279286432887, 0.0, 0.0, 0.0, 0.0], [-0.506250843682095, 0.0, 1.520696433567181, -0.877811544935991, 0.11143615534930605, 0.4053360659479568, 0.0, 0.0, 0.0, 0.0], [1.0475566138109385, 0.18050992182648118, 0.23832864254961206, -0.32773299474552053, 0.890368442542449, 0.0, 0.0, 0.0, 0.0, 0.0], [0.0, -0.0907049118979711, 1.0040301608576, -0.7712693596111013, 0.12007861871917633, 0.12791175877614783, 0.0, 0.0, 0.0, 0.0], [0.0, 0.0, 0.0, 0.0, 0.0, 0.18840982563521347, 0.0, -0.11615239347583865, -0.045158875378773035, 0.04161135318924587], [0.0, 0.0, 0.0, 0.0, 0.0, 0.0, 0.0, 0.8239030444441714, 0.48506282730258005, 0.0], [0.0, 0.0, 0.0, 0.0, 0.0, 0.34589173744825774, 0.47819674045390925, 0.4552606256843498, -0.19614562195210097, 0.0], [0.0, 0.0, 0.0, 0.0, 0.0, 0.0, 0.0, 0.0, 0.23385401123364113, 0.5031257655091835]]),
     np.array([8.33246770810554, 4.111877444096154, 2.585851977390078, 5.3491129773165405, 4.813510186039127, 1.5128055411797208, 0.6111397306121338, 3.0526541513526224, 1.8390049830398052, 3.730533315269234]),
     np.array([[-0.47499586078594885, 0.0, 0.2863777417196406, -0.9152722534120753, 0.26122912459248027, -1.4668894073280718, 0.0, 0.0, 0.0, 0.0], [-0.08304806397452683, 0.09108801516741123, 0.5635437712709762, 0.0, 0.27957486823072847, 0.0, 0.0, 0.0, 0.0, 0.0], [0.3729143789722602, 0.4067505280527615, 0.019673062150597522, 0.07259879701043923, 0.12006275887519444, 0.29185259595796753, 0.0, 0.0, 0.0, 0.0], [-0.21246932623094153, 0.0, 0.14297145767843034, -0.3155575755036059, -0.331817107460572, -0.08637624478612764, 0.0, 0.0, 0.0, 0.0], [0.2030844304733359, 0.0665922096755179, -0.06975488344988028, -0.7958372981538706, -0.18156337342543905, 0.0, 0.0, 0.0, 0.0, 0.0], [0.0, 0.2789733032561348, -0.14074874530174014, 0.22107662430404704, 0.08619391049951702, -0.2212530050137198, 0.0, 0.0, 0.0, 0.0], [0.0, 0.0, 0.0, 0.0, 0.0, 0.19773822553540393, 0.0, 0.09805483382376402, -0.20187389939220318, -0.08766622759717152], [0.0, 0.0, 0.0, 0.0, 0.0, 0.0, 0.0, -0.14187376259977486, -0.14386357442389835, 0.0], [0.0, 0.0, 0.0, 0.0, 0.0, 0.09170599800552691, -0.10829399007220351, -0.022557430668355333, 0.3517613375000035, 0.0], [0.0, 0.0, 0.0, 0.0, 0.0, 0.0, 0.0, 0.0, 0.6760544504567685, -0.21385134641672673]])),
    (np.array([0.9627897225625625, 1.202531427149435, 1.2671089698582096, 0.8004138859213908, 0.3859116921796513, 0.38091749093154753, 0.9542654966996683, 1.0509281332949043, 0.2802702473397105, 1.534630864071859]),
     np.array([[0.8231977726968692, 0.0, 0.2836202979926127, -0.7885066949770632, 0.3471361932545702, 0.748163811348402, 0.0, 0.0, 0.0, 0.0], [0.969722469065677, -0.5358843523871492, -0.10801456434412966, 0.0, 0.302939011270017, 0.0, 0.0, 0.0, 0.0, 0.0], [0.12875207533801142, -1.037053127652448, 0.7417859026435467, 0.07813813669227279, -0.08213665795537757, 0.20693320761331438, 0.0, 0.0, 0.0, 0.0], [-0.4770122887847062, 0.0, 1.54991177585692, -0.8129711408947413, 0.18470675176747015, 0.11981723000895561, 0.0, 0.0, 0.0, 0.0], [1.15894785090902, 0.176334203921792, 0.2437409126686484, -0.3669200409808861, 0.7128121982460641, 0.0, 0.0, 0.0, 0.0, 0.0], [0.0, -0.1240677334553706, 0.9269248997501288, -0.8539716812196557, 0.12182687297377894, 0.08320807032061206, 0.0, 0.0, 0.0, 0.0], [0.0, 0.0, 0.0, 0.0, 0.0, 0.7273253240901522, 0.0, -0.18782770227996348, -0.03380116765810263, 0.013538019584238612], [0.0, 0.0, 0.0, 0.0, 0.0, 0.0, 0.0, 0.47906432157740264, 0.43235716204875485, 0.0], [0.0, 0.0, 0.0, 0.0, 0.0, 0.3629584751815329, 0.23733288820739176, 0.5004959373564886, -0.07866435712149643, 0.0], [0.0, 0.0, 0.0, 0.0, 0.0, 0.0, 0.0, 0.0, 0.33113617249142524, 0.5518519389586843]]),
     np.array([6.897241139981948, 2.278470263215071, 2.388813961959421, 4.326182423160546, 4.758836728933584, 1.228754810530723, 2.1556804475037894, 1.7849002364909767, 1.4738106950605014, 2.432935937217791]),
     np.array([[-0.7131130611390757, 0.0, 0.0407694242348184, -0.549228975436002, 0.12830700659604666, 0.3830863974939389, 0.0, 0.0, 0.0, 0.0], [0.03697478807851427, 0.04594146921564705, 0.14838961899703654, 0.0, -0.24209534235374178, 0.0, 0.0, 0.0, 0.0, 0.0], [0.11422881984568715, -0.16032390318575593, 0.18200565186637624, -0.319465831655927, 0.09077688993932417, -0.17837218515630113, 0.0, 0.0, 0.0, 0.0], [0.1607715305015952, 0.0, -0.00042052031474839474, -0.041368554063660766, -0.26309480894024223, -0.060999372295191076, 0.0, 0.0, 0.0, 0.0], [-0.07278862903499456, 0.04850517133738891, 0.35305278613909286, -0.04767926045966575, 0.05860780862049115, 0.0, 0.0, 0.0, 0.0, 0.0], [0.0, 0.037739505602122365, -0.08030805771395272, 0.07290223449144116, 0.07466529808456815, -0.031646864054511004, 0.0, 0.0, 0.0, 0.0], [0.0, 0.0, 0.0, 0.0, 0.0, -0.09225797809111615, 0.0, 0.15303288888107752, 0.10531320351614777, -0.10762462899940171], [0.0, 0.0, 0.0, 0.0, 0.0, 0.0, 0.0, 0.0314030785554521, -0.036300922388869755, 0.0], [0.0, 0.0, 0.0, 0.0, 0.0, 0.04273197999063076, -0.018704003029357406, -0.02084100324228079, 0.04694912285525826, 0.0], [0.0, 0.0, 0.0, 0.0, 0.0, 0.0, 0.0, 0.0, 0.33755114693142435, -0.11708016250944726]])),
    (np.array([0.9630307258834915, 1.2444442734826708, 1.3217123956928392, 0.7645159533962905, 0.48818003214513356, 0.2625459074569297, 1.0271433413500812, 0.7178442318469548, 0.29640244746851696, 1.5915410416158569]),
     np.array([[0.4004013193097975, 0.0, 0.22199676944323032, -0.778860707735529, 0.9081595755554817, 0.6053506233211121, 0.0, 0.0, 0.0, 0.0], [1.2275000107242506, -0.6371355429407778, -0.17144124974689598, 0.0, 0.11851242583101541, 0.0, 0.0, 0.0, 0.0, 0.0], [0.2392173655406824, -1.049141969708979, 0.6495179672707089, 0.06919166215320029, -0.0852934455182858, 0.3705342356367406, 0.0, 0.0, 0.0, 0.0], [-0.30251212261252924, 0.0, 1.3735116121846846, -0.7021069831847139, 0.09063217686570402, 0.07902554203614451, 0.0, 0.0, 0.0, 0.0], [1.0644368386466225, 0.16705520369960908, -0.012718238937461943, -0.39071033236683506, 0.8520800712974955, 0.0, 0.0, 0.0, 0.0, 0.0], [0.0, -0.07631656707667314, 0.9626172851439406, -0.7418069387952267, 0.11000304615753154, 0.6392810202912209, 0.0, 0.0, 0.0, 0.0], [0.0, 0.0, 0.0, 0.0, 0.0, 0.5712664198121784, 0.0, -0.08270659595349421, -0.2454423466545597, -0.00030335337093290995], [0.0, 0.0, 0.0, 0.0, 0.0, 0.0, 0.0, 0.3823617514341733, 0.2842796173160849, 0.0], [0.0, 0.0, 0.0, 0.0, 0.0, 0.33033100433668733, 0.23320296259233853, 0.4437870531537608, 0.07953011618076479, 0.0], [0.0, 0.0, 0.0, 0.0, 0.0, 0.0, 0.0, 0.0, 0.32951734082733053, 0.6497805840907859]]),
     np.array([5.571596128712673, 3.456476956157694, 2.2296233782139665, 3.387133441424269, 5.246735836657758, 1.320484672171224, 1.5497240710784217, 0.4759336215395979, 1.3969627729872338, 3.4987604233019316]),
     np.array([[-0.12374917083120113, 0.0, 0.5991086342597902, 0.3549080813115311, -0.04285726440629632, 0.5750788611475888, 0.0, 0.0, 0.0, 0.0], [-0.02990307181310864, -0.27269306079528033, 0.5070267518517295, 0.0, 0.1975065057522777, 0.0, 0.0, 0.0, 0.0, 0.0], [-0.13108581470193215, -0.08508585925496771, 0.12053263787760389, 0.0036677726410370166, -0.2928326891882708, -0.09040580046933186, 0.0, 0.0, 0.0, 0.0], [-0.18106009309561433, 0.0, -0.06037378873881059, -0.6521447971326096, 0.16665111585109857, -0.06815003889678355, 0.0, 0.0, 0.0, 0.0], [-0.009431874040711259, 0.06159865631393378, 0.4718847393925598, -0.31308578226913086, -1.0930387167696607, 0.0, 0.0, 0.0, 0.0, 0.0], [0.0, -0.18539675753302984, -0.07270412052498151, -0.21455347895637752, -0.038321784962399526, -0.09663969295483701, 0.0, 0.0, 0.0, 0.0], [0.0, 0.0, 0.0, 0.0, 0.0, -0.04335739399288144, 0.0, 0.02033440192743321, 0.14798965545583562, -0.004602058801384282], [0.0, 0.0, 0.0, 0.0, 0.0, 0.0, 0.0, -0.0006977734577945091, 0.1503324677607807, 0.0], [0.0, 0.0, 0.0, 0.0, 0.0, -0.14789055663733952, -0.06650199405172491, 0.03533166950666605, -0.21367305909827883, 0.0], [0.0, 0.0, 0.0, 0.0, 0.0, 0.0, 0.0, 0.0, 0.0811918575803506, -0.27325080884727965]])),
    (np.array([0.9987694169079845, 1.331141336026341, 1.31890123154764, 0.7319624494685034, 0.37844569366429665, 0.3486393579962297, 1.0538758545208702, 0.9581767197554941, 0.357847294909515, 1.0888329230511142]),
     np.array([[0.8856298091225424, 0.0, 0.07386966515493124, -0.7799176118320691, 0.5402041887494451, 1.141331830192943, 0.0, 0.0, 0.0, 0.0], [0.8718215665611248, -0.49862663990045986, -0.26427907176713955, 0.0, 0.278769810910606, 0.0, 0.0, 0.0, 0.0, 0.0], [0.2805677776144652, -1.0338517123010131, 1.108016899732262, 0.05150808148569116, -0.20546756490728366, 0.19215330185935517, 0.0, 0.0, 0.0, 0.0], [-0.37956529009366957, 0.0, 1.3203838005674466, -0.7168312556145863, 0.1659509193950477, 0.1851555435295869, 0.0, 0.0, 0.0, 0.0], [1.069276324095444, 0.23398224165938214, 0.229093180805407, -0.40373514580233905, 0.5623358733480343, 0.0, 0.0, 0.0, 0.0, 0.0], [0.0, -0.16236605607277557, 0.9777872046541491, -0.8273168267075836, 0.1108668543694848, 0.31537042820995764, 0.0, 0.0, 0.0, 0.0], [0.0, 0.0, 0.0, 0.0, 0.0, 0.6588120810306549, 0.0, -0.2647676780767904, -0.2830680658604306, 0.030325191095903804], [0.0, 0.0, 0.0, 0.0, 0.0, 0.0, 0.0, 0.5347275737177913, 0.5326504858961781, 0.0], [0.0, 0.0, 0.0, 0.0, 0.0, 0.3424098472293214, 0.24362302572105504, 0.4775436390646523, -0.27673150802535973, 0.0], [0.0, 0.0, 0.0, 0.0, 0.0, 0.0, 0.0, 0.0, 0.27152553549839414, 1.2154406278532046]]),
     np.array([6.521305224236745, 2.8040492023346286, 2.3872120474712335, 3.600928483281743, 4.075003474274984, 1.4428736041549326, 5.504318517271356, 1.9102120160073939, 1.6372944530601066, 0.8279383190829387]),
     np.array([[-0.7791105135403414, 0.0, 0.016008133609268695, 0.8413192446520338, -0.8966671699556036, 0.018800450601409672, 0.0, 0.0, 0.0, 0.0], [0.14207648642779144, -0.2668064631432064, -0.05501040335882235, 0.0, 0.08553559588473218, 0.0, 0.0, 0.0, 0.0, 0.0], [-0.18044365794347667, -0.3586155471662536, -0.22678763225706666, -0.123579836538364, -0.1342123123307767, -0.04128252435992199, 0.0, 0.0, 0.0, 0.0], [0.021672393399846567, 0.0, -0.06659947849974372, -0.4979560698987132, -0.003398336768594561, 0.010238766447317384, 0.0, 0.0, 0.0, 0.0], [0.11409878513240088, -0.0128024958439083, 0.1021953498868615, -0.8126864983775944, 0.11683251081091933, 0.0, 0.0, 0.0, 0.0, 0.0], [0.0, 0.024102519015338546, -0.08884944068300224, -0.16222464920348328, -0.004146548598502338, -0.12443109116319252, 0.0, 0.0, 0.0, 0.0], [0.0, 0.0, 0.0, 0.0, 0.0, 0.6693783033385748, 0.0, 0.0317711761733029, -0.6001381090645617, -0.4967818245680864], [0.0, 0.0, 0.0, 0.0, 0.0, 0.0, 0.0, 0.10589272328809245, -0.1313010425936411, 0.0], [0.0, 0.0, 0.0, 0.0, 0.0, 0.04392642413454142, -0.03453678496725746, 0.08905825758142974, 0.016822031800613486, 0.0], [0.0, 0.0, 0.0, 0.0, 0.0, 0.0, 0.0, 0.0, -0.17859592192025558, -0.03530649053713514]])),
    (np.array([0.9825520660552786, 1.3809949552661713, 1.2251423825978682, 0.6935711193965107, 0.5078795275896882, 0.36173015903324773, 1.1236605705807243, 1.0776216644005066, 0.3214915962451781, 1.6284764613245661]),
     np.array([[0.40049436461502, 0.0, 0.31597914397307786, -0.7185487982069498, 0.587207590510383, 0.42928340447176694, 0.0, 0.0, 0.0, 0.0], [0.9174148474738687, -0.5922681327349267, -0.239251260907465, 0.0, 0.35630959024154035, 0.0, 0.0, 0.0, 0.0, 0.0], [0.3109248934783107, -1.0378360186951872, 0.1913951323055068, 0.11294118022211658, -0.13798702908325158, 0.18272717231590627, 0.0, 0.0, 0.0, 0.0], [-0.33571717228033354, 0.0, 1.252308118785841, -0.6587340077409655, 0.40843705119476453, 0.08266582707559376, 0.0, 0.0, 0.0, 0.0], [0.8174591907280643, -0.009530674244785627, 0.2532696695460902, -0.511912318605578, 0.9905587165661301, 0.0, 0.0, 0.0, 0.0, 0.0], [0.0, -0.10188608663949641, 0.8863913837070254, -0.7506273761541149, 0.12573014763472293, -0.002498890854757963, 0.0, 0.0, 0.0, 0.0], [0.0, 0.0, 0.0, 0.0, 0.0, 0.7444733534694107, 0.0, -0.2985014266452253, 0.02081705338655464, -0.12325986639053119], [0.0, 0.0, 0.0, 0.0, 0.0, 0.0, 0.0, 0.3949604287230128, 0.6349223640316081, 0.0], [0.0, 0.0, 0.0, 0.0, 0.0, 0.25665916458583005, 0.2802787232969229, 0.5454454765693506, -0.28641839481206777, 0.0], [0.0, 0.0, 0.0, 0.0, 0.0, 0.0, 0.0, 0.0, 0.3372138481222139, 0.08704168315876655]]),
     np.array([4.703627092434122, 3.4244268029001086, 2.506828600488988, 3.4056125838021774, 3.9572735581547116, 1.182134917368065, 4.582799327246116, 2.9403618130007136, 1.8412595321575147, 4.126453430051243]),
     np.array([[-0.44447956989348986, 0.0, 0.48533005637215193, 0.06700838173381524, 0.10803504577977228, -1.0575345093511754, 0.0, 0.0, 0.0, 0.0], [-0.06993697981780686, -0.2227350840054906, 0.1201181583958204, 0.0, 0.004702607940184326, 0.0, 0.0, 0.0, 0.0, 0.0], [0.2962259614299663, 0.4116955338446735, 0.046498478245740014, 0.2621026228476569, 0.17821358779533522, -0.060063882280786005, 0.0, 0.0, 0.0, 0.0], [-0.0640132259256535, 0.0, 0.10979238361500371, -0.3651358584444798, 0.030903900658773784, -0.010425993860497744, 0.0, 0.0, 0.0, 0.0], [-0.05638868187395187, 0.10483995811706365, 0.05202042583718198, -0.8841349649259254, -0.23991439601856063, 0.0, 0.0, 0.0, 0.0, 0.0], [0.0, -0.054511779505938954, -0.022602741779190014, -0.11237339570278325, 0.04054820445201081, -0.05421101991379494, 0.0, 0.0, 0.0, 0.0], [0.0, 0.0, 0.0, 0.0, 0.0, 0.22982745565879734, 0.0, 0.06732418091016955, 0.0030741031522480925, -0.08114561891623584], [0.0, 0.0, 0.0, 0.0, 0.0, 0.0, 0.0, -0.15176532147490274, -0.17707185828442396, 0.0], [0.0, 0.0, 0.0, 0.0, 0.0, -0.1290414366678666, 0.08811112999039007, 0.0009326921378663534, 0.09161721516477851, 0.0], [0.0, 0.0, 0.0, 0.0, 0.0, 0.0, 0.0, 0.0, -0.07058748573958884, 0.3633953864544959]])),
    (np.array([1.0262521277026873, 1.3755846623214718, 1.2250940199042848, 0.8316352882998254, 0.41692363396328375, 0.31617967251790935, 1.0615115469392584, 0.9016973375027832, 0.3148605789940035, 1.7214226005204358]),
     np.array([[0.7807723819498215, 0.0, 0.33234582264108575, -0.9019768132054109, 0.4884880184237697, 0.5650635089511755, 0.0, 0.0, 0.0, 0.0], [0.9335088024676275, -0.5058048769449974, -0.15642009512907026, 0.0, 0.24102457907141184, 0.0, 0.0, 0.0, 0.0, 0.0], [0.13930383904394172, -0.9949133507396717, 0.695396484910447, 0.030788419258938715, -0.06010576238327796, 0.5408905475521577, 0.0, 0.0, 0.0, 0.0], [-0.4188504895876719, 0.0, 1.089951336501248, -0.8929353664259192, 0.4125643744717119, 0.06022966172455029, 0.0, 0.0, 0.0, 0.0], [1.145408289974856, 0.23334862393178543, 0.22061851728781123, -0.4548659512364534, 1.408106493233377, 0.0, 0.0, 0.0, 0.0, 0.0], [0.0, -0.06630526809169496, 0.8568549281286045, -0.7555025724674236, 0.020187161307847486, 0.44392874429293944, 0.0, 0.0, 0.0, 0.0], [0.0, 0.0, 0.0, 0.0, 0.0, 0.43641427689183343, 0.0, -0.28495416442264754, -0.041186221361733034, 0.07246433230581481], [0.0, 0.0, 0.0, 0.0, 0.0, 0.0, 0.0, 0.36659903315753684, 0.39147613621420846, 0.0], [0.0, 0.0, 0.0, 0.0, 0.0, 0.20199179949560292, 0.3188352295666744, 0.4342268186756854, -0.17857767809630232, 0.0], [0.0, 0.0, 0.0, 0.0, 0.0, 0.0, 0.0, 0.0, 0.21094348672543092, 0.405771247819779]]),
     np.array([9.365583365859543, 3.014787576290894, 2.410939700472924, 3.5854908573650826, 5.2420755215987995, 1.2911425896191246, 2.910527434126715, 1.2708542378359993, 1.5916169071064652, 5.791301506818992]),
     np.array([[0.37585679790454324, 0.0, -0.21347959251782123, -1.668979993933389, -0.7429808202940626, -0.8915908022826443, 0.0, 0.0, 0.0, 0.0], [-0.06306685541552703, -0.22136838607713033, -0.058015680570556574, 0.0, 0.18216785459602966, 0.0, 0.0, 0.0, 0.0, 0.0], [0.1301885403810622, -0.14830131764030016, 0.004673958763834772, 0.1788852246891537, -0.547156132679597, 0.15635566954188246, 0.0, 0.0, 0.0, 0.0], [0.15281891109634382, 0.0, 0.1251859595700482, -0.6263811704573417, -0.15370008128369128, -0.23539527853469702, 0.0, 0.0, 0.0, 0.0], [-0.5579618230684691, -0.8548713343400345, 0.28597335176128386, -0.5469927610446631, -0.2257208601218326, 0.0, 0.0, 0.0, 0.0, 0.0], [0.0, 0.0015398857881649996, -0.07661127092034992, 0.0148778906883023, -0.16651701496993038, -0.08683805417058031, 0.0, 0.0, 0.0, 0.0], [0.0, 0.0, 0.0, 0.0, 0.0, 0.020898652353028485, 0.0, 0.3340938854899957, -0.15319738723405307, -0.09141049117316512], [0.0, 0.0, 0.0, 0.0, 0.0, 0.0, 0.0, 0.19555493336511123, 0.03483245154141599, 0.0], [0.0, 0.0, 0.0, 0.0, 0.0, 0.10338481275165542, 0.05761793214766841, 0.05729938160602437, -0.19550202978881814, 0.0], [0.0, 0.0, 0.0, 0.0, 0.0, 0.0, 0.0, 0.0, 0.4349290635785555, 0.15121280193292003]])),
    (np.array([1.03019754970959, 1.2249074641366615, 1.277971662335732, 0.7569979556559107, 0.3941347862525651, 0.3515046767295104, 1.0053165600260143, 0.9825108384570898, 0.43415424248107437, 1.3993136610117016]),
     np.array([[0.4665715497566782, 0.0, 0.06825111456778041, -1.207587709583899, 0.7482316793443753, 1.0198540474436903, 0.0, 0.0, 0.0, 0.0], [1.1139389446513634, -0.587927525304029, -0.20005463414209984, 0.0, 0.3112089956143895, 0.0, 0.0, 0.0, 0.0, 0.0], [0.13672964847271282, -0.7845231721358359, 0.24192138688175072, 0.05717955748254774, -0.11113778523039311, 0.2219262833449605, 0.0, 0.0, 0.0, 0.0], [-0.4332503361733651, 0.0, 1.3376373467642149, -0.8278229252749617, 0.3899584796281371, 0.42741398312684264, 0.0, 0.0, 0.0, 0.0], [0.9707632388647907, 0.10601149815270137, 0.16669231230940243, -0.3249025674970756, 1.0727783439521645, 0.0, 0.0, 0.0, 0.0, 0.0], [0.0, -0.12732912811478087, 1.021336240187872, -0.8455057781704794, 0.0808427794909202, 0.344206726281547, 0.0, 0.0, 0.0, 0.0], [0.0, 0.0, 0.0, 0.0, 0.0, 0.6148484081838812, 0.0, -0.29603263500076127, -0.135605765461861, 0.11088882695053671], [0.0, 0.0, 0.0, 0.0, 0.0, 0.0, 0.0, 0.6419049843636586, 0.582618003761797, 0.0], [0.0, 0.0, 0.0, 0.0, 0.0, 0.4013100074297037, 0.30422569301451324, 0.44033771944897876, -0.23638565374645099, 0.0], [0.0, 0.0, 0.0, 0.0, 0.0, 0.0, 0.0, 0.0, 0.2560543003353953, 1.0109990051974949]]),
     np.array([9.962557349858232, 3.8960835828099323, 1.78610961641137, 4.857098617145672, 3.939231519542796, 1.2780824471756405, 4.155320861198207, 2.317357964663099, 2.123880700759143, 2.3173618932351907]),
     np.array([[0.7926239600509717, 0.0, -0.23228510523131632, -0.3204252229003122, -1.0345135454112107, 0.369459052351619, 0.0, 0.0, 0.0, 0.0], [0.12262622274068077, -0.3752475372405307, -0.2540263877651448, 0.0, 0.5246973195149718, 0.0, 0.0, 0.0, 0.0, 0.0], [0.0691365896261193, 0.1584777019737214, 0.052909457223543246, 0.2844540044787199, 0.1342030853844332, -0.21554258982174626, 0.0, 0.0, 0.0, 0.0], [0.0694345612170174, 0.0, -0.08131131546245955, -0.32852867083508597, -0.09801571816743897, 0.24011948121831594, 0.0, 0.0, 0.0, 0.0], [-0.1477896634513703, -0.7383045098515963, 0.45775220222831653, -0.6464223421128586, 0.061130006513710845, 0.0, 0.0, 0.0, 0.0, 0.0], [0.0, -0.07467663924178512, -0.10230083135461947, -0.022163074536983008, -0.03684397774109107, 0.05931885049536335, 0.0, 0.0, 0.0, 0.0], [0.0, 0.0, 0.0, 0.0, 0.0, 0.4942435711918113, 0.0, 0.007094422590815157, -0.0784660071597313, 0.07979401647315375], [0.0, 0.0, 0.0, 0.0, 0.0, 0.0, 0.0, -0.13821936136725746, -0.07130979771881937, 0.0], [0.0, 0.0, 0.0, 0.0, 0.0, 0.26878450744820886, -0.1102820312412199, -0.20985490601142576, -0.03291464162583146, 0.0], [0.0, 0.0, 0.0, 0.0, 0.0, 0.0, 0.0, 0.0, -0.45186808117412625, 0.008409344659427252]])),
    (np.array([1.0296784033113107, 1.292531578003333, 1.114318368053971, 0.84292290388849, 0.4602262635831284, 0.33672722975600156, 1.083198028170121, 0.8410747724895521, 0.28799957146336697, 1.5034193244309577]),
     np.array([[0.5343343152404052, 0.0, 0.11402470365298362, -0.8919608586581919, 0.31127856695243056, 0.6845645635530159, 0.0, 0.0, 0.0, 0.0], [0.7770070116854668, -0.5547289659031417, -0.134195655380816, 0.0, 0.16324875500071026, 0.0, 0.0, 0.0, 0.0, 0.0], [0.2655874233548428, -0.8867810610974621, 1.1454541856851688, 0.1190433391460725, -0.13848148607570315, 0.5261359824919764, 0.0, 0.0, 0.0, 0.0], [-0.36670173789835125, 0.0, 1.0370659407680398, -0.9571858827868834, 0.2975454935134687, 0.1848339267550702, 0.0, 0.0, 0.0, 0.0], [0.883272792697944, 0.12313431352948807, 0.11175690738957249, -0.3462060375851593, 0.9695822528650548, 0.0, 0.0, 0.0, 0.0, 0.0], [0.0, -0.10285876707043026, 1.1127736529312011, -0.9118178978221756, 0.10782990599473863, 0.045476661099844606, 0.0, 0.0, 0.0, 0.0], [0.0, 0.0, 0.0, 0.0, 0.0, 0.732589431669774, 0.0, -0.17201028353304093, -0.01274159079064259, -0.009892665059969864], [0.0, 0.0, 0.0, 0.0, 0.0, 0.0, 0.0, 0.5913723448950996, 0.3500376410362204, 0.0], [0.0, 0.0, 0.0, 0.0, 0.0, 0.307287601751382, 0.25138765372425803, 0.5997750026355119, -0.0794468749114302, 0.0], [0.0, 0.0, 0.0, 0.0, 0.0, 0.0, 0.0, 0.0, 0.4294513693483288, 0.6205391785746834]]),
     np.array([5.304453277656893, 2.969852231413803, 2.262187009172918, 3.2429066331633596, 4.529316331468769, 1.4514238697366382, 2.2065374160768805, 0.756574728892156, 1.803551291658802, 2.1437440222289594]),
     np.array([[-0.2764479682896577, 0.0, 0.05886211070604139, 1.0854550921034025, 0.16539971204387477, 0.07629226908655878, 0.0, 0.0, 0.0, 0.0], [0.18565176585248633, -0.20978668992527993, -0.00540907450462505, 0.0, 0.04798610379322702, 0.0, 0.0, 0.0, 0.0, 0.0], [-0.29381846287941493, -0.032177852784953005, 0.1425574740433675, -0.18969905967807546, -0.2830716154891794, -0.24035058801890538, 0.0, 0.0, 0.0, 0.0], [0.18918594532831556, 0.0, 0.08606527864331386, -0.42292550724063915, 0.136728987278109, 0.007885359009501873, 0.0, 0.0, 0.0, 0.0], [-0.11043257240211111, -0.22943794116170999, 0.25443106290784295, -0.041745710610356514, -0.9001891305802803, 0.0, 0.0, 0.0, 0.0, 0.0], [0.0, -0.07792937556514878, 0.15782160872967935, -0.33560104583349354, 0.013331358423037067, 0.08578036003085499, 0.0, 0.0, 0.0, 0.0], [0.0, 0.0, 0.0, 0.0, 0.0, -0.008692199583356583, 0.0, -0.12393591324927024, -0.20847875441692734, 0.01267272905991271], [0.0, 0.0, 0.0, 0.0, 0.0, 0.0, 0.0, 0.07064507817079566, -0.017641392747340716, 0.0], [0.0, 0.0, 0.0, 0.0, 0.0, -0.1240173849650132, 0.15182336307250519, -0.10157525145560345, -0.02862184477809777, 0.0], [0.0, 0.0, 0.0, 0.0, 0.0, 0.0, 0.0, 0.0, -0.33257601839381506, 0.03849565156198412]])),
    (np.array([1.0337358468022966, 1.3465166430148996, 1.1881783171931355, 0.7975654230501104, 0.42071549432738375, 0.33939742584131316, 0.9550324339597684, 0.915669438023258, 0.13951515141103263, 1.1900338309592098]),
     np.array([[0.42297033782955984, 0.0, 0.2513152518794127, -0.94870277128563, 0.7173742910534842, 0.5919385924848628, 0.0, 0.0, 0.0, 0.0], [0.9588540807794513, -0.42936247130190486, -0.15414725340842894, 0.0, 0.11979660516174373, 0.0, 0.0, 0.0, 0.0, 0.0], [0.1682462124873831, -0.8641704954268107, 0.9618778373481874, 0.12932152966180788, 0.003784879537159276, 0.3453606984139424, 0.0, 0.0, 0.0, 0.0], [-0.46948525484461084, 0.0, 1.3467106672148592, -0.8787588639130619, 0.39613160668404324, 0.5398330627626968, 0.0, 0.0, 0.0, 0.0], [1.0024809510735244, 0.27177944651803865, 0.3239177059510208, -0.4776469443629022, 0.8539209947948794, 0.0, 0.0, 0.0, 0.0, 0.0], [0.0, -0.10899274925019711, 1.129335405041591, -0.8751347255733904, 0.08434611919911866, 0.0739680088191435, 0.0, 0.0, 0.0, 0.0], [0.0, 0.0, 0.0, 0.0, 0.0, 0.7434824077707133, 0.0, -0.15290586422273467, -0.1312859807014498, 0.10776717570057914], [0.0, 0.0, 0.0, 0.0, 0.0, 0.0, 0.0, 0.2421214817045798, 0.3343766741696437, 0.0], [0.0, 0.0, 0.0, 0.0, 0.0, 0.4975004575183834, 0.26712998186303677, 0.4915159199453431, 0.08446917884752586, 0.0], [0.0, 0.0, 0.0, 0.0, 0.0, 0.0, 0.0, 0.0, 0.24659602584128587, 0.881585692016978]]),
     np.array([7.447116436443479, 3.556859609921098, 1.9769209282980258, 5.046928478911335, 4.910705230282041, 1.3161326852875332, 2.2869029105396907, 0.8102163642511817, 1.2607437042380216, 1.0935429589962629]),
     np.array([[-0.14870084210094764, 0.0, -0.15815541745103795, 2.106640545610151, 0.18194537997269078, -0.1011064239182835, 0.0, 0.0, 0.0, 0.0], [-0.08336244936449082, -0.4325583680313367, -0.3556606834142024, 0.0, -0.13083841669110585, 0.0, 0.0, 0.0, 0.0, 0.0], [-0.07584064449434307, -0.2457633790170118, -0.15063645965840022, 0.14220004811008757, -0.1267230181752695, -0.24424747104501812, 0.0, 0.0, 0.0, 0.0], [0.14044072543041924, 0.0, -0.051132217248284456, -0.18457354152040686, -0.2767802819732469, -0.07912190079996252, 0.0, 0.0, 0.0, 0.0], [0.11865408472830104, -0.38083519563476476, -0.2506898591138504, -0.22460411495650567, -0.4676419725473892, 0.0, 0.0, 0.0, 0.0, 0.0], [0.0, 0.07101878066897922, 0.0886922163212374, -0.015972997314628572, 0.002362652829804463, -0.28222738826932664, 0.0, 0.0, 0.0, 0.0], [0.0, 0.0, 0.0, 0.0, 0.0, 0.07024736727142276, 0.0, -0.14003249124253137, -0.20595202964535464, -0.07207951240930216], [0.0, 0.0, 0.0, 0.0, 0.0, 0.0, 0.0, -0.010826807953040198, 0.23572709018635918, 0.0], [0.0, 0.0, 0.0, 0.0, 0.0, -0.02527910793514518, -0.010021882120908664, -0.02251704101802835, -0.018942581760713482, 0.0], [0.0, 0.0, 0.0, 0.0, 0.0, 0.0, 0.0, 0.0, 0.03236789537672463, -0.04627384797230813]])),
    (np.array([0.9182779169266104, 1.2222580849899267, 1.225357241229234, 0.8463798863162132, 0.40239074337394076, 0.35999542424940983, 1.090497421157264, 0.7848847446468828, 0.3852317578514959, 1.069094113453685]),
     np.array([[0.5199455024787422, 0.0, 0.2112300218045343, -0.6071305115336094, 0.3313241596738333, 0.584233175225538, 0.0, 0.0, 0.0, 0.0], [0.9195422113901797, -0.3222029349705877, -0.14033172155997234, 0.0, 0.20052522987644952, 0.0, 0.0, 0.0, 0.0, 0.0], [0.1664131574137416, -0.9285371466422366, 0.6841229767675132, 0.11886606001453771, -0.12118730164922653, 0.468617737576392, 0.0, 0.0, 0.0, 0.0], [-0.4919898020855776, 0.0, 1.2414989148523283, -0.838880087005113, 0.3022339514190666, 0.19413351079757793, 0.0, 0.0, 0.0, 0.0], [1.3210107927143615, 0.15679579677715982, 0.09827754581525194, -0.3973423761887285, 0.5843902019114987, 0.0, 0.0, 0.0, 0.0, 0.0], [0.0, -0.12799166402998963, 1.0092611409590382, -0.7729953142075344, 0.04856779710443387, 0.255409192934426, 0.0, 0.0, 0.0, 0.0], [0.0, 0.0, 0.0, 0.0, 0.0, 0.5422287764609586, 0.0, -0.11664340732099424, -0.24620808010678386, 0.012028818637414613], [0.0, 0.0, 0.0, 0.0, 0.0, 0.0, 0.0, 0.73227973231372, 0.514305973556672, 0.0], [0.0, 0.0, 0.0, 0.0, 0.0, 0.3994274154947139, 0.25587900402494457, 0.45345402495353115, -0.2258398897948756, 0.0], [0.0, 0.0, 0.0, 0.0, 0.0, 0.0, 0.0, 0.0, 0.20724352355529832, 0.3909192941456555]]),
     np.array([4.886304525660154, 2.6541071121767352, 2.1279952881330257, 3.793216964127375, 4.871217361889332, 1.2493814863524997, 2.188087444963127, 0.9362387706435688, 1.579547422190692, 0.5595997082361291]),
     np.array([[0.11257901522446105, 0.0, -0.024105075797503213, -0.08518477855995532, -0.15522179482330833, 0.5722293454609949, 0.0, 0.0, 0.0, 0.0], [0.16567331113796477, -0.31561266618377726, 0.10287776064332015, 0.0, -0.20065457332686107, 0.0, 0.0, 0.0, 0.0, 0.0], [0.029445987952883102, -0.005306451902025696, 0.007414149396442765, 0.5050878981511898, -0.3694953712687604, -0.19858017361690905, 0.0, 0.0, 0.0, 0.0], [-0.1526045507431006, 0.0, -0.2041479085102687, -0.39484986807346467, -0.10471783514973676, 0.605920460649149, 0.0, 0.0, 0.0, 0.0], [-0.3045184305107161, 0.6595304828949117, -0.031223386595365166, -0.0013384081575079333, -0.19138786763955432, 0.0, 0.0, 0.0, 0.0, 0.0], [0.0, -0.04293587765343757, -0.006301801014756165, 0.012907493272435303, 0.11148002241211252, -0.05111866573681138, 0.0, 0.0, 0.0, 0.0], [0.0, 0.0, 0.0, 0.0, 0.0, 0.034489282758173506, 0.0, -0.062358442412300985, -0.06067755072373732, -0.14937601990437044], [0.0, 0.0, 0.0, 0.0, 0.0, 0.0, 0.0, -0.09217837864270542, -0.009629336987851761, 0.0], [0.0, 0.0, 0.0, 0.0, 0.0, -0.111336152380417, -0.045065209151848945, 0.0684957274607027, -0.0060813103495452455, 0.0], [0.0, 0.0, 0.0, 0.0, 0.0, 0.0, 0.0, 0.0, 0.0488694234463781, 0.10751280133814033]])),
    (np.array([0.9985016704251706, 1.305961960579341, 1.3254863845367064, 0.7887092571477694, 0.3212847463351585, 0.3507569688033342, 1.0588076368341948, 0.8394913220475858, 0.36836831509333867, 1.2392264418322942]),
     np.array([[0.3694233276950222, 0.0, 0.18666712491944074, -0.7797178068747804, 0.8161811403286514, 0.5889475646892016, 0.0, 0.0, 0.0, 0.0], [1.1993672510611924, -0.4524517513197917, -0.2090555054865834, 0.0, -0.020295076487471704, 0.0, 0.0, 0.0, 0.0, 0.0], [0.18290173484858385, -1.0553375983032667, 0.4025514663984224, 0.06629465726473988, -0.09622114020212665, 0.3671840781630921, 0.0, 0.0, 0.0, 0.0], [-0.4499566336681182, 0.0, 1.3513857728291858, -0.8477877398374845, 0.31734294053848094, 0.1088100567081594, 0.0, 0.0, 0.0, 0.0], [0.9269657367091207, 0.23229285684482537, 0.21174848236497, -0.290205163642097, 0.6095740773259184, 0.0, 0.0, 0.0, 0.0, 0.0], [0.0, -0.1165084349662541, 1.0295200593469143, -0.8520868582944083, 0.06038079994124503, 0.02024706210169187, 0.0, 0.0, 0.0, 0.0], [0.0, 0.0, 0.0, 0.0, 0.0, 0.8972677073063745, 0.0, -0.2644025752879484, -0.14520657328858036, 0.04492639295103196], [0.0, 0.0, 0.0, 0.0, 0.0, 0.0, 0.0, 0.5739020389908375, 0.5670657058237426, 0.0], [0.0, 0.0, 0.0, 0.0, 0.0, 0.37083743348372983, 0.1801524005255454, 0.4159552812705475, -0.12394088632192343, 0.0], [0.0, 0.0, 0.0, 0.0, 0.0, 0.0, 0.0, 0.0, 0.6609905697679301, 0.701206189333669]]),
     np.array([7.870253850352671, 3.1566887999406896, 2.252751958515233, 4.436135902820113, 3.630849926458403, 1.3867710742570467, 3.6736406818272433, 1.2556366565210928, 1.524866713342257, 1.6360718590321477]),
     np.array([[-0.5453346338429007, 0.0, -0.14160808769315222, 0.14986340371056228, 0.8794713225958739, 0.8744174817583699, 0.0, 0.0, 0.0, 0.0], [-0.02088473792965968, -0.6317039519493889, 0.21276100563213363, 0.0, -0.010664497477648369, 0.0, 0.0, 0.0, 0.0, 0.0], [0.08123712665209762, 0.44864649391869454, -0.022571122284117985, 0.047131929598896, 0.17278376169214446, -0.29150696050424646, 0.0, 0.0, 0.0, 0.0], [-0.13348603890531113, 0.0, -0.022068015582182948, -0.501855551222727, 0.2804995711964862, 0.06608313311178185, 0.0, 0.0, 0.0, 0.0], [0.19702038271114702, -0.15939581477541884, 0.44796676160954413, 0.022802219989935712, -0.13387101810933016, 0.0, 0.0, 0.0, 0.0, 0.0], [0.0, 0.2512108806279929, -0.04415960778550764, 0.06937583311942694, -0.11619446426289826, -0.11364325315001929, 0.0, 0.0, 0.0, 0.0], [0.0, 0.0, 0.0, 0.0, 0.0, 0.0034585826736848553, 0.0, -0.028373752583154655, 0.37575647799953615, -0.11306238605787225], [0.0, 0.0, 0.0, 0.0, 0.0, 0.0, 0.0, 0.05834712511706271, -0.05448834198568298, 0.0], [0.0, 0.0, 0.0, 0.0, 0.0, -0.04847086824061673, -0.012479699163692263, 0.008748071104498083, -0.09372221770748397, 0.0], [0.0, 0.0, 0.0, 0.0, 0.0, 0.0, 0.0, 0.0, 0.37805527929336474, -0.01379271960644613]])),
    (np.array([1.0490793126770868, 1.5155506943527643, 1.2143148477151264, 0.8791276246720162, 0.38918603028817134, 0.30530585135380356, 1.1247214399999106, 1.0306316785110776, 0.39443145173309274, 1.574230352057699]),
     np.array([[0.5952514417549262, 0.0, 0.1175783956888238, -0.752244904741864, 0.10778043180058146, 0.4158987654970423, 0.0, 0.0, 0.0, 0.0], [0.9472089633499956, -0.9693707672587631, -0.2859983179120753, 0.0, -0.014916455304006492, 0.0, 0.0, 0.0, 0.0, 0.0], [0.16970617797504883, -0.9005545363738923, 1.1874144339188484, 0.05224791426272357, -0.06588274039092301, 0.2694605062908671, 0.0, 0.0, 0.0, 0.0], [-0.4474945748888585, 0.0, 1.0530891171165058, -1.0172081050051909, 0.18847424204449825, 0.07523884083911295, 0.0, 0.0, 0.0, 0.0], [1.030313568262239, 0.25460781659408044, 0.17866384240847646, -0.3197650631117993, 0.7233731980392726, 0.0, 0.0, 0.0, 0.0, 0.0], [0.0, -0.09190899028790751, 1.1695982516380536, -0.940971188672959, 0.10561799588513157, 0.0845078585122115, 0.0, 0.0, 0.0, 0.0], [0.0, 0.0, 0.0, 0.0, 0.0, 0.6331310990681579, 0.0, -0.23347553494206133, -0.41929951785141645, 0.026437519555792408], [0.0, 0.0, 0.0, 0.0, 0.0, 0.0, 0.0, 0.47927207973198455, 0.3615856525037885, 0.0], [0.0, 0.0, 0.0, 0.0, 0.0, 0.27210241654473366, 0.34498278310792335, 0.48471987301450603, -0.29470912904350477, 0.0], [0.0, 0.0, 0.0, 0.0, 0.0, 0.0, 0.0, 0.0, 0.2322969295122666, 0.5216762090080512]]),
     np.array([4.660667053999281, 2.8475365193677273, 2.171466950206882, 2.8663489866156264, 4.3604771554122355, 1.3655914579102186, 5.18754958946605, 1.719882973355769, 2.1776714211520383, 4.698819556256739]),
     np.array([[-0.08814846764446384, 0.0, 0.2527246251777385, -0.5369632031680924, -0.24862294607604857, -0.5016439727499247, 0.0, 0.0, 0.0, 0.0], [0.039464953391288936, -0.18854539444693158, 0.37099369495517814, 0.0, 0.2194221606019097, 0.0, 0.0, 0.0, 0.0, 0.0], [-0.05247128645666155, -0.042771542306179286, -0.2777886308306708, 0.05258276976242995, -0.22391734951745942, -0.02228200462852139, 0.0, 0.0, 0.0, 0.0], [0.17299464352460933, 0.0, 0.0907539537893396, -0.36134579202212475, 0.10096698270294092, -0.04838507260898242, 0.0, 0.0, 0.0, 0.0], [0.37148932702367615, -0.23362814986613167, 0.011020822022700825, -0.1106796843110736, -0.13430037697598354, 0.0, 0.0, 0.0, 0.0, 0.0], [0.0, 0.03778395719418284, 0.010626182552670923, -0.2217020892353143, 0.103991749168337, 0.12754745522015581, 0.0, 0.0, 0.0, 0.0], [0.0, 0.0, 0.0, 0.0, 0.0, 0.29686860294106954, 0.0, -0.7070868811811146, 0.5862538914641687, -0.1606201745155087], [0.0, 0.0, 0.0, 0.0, 0.0, 0.0, 0.0, -0.03928241620460009, 0.21113390331569717, 0.0], [0.0, 0.0, 0.0, 0.0, 0.0, 0.04546155541888438, 0.09992129247503566, 0.06732594874544878, -0.2313673163829424, 0.0], [0.0, 0.0, 0.0, 0.0, 0.0, 0.0, 0.0, 0.0, 0.21875449444632014, 0.3947480944524177]])),
    (np.array([1.0529202946698055, 1.2000340841222727, 1.2155465017774376, 0.7774029141219438, 0.42691567562150473, 0.35709431604965136, 1.2135958009015877, 1.089652651071049, 0.353951314863068, 1.2365091828302532]),
     np.array([[0.18686141709256335, 0.0, 0.35102694650748917, -0.8660563082436525, 0.7777254404738493, 0.6654244122946487, 0.0, 0.0, 0.0, 0.0], [1.1181621068627787, -0.4725512696870478, -0.006675490405360361, 0.0, 0.44166408950549607, 0.0, 0.0, 0.0, 0.0, 0.0], [0.16831192270125783, -0.9641736241692032, 0.7389946674482507, -0.012451187760124504, -0.17740258411922719, 0.6482425649791658, 0.0, 0.0, 0.0, 0.0], [-0.3609009622754711, 0.0, 1.0969822464267562, -0.8692023549965004, 0.14793658071785382, 0.12096873505947808, 0.0, 0.0, 0.0, 0.0], [1.0473763139146888, 0.018141630139816373, 0.2345477863128619, -0.3501684651330598, 0.8400842731773455, 0.0, 0.0, 0.0, 0.0, 0.0], [0.0, -0.14840133145910092, 1.0709897141547902, -0.8261907009240999, 0.10829009588543691, 0.261652069862926, 0.0, 0.0, 0.0, 0.0], [0.0, 0.0, 0.0, 0.0, 0.0, 0.35420985019706697, 0.0, -0.2525081017762306, -0.09710735765636169, -0.03627038500309704], [0.0, 0.0, 0.0, 0.0, 0.0, 0.0, 0.0, 0.3531592086312529, 0.37301774984038427, 0.0], [0.0, 0.0, 0.0, 0.0, 0.0, 0.3027423704321984, 0.3549004544053028, 0.6050608993694158, 0.14918639868081246, 0.0], [0.0, 0.0, 0.0, 0.0, 0.0, 0.0, 0.0, 0.0, 0.22697110928398387, 0.8449992684998311]]),
     np.array([8.114869837808556, 5.0893794081378925, 2.439517571936124, 3.1353508696825783, 4.572210861772205, 1.416037738050856, 2.1083032975220166, 3.3340389320746637, 2.4008935498909474, 0.914598860928456]),
     np.array([[0.008973235677418282, 0.0, -0.040079961192292846, 1.2147993636290486, -0.025330478093433265, 0.8797317973215285, 0.0, 0.0, 0.0, 0.0], [0.34352833581883063, -1.0546644294827738, -0.13525585611633462, 0.0, 0.0991082293635027, 0.0, 0.0, 0.0, 0.0, 0.0], [-0.06463296444063751, 0.08870708207832638, 0.0207122320030714, 0.09905379149357711, -0.43683416635158917, -0.32382708035225827, 0.0, 0.0, 0.0, 0.0], [0.1382498309833714, 0.0, 0.021029783112863618, -0.09858294203351033, 0.1484408275392176, 0.030586895737618126, 0.0, 0.0, 0.0, 0.0], [-0.3974990926005845, -0.12419956842457451, 0.6355013995045093, 0.28153735312535416, -0.43974963205319817, 0.0, 0.0, 0.0, 0.0, 0.0], [0.0, -0.3016944344001756, 0.004859694784736735, 0.24419991702369168, 0.05158940651254003, 0.0043583776789174545, 0.0, 0.0, 0.0, 0.0], [0.0, 0.0, 0.0, 0.0, 0.0, -0.3147270756274132, 0.0, -0.04652147791414292, -0.05840055225290395, -0.23025689876259803], [0.0, 0.0, 0.0, 0.0, 0.0, 0.0, 0.0, 0.10773624140424759, 0.35144960870712594, 0.0], [0.0, 0.0, 0.0, 0.0, 0.0, -0.16071847138396517, -0.12591786911036779, -0.23004518161331353, -0.09622468598060732, 0.0], [0.0, 0.0, 0.0, 0.0, 0.0, 0.0, 0.0, 0.0, -0.22277502950958905, 0.04557927926690347]])),
    (np.array([1.027450783779741, 1.2618144171503756, 1.2838244446986085, 0.7225128932945646, 0.5018283058597328, 0.23228346203718575, 0.9978142193923313, 1.0251960906168565, 0.2983707968199057, 1.5590331786540144]),
     np.array([[0.6094132808741417, 0.0, 0.17907543892427025, -0.8287675653411055, 0.3956696664877011, 0.5569872590087491, 0.0, 0.0, 0.0, 0.0], [0.8608008715042309, -0.5409059274791111, -0.2587988865183465, 0.0, 0.3197265594279881, 0.0, 0.0, 0.0, 0.0, 0.0], [0.15912170828887334, -0.854216456919319, 0.5051021173984446, 0.009994788216187692, 0.0036303324287537977, 0.17828553424225274, 0.0, 0.0, 0.0, 0.0], [-0.3826962578874526, 0.0, 1.620945517273715, -0.6940295983279624, 0.1517600869353714, 0.4972385069465803, 0.0, 0.0, 0.0, 0.0], [0.9367432483060382, 0.12258895282999499, 0.1973510220443027, -0.4230622616897149, 0.7355143205358645, 0.0, 0.0, 0.0, 0.0, 0.0], [0.0, -0.10196855337285998, 1.0347391432510222, -0.7626127720149476, 0.12107966706190437, 0.19464856531990612, 0.0, 0.0, 0.0, 0.0], [0.0, 0.0, 0.0, 0.0, 0.0, 0.6892117610877635, 0.0, -0.09590449323392239, -0.008904765196045692, 0.060216164045231904], [0.0, 0.0, 0.0, 0.0, 0.0, 0.0, 0.0, 0.2823289778554481, 0.601604027952391, 0.0], [0.0, 0.0, 0.0, 0.0, 0.0, 0.11453773928246462, 0.22043347008624825, 0.41455727874580967, -0.0033859597498943402, 0.0], [0.0, 0.0, 0.0, 0.0, 0.0, 0.0, 0.0, 0.0, 0.3790537058194131, 0.7900596404008772]]),
     np.array([4.81814670442597, 2.422962532240031, 2.020296874494528, 4.439437185436242, 4.4279999813463355, 1.277917401993732, 3.780347701810529, 2.859275685111147, 1.199500423684364, 3.023392846885744]),
     np.array([[-0.5957599571175715, 0.0, -0.06314466003952468, -0.25649634043847647, 0.047633917779015544, -0.18526714667878091, 0.0, 0.0, 0.0, 0.0], [0.1067756599129582, -0.12204572305397188, 0.03887227935427324, 0.0, 0.15914632667106207, 0.0, 0.0, 0.0, 0.0, 0.0], [-0.01449403272699362, -0.155381528220894, 0.1355794181342448, 0.3983981383157933, -0.36303855518239814, 0.02505254993676967, 0.0, 0.0, 0.0, 0.0], [-0.19057458876147745, 0.0, -0.08797123550922652, -0.7518222150790748, 0.052221420143662524, 0.10784091892199568, 0.0, 0.0, 0.0, 0.0], [0.5442293316131526, -0.20903881933027724, -0.10745147569214977, -0.2696510898267803, -0.5564809258333823, 0.0, 0.0, 0.0, 0.0, 0.0], [0.0, 0.16766305067640197, -0.0017942890079842135, -0.030841290644949997, -0.11847048378539146, 0.06777719823578365, 0.0, 0.0, 0.0, 0.0], [0.0, 0.0, 0.0, 0.0, 0.0, 0.34712739899607525, 0.0, -0.20781722104425074, 0.38596144686973477, -0.2248956655999969], [0.0, 0.0, 0.0, 0.0, 0.0, 0.0, 0.0, 0.17878350280991998, 0.28194844950099385, 0.0], [0.0, 0.0, 0.0, 0.0, 0.0, 0.008761599733983282, 0.042156421456261486, 0.0011268399428590588, -0.1368283562855415, 0.0], [0.0, 0.0, 0.0, 0.0, 0.0, 0.0, 0.0, 0.0, 0.15521619417202195, -0.15264847015888391]])),
]

vm_gvm_estimations_step5 = [
    (np.array([1.049670988788879, 1.3585811003217279, 1.4006239188996878, 0.8200230823868383, 0.43225107023027537, 0.2302922331360615, 1.1075170084190944, 1.0150325552343156, 0.38828534644077534, 1.5514265241792422]),
     np.array([[0.548088938794383, 0.0, 0.16392483616949252, -0.8552337224475564, 0.24870487158506957, 0.7477454585284616, 0.0, 0.0, 0.0, 0.0], [0.9264013398749816, -0.43719964575805886, -0.24644289870897432, 0.0, 0.2142410660665574, 0.0, 0.0, 0.0, 0.0, 0.0], [0.16792412277480118, -0.9688053455185721, 0.4776399478503339, 0.053930214000502956, -0.1923145821402482, 0.40402369942660643, 0.0, 0.0, 0.0, 0.0], [-0.35855985505505605, 0.0, 0.9672524954213183, -0.7824427091228973, 0.1932520849374226, 0.08356867133249628, 0.0, 0.0, 0.0, 0.0], [0.8580880240002293, 0.12940393017311644, 0.21845555187195445, -0.35773198804091116, 0.5411854277652699, 0.0, 0.0, 0.0, 0.0, 0.0], [0.0, -0.07775756065465782, 1.1523833711524456, -0.8794432649400301, 0.09050692564217219, 0.22407787894856107, 0.0, 0.0, 0.0, 0.0], [0.0, 0.0, 0.0, 0.0, 0.0, 0.46241528627447215, 0.0, -0.28284177499998875, -0.19310317582579223, 0.042881536465021304], [0.0, 0.0, 0.0, 0.0, 0.0, 0.0, 0.0, 0.44336504901306223, 0.4752615096935966, 0.0], [0.0, 0.0, 0.0, 0.0, 0.0, 0.3540038912451236, 0.25143184062402607, 0.5022065858805689, -0.18933758429499745, 0.0], [0.0, 0.0, 0.0, 0.0, 0.0, 0.0, 0.0, 0.0, 0.3154680693426311, 0.30401027206800874]]),
     np.array([8.28589370244204, 2.609278742035586, 1.98962435584502, 3.5224106754106184, 3.968855066436452, 1.5460575896882127, 2.6191728552041136, 2.0620670507547767, 1.7920099500164015, 1.790314367571197]),
     np.array([[0.0, 0.0, 0.0, 0.0, 0.0, 0.0, 0.0, 0.0, 0.0, 0.0], [0.09735275030185804, -0.613798406141258, 0.0, 0.0, 0.0, 0.0, 0.0, 0.0, 0.0, 0.0], [0.0, 0.0, 0.0, 0.053930214000502956, -0.1923145821402482, 0.0, 0.0, 0.0, 0.0, 0.0], [0.0, 0.0, 0.0, -0.3251908900672107, 0.0, 0.0, 0.0, 0.0, 0.0, 0.0], [0.0, 0.0, 0.21845555187195445, -0.35773198804091116, -0.029496361266381728, 0.0, 0.0, 0.0, 0.0, 0.0], [0.0, 0.0, 0.0, 0.0, 0.0, 0.0, 0.0, 0.0, 0.0, 0.0], [0.0, 0.0, 0.0, 0.0, 0.0, 0.0, 0.0, 0.0, -0.19310317582579223, 0.13489714692502502], [0.0, 0.0, 0.0, 0.0, 0.0, 0.0, 0.0, 0.0, 0.0, 0.0], [0.0, 0.0, 0.0, 0.0, 0.0, 0.0, 0.0, 0.0, -0.18933758429499745, 0.0], [0.0, 0.0, 0.0, 0.0, 0.0, 0.0, 0.0, 0.0, 0.0, 0.0]])),
    (np.array([0.9836505044668405, 1.3435507020005972, 1.4335674170451895, 0.7255786738120342, 0.4441033320718323, 0.2792496416099995, 0.9689262717362125, 1.059619973441237, 0.3677138411202483, 1.5718206330951197]),
     np.array([[0.6487173377060756, 0.0, 0.037380598165776026, -0.8449365064879384, 0.4648340968780942, 1.1946708531198709, 0.0, 0.0, 0.0, 0.0], [1.08632601863904, -0.504183289651891, -0.2690945843710625, 0.0, 0.15269344420259215, 0.0, 0.0, 0.0, 0.0, 0.0], [0.13216635697395493, -1.079346335919865, 0.7485457823924718, -0.06002554293881465, -0.17918324161256297, 0.2095416909529791, 0.0, 0.0, 0.0, 0.0], [-0.3686629603189215, 0.0, 1.3761786679215002, -0.7349055075170841, 0.3006885118407979, 0.13169425903360457, 0.0, 0.0, 0.0, 0.0], [0.8956992427451088, 0.08557814201266019, 0.08022882910173408, -0.38218883709260576, 0.8222397937517332, 0.0, 0.0, 0.0, 0.0, 0.0], [0.0, -0.08286052307386961, 1.0388390852342988, -0.8108240961408989, 0.07360132011749342, 0.2953545240513077, 0.0, 0.0, 0.0, 0.0], [0.0, 0.0, 0.0, 0.0, 0.0, 1.2728667808561769, 0.0, -0.33337037870783653, -0.39587326213495266, 0.35274994378126606], [0.0, 0.0, 0.0, 0.0, 0.0, 0.0, 0.0, 0.36870959131383757, 0.32866553474769783, 0.0], [0.0, 0.0, 0.0, 0.0, 0.0, 0.22868185028530613, 0.3033993619228638, 0.40427940347670316, -0.13680094849328778, 0.0], [0.0, 0.0, 0.0, 0.0, 0.0, 0.0, 0.0, 0.0, 0.9588728981801602, 0.7746561431536092]]),
     np.array([6.163693980649017, 3.5844006669765514, 2.3821235187936542, 4.4198978296869464, 4.424841490147294, 1.4215135529162224, 16.986180591579796, 1.7017373433350336, 1.352156802620507, 7.981545022731129]),
     np.array([[0.0, 0.0, 0.0, 0.0, 0.0, 0.0, 0.0, 0.0, 0.0, 0.0], [-0.034752193841189, -0.4756527114927697, 0.0, 0.0, 0.0, 0.0, 0.0, 0.0, 0.0, 0.0], [0.0, 0.0, 0.0, -0.06002554293881465, -0.17918324161256297, 0.0, 0.0, 0.0, 0.0, 0.0], [0.0, 0.0, 0.0, -0.521026213090232, 0.0, 0.0, 0.0, 0.0, 0.0, 0.0], [0.0, 0.0, 0.08022882910173408, -0.38218883709260576, -0.5323532932825222, 0.0, 0.0, 0.0, 0.0, 0.0], [0.0, 0.0, 0.0, 0.0, 0.0, 0.0, 0.0, 0.0, 0.0, 0.0], [0.0, 0.0, 0.0, 0.0, 0.0, 0.0, 0.0, 0.0, -0.39587326213495266, -0.5345929911565676], [0.0, 0.0, 0.0, 0.0, 0.0, 0.0, 0.0, 0.0, 0.0, 0.0], [0.0, 0.0, 0.0, 0.0, 0.0, 0.0, 0.0, 0.0, -0.13680094849328778, 0.0], [0.0, 0.0, 0.0, 0.0, 0.0, 0.0, 0.0, 0.0, 0.0, 0.0]])),
    (np.array([0.9399395217516936, 1.3843604355718915, 1.3960501466626885, 0.8607060358603315, 0.41099025142851325, 0.26198763486223076, 1.020012792806317, 0.8471396984745049, 0.325003814395855, 1.623850774862382]),
     np.array([[0.7665010025058239, 0.0, 0.2725693007301631, -0.9154418229212553, 0.6025679045690027, 0.5203362475441912, 0.0, 0.0, 0.0, 0.0], [1.2243527818924675, -0.8233757685464221, -0.3097792448367876, 0.0, 0.06896245762810127, 0.0, 0.0, 0.0, 0.0, 0.0], [0.15188499871063857, -0.9212381006520325, 0.3465922248710627, 0.12131859494024513, -0.11986746001098392, 0.3210614920610159, 0.0, 0.0, 0.0, 0.0], [-0.43190710360111934, 0.0, 1.1194572756910726, -0.8309653221705091, 0.21812636787628015, 0.1641680680403679, 0.0, 0.0, 0.0, 0.0], [0.6888195110208444, 0.21584430682817551, 0.15589458672121637, -0.31682845999339104, 0.8574647982716865, 0.0, 0.0, 0.0, 0.0, 0.0], [0.0, -0.08699197313901923, 0.9112845731892256, -0.7004249112140284, 0.12990743402869565, 0.20142983537943915, 0.0, 0.0, 0.0, 0.0], [0.0, 0.0, 0.0, 0.0, 0.0, 0.5527124708566259, 0.0, -0.2508348324271651, -0.05681448054533202, 0.10091479403517957], [0.0, 0.0, 0.0, 0.0, 0.0, 0.0, 0.0, 0.579330640733959, 0.638788947928484, 0.0], [0.0, 0.0, 0.0, 0.0, 0.0, 0.27286223764879847, 0.25741294098456746, 0.486317952539987, -0.10114173615267641, 0.0], [0.0, 0.0, 0.0, 0.0, 0.0, 0.0, 0.0, 0.0, 0.4770197672542848, 0.5214715979097152]]),
     np.array([5.620752664449221, 3.627088727702432, 1.7444369559679165, 3.0983990776607286, 3.877494525083481, 1.26169257844768, 2.9383584303297545, 1.2873409840961014, 1.4506135655232077, 5.325979699747983]),
     np.array([[0.0, 0.0, 0.0, 0.0, 0.0, 0.0, 0.0, 0.0, 0.0, 0.0], [0.16015908320792555, -0.13788157882050942, 0.0, 0.0, 0.0, 0.0, 0.0, 0.0, 0.0, 0.0], [0.0, 0.0, 0.0, 0.12131859494024513, -0.11986746001098392, 0.0, 0.0, 0.0, 0.0, 0.0], [0.0, 0.0, 0.0, -0.03652642571297527, 0.0, 0.0, 0.0, 0.0, 0.0, 0.0], [0.0, 0.0, 0.15589458672121637, -0.31682845999339104, -0.17605321130690207, 0.0, 0.0, 0.0, 0.0, 0.0], [0.0, 0.0, 0.0, 0.0, 0.0, 0.0, 0.0, 0.0, 0.0, 0.0], [0.0, 0.0, 0.0, 0.0, 0.0, 0.0, 0.0, 0.0, -0.05681448054533202, -0.013699357781944815], [0.0, 0.0, 0.0, 0.0, 0.0, 0.0, 0.0, 0.0, 0.0, 0.0], [0.0, 0.0, 0.0, 0.0, 0.0, 0.0, 0.0, 0.0, -0.10114173615267641, 0.0], [0.0, 0.0, 0.0, 0.0, 0.0, 0.0, 0.0, 0.0, 0.0, 0.0]])),
    (np.array([0.964695804449555, 1.3239884404989941, 1.1378779975761615, 0.825204420712432, 0.4306161928578139, 0.3204715012887157, 0.9703894205782251, 0.7899280004704278, 0.22754109271435818, 1.6197407216477036]),
     np.array([[0.6807156678307621, 0.0, 0.0015474698094800105, -0.6786345017185478, 0.25417470630661604, 1.1239749013015456, 0.0, 0.0, 0.0, 0.0], [0.9127370983603095, -0.631910209735292, -0.19055850729098506, 0.0, 0.007960967401146732, 0.0, 0.0, 0.0, 0.0, 0.0], [0.25474503230758605, -0.980060102527162, 0.8088851005408216, 0.21705405337206066, -0.20566057038884952, 0.3255027244846045, 0.0, 0.0, 0.0, 0.0], [-0.3716058821116976, 0.0, 1.1115587600375918, -0.8208635308488142, 0.33837473237706583, -0.005077655329821164, 0.0, 0.0, 0.0, 0.0], [0.8515593278102872, 0.14960556191072244, 0.22237314162177282, -0.3190010732078379, 0.4619361934042098, 0.0, 0.0, 0.0, 0.0, 0.0], [0.0, -0.0966852517830588, 0.931820604760159, -0.7453615695791371, 0.03914644328515261, 0.11999880669418185, 0.0, 0.0, 0.0, 0.0], [0.0, 0.0, 0.0, 0.0, 0.0, 0.8674838745924924, 0.0, -0.21028797100273802, 0.006064204148522068, -0.04485500866645332], [0.0, 0.0, 0.0, 0.0, 0.0, 0.0, 0.0, 0.665572629124626, 0.3196310554962315, 0.0], [0.0, 0.0, 0.0, 0.0, 0.0, 0.32000805552129247, 0.27737326622505526, 0.4547502975117647, -0.0066699216057707605, 0.0], [0.0, 0.0, 0.0, 0.0, 0.0, 0.0, 0.0, 0.0, 0.5273852464713632, 0.48206375815838404]]),
     np.array([4.300553426805036, 2.564886753159072, 2.5518875179253833, 3.2283413285608153, 4.339819033135687, 1.491030797762694, 4.046620616354092, 0.8905551029687582, 1.195675462144636, 3.044469306904698]),
     np.array([[0.0, 0.0, 0.0, 0.0, 0.0, 0.0, 0.0, 0.0, 0.0, 0.0], [0.17639662957627636, -0.2795366588793772, 0.0, 0.0, 0.0, 0.0, 0.0, 0.0, 0.0, 0.0], [0.0, 0.0, 0.0, 0.21705405337206066, -0.20566057038884952, 0.0, 0.0, 0.0, 0.0, 0.0], [0.0, 0.0, 0.0, -0.5848636989412348, 0.0, 0.0, 0.0, 0.0, 0.0, 0.0], [0.0, 0.0, 0.22237314162177282, -0.3190010732078379, 0.020473063066284727, 0.0, 0.0, 0.0, 0.0, 0.0], [0.0, 0.0, 0.0, 0.0, 0.0, 0.0, 0.0, 0.0, 0.0, 0.0], [0.0, 0.0, 0.0, 0.0, 0.0, 0.0, 0.0, 0.0, 0.006064204148522068, -0.0788257241813384], [0.0, 0.0, 0.0, 0.0, 0.0, 0.0, 0.0, 0.0, 0.0, 0.0], [0.0, 0.0, 0.0, 0.0, 0.0, 0.0, 0.0, 0.0, -0.0066699216057707605, 0.0], [0.0, 0.0, 0.0, 0.0, 0.0, 0.0, 0.0, 0.0, 0.0, 0.0]])),
    (np.array([0.9746449757323923, 1.2601791661244455, 1.2833257639245719, 0.7188844669348243, 0.4060730280846672, 0.264772163147551, 1.0510973085386377, 1.083245965487672, 0.30487781344152537, 1.4740876711899367]),
     np.array([[0.36533849982708283, 0.0, 0.3782414616882247, -0.8448681046922789, 0.6215277710304682, 0.46639206286644064, 0.0, 0.0, 0.0, 0.0], [1.323237649209378, -0.6161589558928509, -0.2634290887298729, 0.0, 0.276947965259472, 0.0, 0.0, 0.0, 0.0, 0.0], [0.17320841695032219, -0.8933821713592504, 0.6522145583891334, -0.10579028573277213, -0.19895979511478654, 0.32735702953381324, 0.0, 0.0, 0.0, 0.0], [-0.3988324336138685, 0.0, 1.5180167246936156, -0.6940293551824989, 0.44633971490348495, 0.26292785871548024, 0.0, 0.0, 0.0, 0.0], [0.9947387614934202, 0.14982503256151963, 0.13699246526591644, -0.3388062924989665, 0.7709745067079271, 0.0, 0.0, 0.0, 0.0, 0.0], [0.0, -0.11640412131810647, 0.9944132728739123, -0.7764929459294911, 0.1474404306587602, 0.2039158372400342, 0.0, 0.0, 0.0, 0.0], [0.0, 0.0, 0.0, 0.0, 0.0, 0.6941125223215535, 0.0, -0.15778622693754443, -0.0222671058066891, 0.061143526476037685], [0.0, 0.0, 0.0, 0.0, 0.0, 0.0, 0.0, 0.5045312799340795, 0.4668989751651426, 0.0], [0.0, 0.0, 0.0, 0.0, 0.0, 0.2648480289078158, 0.3062757922847709, 0.5673677958193447, -0.04706250615529531, 0.0], [0.0, 0.0, 0.0, 0.0, 0.0, 0.0, 0.0, 0.0, 0.2904150099603189, 0.6301037792569547]]),
     np.array([5.170583476582221, 4.476795517764902, 2.0621789951445506, 4.248196656266014, 4.118478753206821, 1.4727454318382027, 4.094165002669162, 2.5572844286721397, 1.5252838218131708, 2.1971547233558444]),
     np.array([[0.0, 0.0, 0.0, 0.0, 0.0, 0.0, 0.0, 0.0, 0.0, 0.0], [0.42129583324921444, -0.43474339808352774, 0.0, 0.0, 0.0, 0.0, 0.0, 0.0, 0.0, 0.0], [0.0, 0.0, 0.0, -0.10579028573277213, -0.19895979511478654, 0.0, 0.0, 0.0, 0.0, 0.0], [0.0, 0.0, 0.0, -0.12275637728297421, 0.0, 0.0, 0.0, 0.0, 0.0, 0.0], [0.0, 0.0, 0.13699246526591644, -0.3388062924989665, -0.3032446677900699, 0.0, 0.0, 0.0, 0.0, 0.0], [0.0, 0.0, 0.0, 0.0, 0.0, 0.0, 0.0, 0.0, 0.0, 0.0], [0.0, 0.0, 0.0, 0.0, 0.0, 0.0, 0.0, 0.0, -0.0222671058066891, 0.06249078801803579], [0.0, 0.0, 0.0, 0.0, 0.0, 0.0, 0.0, 0.0, 0.0, 0.0], [0.0, 0.0, 0.0, 0.0, 0.0, 0.0, 0.0, 0.0, -0.04706250615529531, 0.0], [0.0, 0.0, 0.0, 0.0, 0.0, 0.0, 0.0, 0.0, 0.0, 0.0]])),
    (np.array([1.1226106857076932, 1.2932550398279703, 1.1990741267167067, 0.7887548474119334, 0.4746280594156254, 0.3784872864099155, 1.065480769151538, 0.9463199317740767, 0.28443660791824615, 1.194234990155968]),
     np.array([[0.33164791474519467, 0.0, 0.05882718097105478, -0.8765971402302754, 0.41778787079495605, 0.5259753487352162, 0.0, 0.0, 0.0, 0.0], [0.8667520646290966, -0.26485665474369746, -0.2447680967020209, 0.0, 0.21369953106367182, 0.0, 0.0, 0.0, 0.0, 0.0], [0.21051911275892565, -0.9697905412677007, 0.6548231989915801, 0.1495222957505721, -0.019092107686681316, 0.4261545261331918, 0.0, 0.0, 0.0, 0.0], [-0.4019958857643475, 0.0, 1.2374569118213328, -0.7940960860492075, 0.1684167767086856, 0.3500810941596722, 0.0, 0.0, 0.0, 0.0], [0.986018743083029, 0.3593199286434017, 0.2531135974846428, -0.3733720936223456, 0.502171063012438, 0.0, 0.0, 0.0, 0.0, 0.0], [0.0, -0.1408466450574752, 1.004790527954826, -0.9167797153701651, 0.11669077571978388, 0.19210349046718903, 0.0, 0.0, 0.0, 0.0], [0.0, 0.0, 0.0, 0.0, 0.0, 0.4939079095412056, 0.0, -0.19611924268626693, -0.0764699051557565, 0.00010491040633046396], [0.0, 0.0, 0.0, 0.0, 0.0, 0.0, 0.0, 0.5829059245090898, 0.6292169087092175, 0.0], [0.0, 0.0, 0.0, 0.0, 0.0, 0.46452980096353136, 0.34775673593674294, 0.5519864842398639, -0.13828626258149287, 0.0], [0.0, 0.0, 0.0, 0.0, 0.0, 0.0, 0.0, 0.0, 0.18774017958999586, 0.7480762751140277]]),
     np.array([4.608160153332156, 2.7968815781691028, 2.38405857074998, 3.3201935562939604, 5.7572440839563015, 1.4167400949993794, 2.378900999859266, 3.1435190069782686, 1.9691173696113593, 0.7567081590819411]),
     np.array([[0.0, 0.0, 0.0, 0.0, 0.0, 0.0, 0.0, 0.0, 0.0, 0.0], [0.04546658684187943, -0.36952551128034056, 0.0, 0.0, 0.0, 0.0, 0.0, 0.0, 0.0, 0.0], [0.0, 0.0, 0.0, 0.1495222957505721, -0.019092107686681316, 0.0, 0.0, 0.0, 0.0, 0.0], [0.0, 0.0, 0.0, 0.03201243597128843, 0.0, 0.0, 0.0, 0.0, 0.0, 0.0], [0.0, 0.0, 0.2531135974846428, -0.3733720936223456, 0.012484026462887094, 0.0, 0.0, 0.0, 0.0, 0.0], [0.0, 0.0, 0.0, 0.0, 0.0, 0.0, 0.0, 0.0, 0.0, 0.0], [0.0, 0.0, 0.0, 0.0, 0.0, 0.0, 0.0, 0.0, -0.0764699051557565, -0.1304051585437511], [0.0, 0.0, 0.0, 0.0, 0.0, 0.0, 0.0, 0.0, 0.0, 0.0], [0.0, 0.0, 0.0, 0.0, 0.0, 0.0, 0.0, 0.0, -0.13828626258149287, 0.0], [0.0, 0.0, 0.0, 0.0, 0.0, 0.0, 0.0, 0.0, 0.0, 0.0]])),
    (np.array([0.9753167631083287, 1.3886276974011966, 1.2719084629232715, 0.8202568875769969, 0.3517765656367541, 0.3537507820711884, 1.1786832174311292, 1.0156575384148248, 0.28645486703812517, 0.6926604535684453]),
     np.array([[0.5511099503766694, 0.0, 0.259120593960845, -0.825251867332542, 0.5006065223542503, 0.896281828314655, 0.0, 0.0, 0.0, 0.0], [0.8107741982709791, -0.8023493912427294, -0.2044587685837749, 0.0, -0.05549577765164003, 0.0, 0.0, 0.0, 0.0, 0.0], [0.21102869258613624, -1.0033602338263845, 0.5904037951014973, 0.01106163321783385, 0.0013261681089707829, 0.14115223131931245, 0.0, 0.0, 0.0, 0.0], [-0.4258009901059113, 0.0, 1.1987041609289175, -0.7944584534923467, 0.27711570827453896, -0.04221240013759014, 0.0, 0.0, 0.0, 0.0], [1.088704227781974, 0.19462259844062807, 0.21550750679513653, -0.29506119390770874, 0.5625885370756276, 0.0, 0.0, 0.0, 0.0, 0.0], [0.0, -0.16316865296911173, 1.0232852762787594, -0.8919321264441035, 0.13543954880578613, 0.10633772660605652, 0.0, 0.0, 0.0, 0.0], [0.0, 0.0, 0.0, 0.0, 0.0, 0.4832602055555988, 0.0, -0.25208667058835593, -0.14796201598879744, 0.027874145022776874], [0.0, 0.0, 0.0, 0.0, 0.0, 0.0, 0.0, 0.563761926813128, 0.6268406408933724, 0.0], [0.0, 0.0, 0.0, 0.0, 0.0, 0.37654499431670324, 0.36686677481054886, 0.6066763074802999, -0.023403762212630134, 0.0], [0.0, 0.0, 0.0, 0.0, 0.0, 0.0, 0.0, 0.0, 0.1840058864503163, 1.2355055797697134]]),
     np.array([8.564038555161485, 2.89881276818943, 2.26694215228439, 3.4563436512520793, 3.7218115386445936, 1.3876619946486557, 2.124635086305384, 2.1755283809402477, 2.0737515417407923, 0.3588471439290332]),
     np.array([[0.0, 0.0, 0.0, 0.0, 0.0, 0.0, 0.0, 0.0, 0.0, 0.0], [-0.08382031836952748, 0.1658380833372398, 0.0, 0.0, 0.0, 0.0, 0.0, 0.0, 0.0, 0.0], [0.0, 0.0, 0.0, 0.01106163321783385, 0.0013261681089707829, 0.0, 0.0, 0.0, 0.0, 0.0], [0.0, 0.0, 0.0, -0.19276139642481588, 0.0, 0.0, 0.0, 0.0, 0.0, 0.0], [0.0, 0.0, 0.21550750679513653, -0.29506119390770874, -0.13667854640580152, 0.0, 0.0, 0.0, 0.0, 0.0], [0.0, 0.0, 0.0, 0.0, 0.0, 0.0, 0.0, 0.0, 0.0, 0.0], [0.0, 0.0, 0.0, 0.0, 0.0, 0.0, 0.0, 0.0, -0.14796201598879744, -0.18422382528435535], [0.0, 0.0, 0.0, 0.0, 0.0, 0.0, 0.0, 0.0, 0.0, 0.0], [0.0, 0.0, 0.0, 0.0, 0.0, 0.0, 0.0, 0.0, -0.023403762212630134, 0.0], [0.0, 0.0, 0.0, 0.0, 0.0, 0.0, 0.0, 0.0, 0.0, 0.0]])),
    (np.array([1.086898705671463, 1.3005183662938302, 1.1887120183091, 0.8302552292980703, 0.38732316916756804, 0.3024657329417444, 0.9664519085648738, 1.0945011343648712, 0.2589637483333839, 1.5173114672233858]),
     np.array([[0.347433874382627, 0.0, 0.31931221704907553, -0.8714819937446096, 0.34227350113838473, 0.43983826321754044, 0.0, 0.0, 0.0, 0.0], [1.022337068918398, -0.5254733505973611, -0.2237945561562375, 0.0, 0.14276374073974366, 0.0, 0.0, 0.0, 0.0, 0.0], [0.0733039058867294, -0.8862238985546098, 0.7335209212695515, 0.045640725517199554, -0.0397198906268948, 0.255472965282016, 0.0, 0.0, 0.0, 0.0], [-0.4207396353203677, 0.0, 1.3690280005332407, -0.8823287408321231, 0.13595160508927737, 0.22858092660639834, 0.0, 0.0, 0.0, 0.0], [1.0864045253822556, 0.25578968851797407, 0.08956461707328514, -0.16606990701872013, 1.0089815964409858, 0.0, 0.0, 0.0, 0.0, 0.0], [0.0, -0.13057645527575604, 1.1062653669007347, -0.9408542914734741, 0.08055267286526145, 0.2376815381537659, 0.0, 0.0, 0.0, 0.0], [0.0, 0.0, 0.0, 0.0, 0.0, 0.755429930529104, 0.0, -0.2189237059514836, -0.03875948194470929, 0.06082129129319987], [0.0, 0.0, 0.0, 0.0, 0.0, 0.0, 0.0, 0.1827573109113453, 0.8944108516119149, 0.0], [0.0, 0.0, 0.0, 0.0, 0.0, 0.527463874629868, 0.2701725176213241, 0.5512265429572792, -0.050074001087193815, 0.0], [0.0, 0.0, 0.0, 0.0, 0.0, 0.0, 0.0, 0.0, 0.5952049581624128, 0.4405531175264192]]),
     np.array([6.4149266044442275, 2.2671671226553083, 2.4383161220629237, 3.4446439661121477, 5.40520355996635, 1.797575946046696, 4.0185654378783875, 5.284189122870484, 1.686782251332304, 2.1797385021781923]),
     np.array([[0.0, 0.0, 0.0, 0.0, 0.0, 0.0, 0.0, 0.0, 0.0, 0.0], [0.15746884808688608, -0.19360785400618713, 0.0, 0.0, 0.0, 0.0, 0.0, 0.0, 0.0, 0.0], [0.0, 0.0, 0.0, 0.045640725517199554, -0.0397198906268948, 0.0, 0.0, 0.0, 0.0, 0.0], [0.0, 0.0, 0.0, 0.029591277104727597, 0.0, 0.0, 0.0, 0.0, 0.0, 0.0], [0.0, 0.0, 0.08956461707328514, -0.16606990701872013, 0.019844647188269855, 0.0, 0.0, 0.0, 0.0, 0.0], [0.0, 0.0, 0.0, 0.0, 0.0, 0.0, 0.0, 0.0, 0.0, 0.0], [0.0, 0.0, 0.0, 0.0, 0.0, 0.0, 0.0, 0.0, -0.03875948194470929, 0.16572658827782213], [0.0, 0.0, 0.0, 0.0, 0.0, 0.0, 0.0, 0.0, 0.0, 0.0], [0.0, 0.0, 0.0, 0.0, 0.0, 0.0, 0.0, 0.0, -0.050074001087193815, 0.0], [0.0, 0.0, 0.0, 0.0, 0.0, 0.0, 0.0, 0.0, 0.0, 0.0]])),
    (np.array([0.937431997588042, 1.2870432807559211, 1.1523231962915148, 0.8671300035109968, 0.44829727068612757, 0.30026272625132194, 1.1682416478194513, 0.7265584953879142, 0.31674096386345874, 1.1116798110060513]),
     np.array([[0.7596336119243616, 0.0, 0.08594634489567846, -0.7810770712753047, 0.6033913411343711, 1.1751259302969843, 0.0, 0.0, 0.0, 0.0], [1.2589946413089839, -0.38706846309739795, -0.14495493913991758, 0.0, 0.27913358861327153, 0.0, 0.0, 0.0, 0.0, 0.0], [0.20857840822450224, -0.9360307086672764, 0.5013772356755198, 0.09561447627829155, -0.0638903099095147, 0.47437902769228224, 0.0, 0.0, 0.0, 0.0], [-0.5014019082843679, 0.0, 1.0909553486525834, -0.9074149193896922, 0.24093884826180767, 0.2958210440073966, 0.0, 0.0, 0.0, 0.0], [0.9729950759061897, -0.034590556060739124, 0.22501004359441756, -0.3119416084637225, 0.5767525593952233, 0.0, 0.0, 0.0, 0.0, 0.0], [0.0, -0.1626032451034521, 0.9591645242298504, -0.7854561648523972, 0.14770572146624897, 0.328042516779865, 0.0, 0.0, 0.0, 0.0], [0.0, 0.0, 0.0, 0.0, 0.0, 0.42926789574018304, 0.0, -0.23346865095730096, -0.18674079650953995, -0.02063396938690489], [0.0, 0.0, 0.0, 0.0, 0.0, 0.0, 0.0, 0.7416453093224786, 0.34895294735045623, 0.0], [0.0, 0.0, 0.0, 0.0, 0.0, 0.22675655889618562, 0.29056342169545696, 0.48006209185743515, -0.0722853158224528, 0.0], [0.0, 0.0, 0.0, 0.0, 0.0, 0.0, 0.0, 0.0, 0.3051022959764251, 0.9551377654722265]]),
     np.array([7.44557090512949, 3.2079260657029995, 2.379653612118618, 3.4945817347193207, 3.7760940846953748, 1.4425594170324336, 2.537970553627327, 0.9106925994707655, 1.3785723008651773, 1.0728332866935635]),
     np.array([[0.0, 0.0, 0.0, 0.0, 0.0, 0.0, 0.0, 0.0, 0.0, 0.0], [0.09142466235817333, -0.47427011766556315, 0.0, 0.0, 0.0, 0.0, 0.0, 0.0, 0.0, 0.0], [0.0, 0.0, 0.0, 0.09561447627829155, -0.0638903099095147, 0.0, 0.0, 0.0, 0.0, 0.0], [0.0, 0.0, 0.0, -0.20248480644065386, 0.0, 0.0, 0.0, 0.0, 0.0, 0.0], [0.0, 0.0, 0.22501004359441756, -0.3119416084637225, -0.02146483353624086, 0.0, 0.0, 0.0, 0.0, 0.0], [0.0, 0.0, 0.0, 0.0, 0.0, 0.0, 0.0, 0.0, 0.0, 0.0], [0.0, 0.0, 0.0, 0.0, 0.0, 0.0, 0.0, 0.0, -0.18674079650953995, -0.00949474041927063], [0.0, 0.0, 0.0, 0.0, 0.0, 0.0, 0.0, 0.0, 0.0, 0.0], [0.0, 0.0, 0.0, 0.0, 0.0, 0.0, 0.0, 0.0, -0.0722853158224528, 0.0], [0.0, 0.0, 0.0, 0.0, 0.0, 0.0, 0.0, 0.0, 0.0, 0.0]])),
    (np.array([0.9916356337274387, 1.3331786450776724, 1.2639918426990504, 0.7392712458734748, 0.3610866708323135, 0.289979399812974, 1.1555813405550721, 1.0205386182648062, 0.22160936363485026, 1.547322085848263]),
     np.array([[0.3470009507063605, 0.0, 0.29224454822250234, -0.7393065160469438, 0.46246575559258696, 0.31991278307400095, 0.0, 0.0, 0.0, 0.0], [1.0938718032641144, -0.6800004623133088, -0.30515065547667486, 0.0, 0.41665723977435404, 0.0, 0.0, 0.0, 0.0, 0.0], [0.124843158948838, -0.9502195494958406, 0.7232676043346878, 0.03227019718776315, -0.06857472526335376, 0.4529992876490179, 0.0, 0.0, 0.0, 0.0], [-0.3751936798407662, 0.0, 1.2280314275777642, -0.7875937543704928, 0.26944292262966596, 0.2025921792316997, 0.0, 0.0, 0.0, 0.0], [0.9772926702784652, 0.25272120461295416, 0.3315514599707197, -0.31239613624508683, 0.9403329883937381, 0.0, 0.0, 0.0, 0.0, 0.0], [0.0, -0.11555146790023699, 1.1229608683215897, -0.884567339504531, 0.16806479672334607, 0.2446489656943067, 0.0, 0.0, 0.0, 0.0], [0.0, 0.0, 0.0, 0.0, 0.0, 0.9485737102269908, 0.0, -0.24343044675983874, -0.17016069053596425, -0.058013092986662455], [0.0, 0.0, 0.0, 0.0, 0.0, 0.0, 0.0, 0.5447231333687065, 0.7277988504729156, 0.0], [0.0, 0.0, 0.0, 0.0, 0.0, 0.2817486429363007, 0.3446060043497779, 0.5328885946499603, -0.03733560713768028, 0.0], [0.0, 0.0, 0.0, 0.0, 0.0, 0.0, 0.0, 0.0, 0.5252881845814069, 0.5444483117080952]]),
     np.array([3.808134505597149, 3.7932238588992093, 2.2797823958517376, 3.721958098642952, 4.255132742317309, 1.3584720090978268, 3.2825582290477207, 3.231399592975029, 1.496857926718568, 3.174511228572922]),
     np.array([[0.0, 0.0, 0.0, 0.0, 0.0, 0.0, 0.0, 0.0, 0.0, 0.0], [0.09588027269633308, -0.23825561972654458, 0.0, 0.0, 0.0, 0.0, 0.0, 0.0, 0.0, 0.0], [0.0, 0.0, 0.0, 0.03227019718776315, -0.06857472526335376, 0.0, 0.0, 0.0, 0.0, 0.0], [0.0, 0.0, 0.0, -0.21667884021349068, 0.0, 0.0, 0.0, 0.0, 0.0, 0.0], [0.0, 0.0, 0.3315514599707197, -0.31239613624508683, -0.4616168133199723, 0.0, 0.0, 0.0, 0.0, 0.0], [0.0, 0.0, 0.0, 0.0, 0.0, 0.0, 0.0, 0.0, 0.0, 0.0], [0.0, 0.0, 0.0, 0.0, 0.0, 0.0, 0.0, 0.0, -0.17016069053596425, -0.11563930951851921], [0.0, 0.0, 0.0, 0.0, 0.0, 0.0, 0.0, 0.0, 0.0, 0.0], [0.0, 0.0, 0.0, 0.0, 0.0, 0.0, 0.0, 0.0, -0.03733560713768028, 0.0], [0.0, 0.0, 0.0, 0.0, 0.0, 0.0, 0.0, 0.0, 0.0, 0.0]])),
    (np.array([0.9022021011831299, 1.4382294902309496, 1.2299746366180828, 0.77514999288325, 0.4784569160794561, 0.31721012227791623, 1.0680541816221978, 0.9242563693460905, 0.3200049290364615, 1.5263056891976154]),
     np.array([[0.7679216527526617, 0.0, 0.2279096325827197, -0.5626190054905752, 0.5091804911086797, 0.3010461944794043, 0.0, 0.0, 0.0, 0.0], [1.0973958503080008, -0.7286227985543485, -0.3025280510396009, 0.0, -0.0697184822109649, 0.0, 0.0, 0.0, 0.0, 0.0], [0.24982412162601872, -0.9170797416693787, 0.6529337581720625, 0.05670866399987242, -0.11311071535505478, 0.13217083807888852, 0.0, 0.0, 0.0, 0.0], [-0.40490120434721394, 0.0, 1.4391128649893803, -0.7632058145558281, 0.0641180847325542, 0.4077910258635797, 0.0, 0.0, 0.0, 0.0], [1.1174215759594543, 0.19884615647674972, 0.2567932864518988, -0.5271288261981205, 0.6881710120055115, 0.0, 0.0, 0.0, 0.0, 0.0], [0.0, -0.1469515855362904, 0.9889583636524326, -0.7892853051943916, 0.05783311753144526, 0.23916460165472211, 0.0, 0.0, 0.0, 0.0], [0.0, 0.0, 0.0, 0.0, 0.0, 0.7612348357464895, 0.0, -0.08855927884484877, -0.08250563679426255, -0.03734880427143768], [0.0, 0.0, 0.0, 0.0, 0.0, 0.0, 0.0, 0.6428358963394241, 0.7239683833961315, 0.0], [0.0, 0.0, 0.0, 0.0, 0.0, 0.3119766196321638, 0.3035139426450172, 0.3867522150637303, -0.03831471730156236, 0.0], [0.0, 0.0, 0.0, 0.0, 0.0, 0.0, 0.0, 0.0, 0.35107290007566366, 0.6344936467806008]]),
     np.array([4.848079710765965, 2.5235372512625793, 2.1857929115784405, 4.133931425584579, 5.024287047550291, 1.3124183196434016, 2.29537303729949, 2.319247749169595, 1.6287823976702402, 2.2044731133473014]),
     np.array([[0.0, 0.0, 0.0, 0.0, 0.0, 0.0, 0.0, 0.0, 0.0, 0.0], [0.1163608699786818, -0.2797504057966058, 0.0, 0.0, 0.0, 0.0, 0.0, 0.0, 0.0, 0.0], [0.0, 0.0, 0.0, 0.05670866399987242, -0.11311071535505478, 0.0, 0.0, 0.0, 0.0, 0.0], [0.0, 0.0, 0.0, 0.01859022513574428, 0.0, 0.0, 0.0, 0.0, 0.0, 0.0], [0.0, 0.0, 0.2567932864518988, -0.5271288261981205, 0.2318808180940614, 0.0, 0.0, 0.0, 0.0, 0.0], [0.0, 0.0, 0.0, 0.0, 0.0, 0.0, 0.0, 0.0, 0.0, 0.0], [0.0, 0.0, 0.0, 0.0, 0.0, 0.0, 0.0, 0.0, -0.08250563679426255, -0.24663199109356265], [0.0, 0.0, 0.0, 0.0, 0.0, 0.0, 0.0, 0.0, 0.0, 0.0], [0.0, 0.0, 0.0, 0.0, 0.0, 0.0, 0.0, 0.0, -0.03831471730156236, 0.0], [0.0, 0.0, 0.0, 0.0, 0.0, 0.0, 0.0, 0.0, 0.0, 0.0]])),
    (np.array([1.0861533339974687, 1.3292959542912384, 1.1930102366879174, 0.7893450495122191, 0.45354007204944335, 0.2639780537162421, 1.1475542773025604, 1.053151710130948, 0.22758685159017256, 1.6794880755946588]),
     np.array([[0.6539994412470873, 0.0, 0.18111634590353803, -1.079283464530831, 0.6709583541088842, 1.0341892949876217, 0.0, 0.0, 0.0, 0.0], [0.9940793997633173, -0.62256045037716, -0.18567073028564426, 0.0, 0.15125062738119635, 0.0, 0.0, 0.0, 0.0, 0.0], [0.112625696550489, -1.1050724122859013, 0.6962952474640142, 0.2916903288765148, 0.1078934232837021, 0.25703207769868464, 0.0, 0.0, 0.0, 0.0], [-0.5022877864035226, 0.0, 1.5029225512362965, -0.9118674569474492, 0.108020660416083, 0.4186487512982494, 0.0, 0.0, 0.0, 0.0], [1.0414426394180432, 0.1779035863403442, 0.21559235579888203, -0.32928278781838505, 0.8487257243012032, 0.0, 0.0, 0.0, 0.0, 0.0], [0.0, -0.09754245593334493, 0.9663067262359472, -0.7495829877045491, 0.12464472578534602, 0.2541301671285088, 0.0, 0.0, 0.0, 0.0], [0.0, 0.0, 0.0, 0.0, 0.0, 0.30376840322397297, 0.0, -0.21405371764377962, -0.11736059662187107, 0.04818658623770925], [0.0, 0.0, 0.0, 0.0, 0.0, 0.0, 0.0, 0.7146203449214829, 0.4864166984180697, 0.0], [0.0, 0.0, 0.0, 0.0, 0.0, 0.35993708218031, 0.46509951227216134, 0.4431988044830949, 0.010711209688185409, 0.0], [0.0, 0.0, 0.0, 0.0, 0.0, 0.0, 0.0, 0.0, 0.23882637451832445, 0.5700490693105935]]),
     np.array([8.723755537708058, 3.6364701282606484, 2.6228097296840263, 5.297948439256025, 4.791045670820185, 1.4423323670894466, 1.8028730978433782, 3.030418629275266, 1.5311287995209066, 5.7272595903617285]),
     np.array([[0.0, 0.0, 0.0, 0.0, 0.0, 0.0, 0.0, 0.0, 0.0, 0.0], [0.01778690969697263, -0.05206380242454101, 0.0, 0.0, 0.0, 0.0, 0.0, 0.0, 0.0, 0.0], [0.0, 0.0, 0.0, 0.2916903288765148, 0.1078934232837021, 0.0, 0.0, 0.0, 0.0, 0.0], [0.0, 0.0, 0.0, -0.047335971817126614, 0.0, 0.0, 0.0, 0.0, 0.0, 0.0], [0.0, 0.0, 0.21559235579888203, -0.32928278781838505, -0.1309144780002589, 0.0, 0.0, 0.0, 0.0, 0.0], [0.0, 0.0, 0.0, 0.0, 0.0, 0.0, 0.0, 0.0, 0.0, 0.0], [0.0, 0.0, 0.0, 0.0, 0.0, 0.0, 0.0, 0.0, -0.11736059662187107, -0.10224596135792603], [0.0, 0.0, 0.0, 0.0, 0.0, 0.0, 0.0, 0.0, 0.0, 0.0], [0.0, 0.0, 0.0, 0.0, 0.0, 0.0, 0.0, 0.0, 0.010711209688185409, 0.0], [0.0, 0.0, 0.0, 0.0, 0.0, 0.0, 0.0, 0.0, 0.0, 0.0]])),
    (np.array([0.962518000033524, 1.193425132503171, 1.2543729474571832, 0.8053508697919208, 0.38158526984550034, 0.38899070511378847, 0.9814016874491541, 1.0471953456116452, 0.2630682024098908, 1.5325946716231889]),
     np.array([[0.703623137820013, 0.0, 0.29198031131019053, -0.7937118090324018, 0.35305739860913166, 0.7743803971727499, 0.0, 0.0, 0.0, 0.0], [0.9565877753811353, -0.5043011309481935, -0.09853233161571111, 0.0, 0.30294094251604875, 0.0, 0.0, 0.0, 0.0, 0.0], [0.11910358743165378, -1.0186396125361208, 0.7434977071738506, 0.04408315773706886, -0.04248503487872175, 0.21162054471118602, 0.0, 0.0, 0.0, 0.0], [-0.5083353941975548, 0.0, 1.5359713102331614, -0.8274480337241381, 0.19934055422323435, 0.12256217275095999, 0.0, 0.0, 0.0, 0.0], [1.160010302073141, 0.17675683910729026, 0.25106793539079186, -0.35746973936235776, 0.7801254486795376, 0.0, 0.0, 0.0, 0.0, 0.0], [0.0, -0.12834420431583202, 0.9226713775987352, -0.8571618184155214, 0.12233539938368541, 0.06686551687140833, 0.0, 0.0, 0.0, 0.0], [0.0, 0.0, 0.0, 0.0, 0.0, 0.6688021261190585, 0.0, -0.1864539225431649, -0.002594983790445726, -0.0017793000123229564], [0.0, 0.0, 0.0, 0.0, 0.0, 0.0, 0.0, 0.49179516955129415, 0.43221702877454493, 0.0], [0.0, 0.0, 0.0, 0.0, 0.0, 0.36905212732581677, 0.2383857171486126, 0.49802927280559134, -0.03884034984447856, 0.0], [0.0, 0.0, 0.0, 0.0, 0.0, 0.0, 0.0, 0.0, 0.31478076802127947, 0.5570087603855122]]),
     np.array([7.188783983535182, 2.185732147520834, 2.395498648046063, 4.238433903566608, 4.766087587617398, 1.228245045938859, 1.7955169742050967, 1.7558348858335477, 1.4351321719432784, 2.359042966625813]),
     np.array([[0.0, 0.0, 0.0, 0.0, 0.0, 0.0, 0.0, 0.0, 0.0, 0.0], [0.03048658496827639, 0.003942587643386602, 0.0, 0.0, 0.0, 0.0, 0.0, 0.0, 0.0, 0.0], [0.0, 0.0, 0.0, 0.04408315773706886, -0.04248503487872175, 0.0, 0.0, 0.0, 0.0, 0.0], [0.0, 0.0, 0.0, -0.01899784338049337, 0.0, 0.0, 0.0, 0.0, 0.0, 0.0], [0.0, 0.0, 0.25106793539079186, -0.35746973936235776, 0.05487288296555973, 0.0, 0.0, 0.0, 0.0, 0.0], [0.0, 0.0, 0.0, 0.0, 0.0, 0.0, 0.0, 0.0, 0.0, 0.0], [0.0, 0.0, 0.0, 0.0, 0.0, 0.0, 0.0, 0.0, -0.002594983790445726, -0.042743596584282124], [0.0, 0.0, 0.0, 0.0, 0.0, 0.0, 0.0, 0.0, 0.0, 0.0], [0.0, 0.0, 0.0, 0.0, 0.0, 0.0, 0.0, 0.0, -0.03884034984447856, 0.0], [0.0, 0.0, 0.0, 0.0, 0.0, 0.0, 0.0, 0.0, 0.0, 0.0]])),
    (np.array([0.9622367542104996, 1.2411828373205553, 1.3301900615610334, 0.7644783446275518, 0.4843486907182074, 0.25800681319244495, 1.0331941730279552, 0.892329594800386, 0.33430927769903696, 1.6041487463214528]),
     np.array([[0.6108839747551851, 0.0, 0.23981835451497263, -0.795553530229212, 0.9243668887578036, 0.6814088991445414, 0.0, 0.0, 0.0, 0.0], [1.1445511534655681, -0.3905967448860833, -0.15288076672724893, 0.0, 0.09856718535297244, 0.0, 0.0, 0.0, 0.0, 0.0], [0.24088686858334765, -1.0443285059548006, 0.50284179796029, 0.07118202525854311, -0.10906930492041356, 0.3734342557529618, 0.0, 0.0, 0.0, 0.0], [-0.3023889488773893, 0.0, 1.373040605201245, -0.770591117846843, 0.09038455993994718, 0.06875586368024045, 0.0, 0.0, 0.0, 0.0], [1.0727526284170867, 0.17526897795427068, -0.004375292498166127, -0.3884805138929565, 0.9790855981325148, 0.0, 0.0, 0.0, 0.0, 0.0], [0.0, -0.0716090163707955, 0.9638216728538832, -0.7403814474435585, 0.10506555823501756, 0.19790196244730787, 0.0, 0.0, 0.0, 0.0], [0.0, 0.0, 0.0, 0.0, 0.0, 0.6642025411948799, 0.0, -0.10820285185828227, -0.22350006873033368, -0.006160561433688018], [0.0, 0.0, 0.0, 0.0, 0.0, 0.0, 0.0, 0.4488148001239266, 0.34034908929839724, 0.0], [0.0, 0.0, 0.0, 0.0, 0.0, 0.33087221652504234, 0.2228759792678098, 0.44394510638304013, -0.10254172315668342, 0.0], [0.0, 0.0, 0.0, 0.0, 0.0, 0.0, 0.0, 0.0, 0.3431061317027755, 0.520216135083038]]),
     np.array([5.982721585107708, 2.925720913846631, 2.2187540149872196, 3.396604390313846, 5.368751808231158, 1.3119195155582382, 2.334902984555389, 0.896077067633073, 1.4743666276922198, 3.9188605892398263]),
     np.array([[0.0, 0.0, 0.0, 0.0, 0.0, 0.0, 0.0, 0.0, 0.0, 0.0], [0.008409368638205869, -0.24761175219807022, 0.0, 0.0, 0.0, 0.0, 0.0, 0.0, 0.0, 0.0], [0.0, 0.0, 0.0, 0.07118202525854311, -0.10906930492041356, 0.0, 0.0, 0.0, 0.0, 0.0], [0.0, 0.0, 0.0, -0.5312092724498991, 0.0, 0.0, 0.0, 0.0, 0.0, 0.0], [0.0, 0.0, -0.004375292498166127, -0.3884805138929565, -1.0387383059315416, 0.0, 0.0, 0.0, 0.0, 0.0], [0.0, 0.0, 0.0, 0.0, 0.0, 0.0, 0.0, 0.0, 0.0, 0.0], [0.0, 0.0, 0.0, 0.0, 0.0, 0.0, 0.0, 0.0, -0.22350006873033368, 0.09530803052364105], [0.0, 0.0, 0.0, 0.0, 0.0, 0.0, 0.0, 0.0, 0.0, 0.0], [0.0, 0.0, 0.0, 0.0, 0.0, 0.0, 0.0, 0.0, -0.10254172315668342, 0.0], [0.0, 0.0, 0.0, 0.0, 0.0, 0.0, 0.0, 0.0, 0.0, 0.0]])),
    (np.array([0.9933996330813506, 1.333212855260969, 1.3414892951188802, 0.7316800706218881, 0.38439202564693975, 0.3434693159798957, 1.0693802047468883, 0.9271902838771131, 0.33389554519219083, 1.1903998322694374]),
     np.array([[0.6598736555593689, 0.0, 0.08556920258274525, -0.7585451195840537, 0.50768070620527, 1.0974288402167478, 0.0, 0.0, 0.0, 0.0], [0.8638359264474635, -0.50324667041231, -0.2632940927574259, 0.0, 0.27459954658106417, 0.0, 0.0, 0.0, 0.0, 0.0], [0.27557130446750494, -1.0315388370690168, 0.6773164623561505, 0.0135502243391466, -0.20491289718714284, 0.18747063074823309, 0.0, 0.0, 0.0, 0.0], [-0.37892069958677377, 0.0, 1.318965713154613, -0.7339714529873671, 0.16498545526254396, 0.18399901996669688, 0.0, 0.0, 0.0, 0.0], [1.0858952193914218, 0.2381603254807522, 0.22099512141653901, -0.40741688037086543, 0.4974754251071995, 0.0, 0.0, 0.0, 0.0, 0.0], [0.0, -0.15988043498764865, 0.9707627750808625, -0.8178105906894078, 0.11401093992103561, 0.10807428398819678, 0.0, 0.0, 0.0, 0.0], [0.0, 0.0, 0.0, 0.0, 0.0, 0.6137176481306432, 0.0, -0.24304880478119606, -0.2590861190783805, 0.022590252874115174], [0.0, 0.0, 0.0, 0.0, 0.0, 0.0, 0.0, 0.5780786285516253, 0.5090010619138124, 0.0], [0.0, 0.0, 0.0, 0.0, 0.0, 0.34921828776081415, 0.24805324730324335, 0.4832549304059165, -0.1105681023469873, 0.0], [0.0, 0.0, 0.0, 0.0, 0.0, 0.0, 0.0, 0.0, 0.3079015844886657, 0.9056361730026667]]),
     np.array([6.039244994531096, 2.733835327009428, 2.3295411256120513, 3.6009497677385416, 4.168967378025805, 1.4607898657060614, 4.333853787366092, 1.6547523181935124, 1.614793411825381, 1.0688267039383512]),
     np.array([[0.0, 0.0, 0.0, 0.0, 0.0, 0.0, 0.0, 0.0, 0.0, 0.0], [0.15104565194153174, -0.24883988910180502, 0.0, 0.0, 0.0, 0.0, 0.0, 0.0, 0.0, 0.0], [0.0, 0.0, 0.0, 0.0135502243391466, -0.20491289718714284, 0.0, 0.0, 0.0, 0.0, 0.0], [0.0, 0.0, 0.0, -0.5576505650580015, 0.0, 0.0, 0.0, 0.0, 0.0, 0.0], [0.0, 0.0, 0.22099512141653901, -0.40741688037086543, 0.16001911829092158, 0.0, 0.0, 0.0, 0.0, 0.0], [0.0, 0.0, 0.0, 0.0, 0.0, 0.0, 0.0, 0.0, 0.0, 0.0], [0.0, 0.0, 0.0, 0.0, 0.0, 0.0, 0.0, 0.0, -0.2590861190783805, -0.33437038373657685], [0.0, 0.0, 0.0, 0.0, 0.0, 0.0, 0.0, 0.0, 0.0, 0.0], [0.0, 0.0, 0.0, 0.0, 0.0, 0.0, 0.0, 0.0, -0.1105681023469873, 0.0], [0.0, 0.0, 0.0, 0.0, 0.0, 0.0, 0.0, 0.0, 0.0, 0.0]])),
    (np.array([0.9854361139746474, 1.3807429961020925, 1.1940717350439813, 0.6910667163584407, 0.5154772649468686, 0.3531915677072033, 1.1309608333538363, 1.042897355339814, 0.27963936055736266, 0.8266211515190682]),
     np.array([[0.32265284798331795, 0.0, 0.29415084380701045, -0.72061549976589, 0.5628469014495349, 0.4513200996255131, 0.0, 0.0, 0.0, 0.0], [0.91824528819739, -0.5509824633775475, -0.2384776520364848, 0.0, 0.3595126242647101, 0.0, 0.0, 0.0, 0.0, 0.0], [0.3208751005179721, -1.0282577267236017, 0.6691938555283602, 0.12096142635832587, -0.10210516916026523, 0.18725026559921654, 0.0, 0.0, 0.0, 0.0], [-0.3325909831631292, 0.0, 1.2363598288780113, -0.6044473500005654, 0.4076146721301749, 0.08537022865884174, 0.0, 0.0, 0.0, 0.0], [0.7974042610536157, -0.020271270955930287, 0.22585482014298128, -0.5120407274022466, 0.881986678799512, 0.0, 0.0, 0.0, 0.0, 0.0], [0.0, -0.09991421526385509, 0.8712876406576227, -0.718949241517902, 0.1188090430091427, -0.11523203849322756, 0.0, 0.0, 0.0, 0.0], [0.0, 0.0, 0.0, 0.0, 0.0, 0.691909523003405, 0.0, -0.27564650519726563, 0.015273531537931513, -0.1087020070859463], [0.0, 0.0, 0.0, 0.0, 0.0, 0.0, 0.0, 0.298289599955237, 0.5657074656645986, 0.0], [0.0, 0.0, 0.0, 0.0, 0.0, 0.255394274427094, 0.28353292789478546, 0.5345679710152588, -0.11117692904249589, 0.0], [0.0, 0.0, 0.0, 0.0, 0.0, 0.0, 0.0, 0.0, 0.2060446898158556, 0.9439050259289379]]),
     np.array([4.542631638688339, 3.431657120932579, 2.548356320321783, 3.309729904110084, 3.8003868550836395, 1.1639313809342673, 3.8481855901344035, 2.1286491130579477, 1.6954223647882283, 0.20497168412900552]),
     np.array([[0.0, 0.0, 0.0, 0.0, 0.0, 0.0, 0.0, 0.0, 0.0, 0.0], [-0.08040669024772273, -0.23222013967755203, 0.0, 0.0, 0.0, 0.0, 0.0, 0.0, 0.0, 0.0], [0.0, 0.0, 0.0, 0.12096142635832587, -0.10210516916026523, 0.0, 0.0, 0.0, 0.0, 0.0], [0.0, 0.0, 0.0, -0.3121114265136084, 0.0, 0.0, 0.0, 0.0, 0.0, 0.0], [0.0, 0.0, 0.22585482014298128, -0.5120407274022466, -0.24190131590597952, 0.0, 0.0, 0.0, 0.0, 0.0], [0.0, 0.0, 0.0, 0.0, 0.0, 0.0, 0.0, 0.0, 0.0, 0.0], [0.0, 0.0, 0.0, 0.0, 0.0, 0.0, 0.0, 0.0, 0.015273531537931513, -0.031217324179707944], [0.0, 0.0, 0.0, 0.0, 0.0, 0.0, 0.0, 0.0, 0.0, 0.0], [0.0, 0.0, 0.0, 0.0, 0.0, 0.0, 0.0, 0.0, -0.11117692904249589, 0.0], [0.0, 0.0, 0.0, 0.0, 0.0, 0.0, 0.0, 0.0, 0.0, 0.0]])),
    (np.array([1.025684976004073, 1.377022393913091, 1.2376959996979628, 0.8261195076431792, 0.42026682562994117, 0.3176693311450368, 1.0946669962601536, 0.8698903149982713, 0.32231808814578033, 1.7164630727095356]),
     np.array([[0.5699124076820596, 0.0, 0.3092451505031868, -0.8812848755311443, 0.46426376599961194, 0.554120727678785, 0.0, 0.0, 0.0, 0.0], [0.9377182702736059, -0.4961142578606737, -0.15910123533568205, 0.0, 0.24195264969733105, 0.0, 0.0, 0.0, 0.0, 0.0], [0.13811279726005035, -0.998796708860221, 0.6511681758512476, 0.03139349160959342, -0.09417828267681065, 0.5478118800435553, 0.0, 0.0, 0.0, 0.0], [-0.4281659407230569, 0.0, 1.086684809251593, -0.8630849090093077, 0.42214835628685105, 0.11111819242776544, 0.0, 0.0, 0.0, 0.0], [1.1915054431653354, 0.23738235952103692, 0.22174268224018331, -0.4491918728516145, 0.9366325858135295, 0.0, 0.0, 0.0, 0.0, 0.0], [0.0, -0.06699678049409835, 0.8500792087004976, -0.7528651723165036, 0.017308090381658564, 0.2201010536154883, 0.0, 0.0, 0.0, 0.0], [0.0, 0.0, 0.0, 0.0, 0.0, 0.34713703269605445, 0.0, -0.21261904832644235, -0.034074505302402365, 0.05803897059539218], [0.0, 0.0, 0.0, 0.0, 0.0, 0.0, 0.0, 0.6223563846583002, 0.3762216318208175, 0.0], [0.0, 0.0, 0.0, 0.0, 0.0, 0.19143274583557496, 0.31523888229820646, 0.433451665210751, -0.09171976979568518, 0.0], [0.0, 0.0, 0.0, 0.0, 0.0, 0.0, 0.0, 0.0, 0.20118938233335856, 0.5045292115190645]]),
     np.array([8.579304334918286, 3.034692180859801, 2.41763331761631, 3.595274198325714, 5.54883817260417, 1.2712882780935881, 1.5212980266655902, 1.1275170708211304, 1.590228063389103, 5.40842781011619]),
     np.array([[0.0, 0.0, 0.0, 0.0, 0.0, 0.0, 0.0, 0.0, 0.0, 0.0], [-0.04778950228048445, -0.20712978206020122, 0.0, 0.0, 0.0, 0.0, 0.0, 0.0, 0.0, 0.0], [0.0, 0.0, 0.0, 0.03139349160959342, -0.09417828267681065, 0.0, 0.0, 0.0, 0.0, 0.0], [0.0, 0.0, 0.0, -0.5116352718835091, 0.0, 0.0, 0.0, 0.0, 0.0, 0.0], [0.0, 0.0, 0.22174268224018331, -0.4491918728516145, -0.14384393896013062, 0.0, 0.0, 0.0, 0.0, 0.0], [0.0, 0.0, 0.0, 0.0, 0.0, 0.0, 0.0, 0.0, 0.0, 0.0], [0.0, 0.0, 0.0, 0.0, 0.0, 0.0, 0.0, 0.0, -0.034074505302402365, -0.02949567861500059], [0.0, 0.0, 0.0, 0.0, 0.0, 0.0, 0.0, 0.0, 0.0, 0.0], [0.0, 0.0, 0.0, 0.0, 0.0, 0.0, 0.0, 0.0, -0.09171976979568518, 0.0], [0.0, 0.0, 0.0, 0.0, 0.0, 0.0, 0.0, 0.0, 0.0, 0.0]])),
    (np.array([1.0291150897661712, 1.225989307363835, 1.2561341198091482, 0.7529927312331363, 0.3894441933002061, 0.34797385622882127, 1.023006669905907, 0.9692395303962021, 0.3534948394693615, 1.3688420999558022]),
     np.array([[0.4566587912623205, 0.0, 0.06697925819176359, -1.2218079248683538, 0.7840471880505212, 1.0635058898557708, 0.0, 0.0, 0.0, 0.0], [1.1786612141180572, -0.6396411005268311, -0.20836066431094813, 0.0, 0.31176287661516294, 0.0, 0.0, 0.0, 0.0, 0.0], [0.1494350238953889, -0.8014198856597685, 0.5003255732394811, 0.10446516500794849, -0.05905215006836031, 0.23301471552898043, 0.0, 0.0, 0.0, 0.0], [-0.42818458016006544, 0.0, 1.331506958900692, -0.7916838111578118, 0.3939484229013516, 0.4159647426442989, 0.0, 0.0, 0.0, 0.0], [0.9970425217898857, 0.11302334983704951, 0.18898416929455444, -0.3246553625116316, 0.7841088879938178, 0.0, 0.0, 0.0, 0.0, 0.0], [0.0, -0.1314181493722533, 1.0075942656233423, -0.8316688932434747, 0.08803579123940118, 0.14500974938558572, 0.0, 0.0, 0.0, 0.0], [0.0, 0.0, 0.0, 0.0, 0.0, 0.5169055996100307, 0.0, -0.2569151690753726, -0.11529832406001383, 0.08467284092754253], [0.0, 0.0, 0.0, 0.0, 0.0, 0.0, 0.0, 0.537069424547195, 0.5671365986828604, 0.0], [0.0, 0.0, 0.0, 0.0, 0.0, 0.4020155822074143, 0.3291062574296814, 0.4505962287770469, -0.16425744441800358, 0.0], [0.0, 0.0, 0.0, 0.0, 0.0, 0.0, 0.0, 0.0, 0.2583321957738488, 0.8964066577205657]]),
     np.array([10.491224929832269, 4.350406515874636, 1.727221011995369, 4.76314149785321, 4.1012790238942065, 1.2996890739412428, 2.8938349147131395, 2.129543876239067, 1.90629210228913, 2.0969124210550887]),
     np.array([[0.0, 0.0, 0.0, 0.0, 0.0, 0.0, 0.0, 0.0, 0.0, 0.0], [0.21366351932005764, -0.304861612904192, 0.0, 0.0, 0.0, 0.0, 0.0, 0.0, 0.0, 0.0], [0.0, 0.0, 0.0, 0.10446516500794849, -0.05905215006836031, 0.0, 0.0, 0.0, 0.0, 0.0], [0.0, 0.0, 0.0, -0.4396115593078859, 0.0, 0.0, 0.0, 0.0, 0.0, 0.0], [0.0, 0.0, 0.18898416929455444, -0.3246553625116316, 0.0840182759867667, 0.0, 0.0, 0.0, 0.0, 0.0], [0.0, 0.0, 0.0, 0.0, 0.0, 0.0, 0.0, 0.0, 0.0, 0.0], [0.0, 0.0, 0.0, 0.0, 0.0, 0.0, 0.0, 0.0, -0.11529832406001383, 0.09629846998659687], [0.0, 0.0, 0.0, 0.0, 0.0, 0.0, 0.0, 0.0, 0.0, 0.0], [0.0, 0.0, 0.0, 0.0, 0.0, 0.0, 0.0, 0.0, -0.16425744441800358, 0.0], [0.0, 0.0, 0.0, 0.0, 0.0, 0.0, 0.0, 0.0, 0.0, 0.0]])),
    (np.array([1.0313181284938695, 1.2922227557462644, 1.1272172802569682, 0.8370940924314728, 0.45740063297895855, 0.3225809479764735, 1.0514632109009365, 0.9476550862236679, 0.2789962520313966, 1.5273685039474978]),
     np.array([[0.6463148114816128, 0.0, 0.1210447517296822, -0.9258725704547482, 0.31765694062778016, 0.7120537606397144, 0.0, 0.0, 0.0, 0.0], [0.7828333641388859, -0.5473359571693818, -0.1363809971496155, 0.0, 0.16677378463240428, 0.0, 0.0, 0.0, 0.0, 0.0], [0.26735982254732965, -0.8930798602018968, 0.8488139787160448, 0.09549204888550486, -0.16104820649755794, 0.5413228437983232, 0.0, 0.0, 0.0, 0.0], [-0.3765525136132423, 0.0, 1.0680026304124952, -0.8598951448952413, 0.3155827911452073, 0.2226467669101137, 0.0, 0.0, 0.0, 0.0], [0.9068864533208602, 0.13344405854555058, 0.12074589072800458, -0.33559064083397694, 0.9308429668897347, 0.0, 0.0, 0.0, 0.0, 0.0], [0.0, -0.09814250833921234, 1.1093883595909066, -0.8944556074177388, 0.10729677133587871, 0.13510631323663067, 0.0, 0.0, 0.0, 0.0], [0.0, 0.0, 0.0, 0.0, 0.0, 0.6722800663663958, 0.0, -0.14308420720152823, -0.06359322767833135, 0.008776589818112383], [0.0, 0.0, 0.0, 0.0, 0.0, 0.0, 0.0, 0.6381920297412551, 0.38795043504894294, 0.0], [0.0, 0.0, 0.0, 0.0, 0.0, 0.2903714488415808, 0.2476765173191335, 0.6025938639746744, -0.08104275595658217, 0.0], [0.0, 0.0, 0.0, 0.0, 0.0, 0.0, 0.0, 0.0, 0.4612356128430753, 0.5302616970327264]]),
     np.array([5.656914028203254, 3.034592262479907, 2.2755516240827345, 3.4701882292522828, 4.73077288064032, 1.4717305141111752, 1.668199671940164, 1.101541752537542, 1.7733094957252482, 2.481587916977447]),
     np.array([[0.0, 0.0, 0.0, 0.0, 0.0, 0.0, 0.0, 0.0, 0.0, 0.0], [0.19359936876847397, -0.22378867426383284, 0.0, 0.0, 0.0, 0.0, 0.0, 0.0, 0.0, 0.0], [0.0, 0.0, 0.0, 0.09549204888550486, -0.16104820649755794, 0.0, 0.0, 0.0, 0.0, 0.0], [0.0, 0.0, 0.0, -0.3949521814724412, 0.0, 0.0, 0.0, 0.0, 0.0, 0.0], [0.0, 0.0, 0.12074589072800458, -0.33559064083397694, -0.9136580822134187, 0.0, 0.0, 0.0, 0.0, 0.0], [0.0, 0.0, 0.0, 0.0, 0.0, 0.0, 0.0, 0.0, 0.0, 0.0], [0.0, 0.0, 0.0, 0.0, 0.0, 0.0, 0.0, 0.0, -0.06359322767833135, -0.012217115016466924], [0.0, 0.0, 0.0, 0.0, 0.0, 0.0, 0.0, 0.0, 0.0, 0.0], [0.0, 0.0, 0.0, 0.0, 0.0, 0.0, 0.0, 0.0, -0.08104275595658217, 0.0], [0.0, 0.0, 0.0, 0.0, 0.0, 0.0, 0.0, 0.0, 0.0, 0.0]])),
    (np.array([1.0336675785316414, 1.367191040038171, 1.2000430702526579, 0.7921111481178413, 0.42469045982640447, 0.33983065291312436, 0.938060710488421, 0.9873246539317811, 0.15152803160305936, 1.1987429234869438]),
     np.array([[0.5276783875335362, 0.0, 0.25223359621004265, -0.9371477318649988, 0.7022594619062207, 0.5689400641594394, 0.0, 0.0, 0.0, 0.0], [0.8988484732710292, -0.5597490713175636, -0.16464601601426698, 0.0, 0.10638805340607135, 0.0, 0.0, 0.0, 0.0, 0.0], [0.17615690728628564, -0.8615810895321702, 0.5742344923403254, 0.11376415618990521, -0.014572569763262547, 0.32474897127985186, 0.0, 0.0, 0.0, 0.0], [-0.4559971420866249, 0.0, 1.3044338036154937, -0.8490765654555962, 0.3882461174793706, 0.504591846072921, 0.0, 0.0, 0.0, 0.0], [1.008932671721634, 0.2758908899179576, 0.31012193657535453, -0.4786019333832216, 0.6654999646014012, 0.0, 0.0, 0.0, 0.0, 0.0], [0.0, -0.11343857377647792, 1.1320827367752133, -0.8752792115526802, 0.08694804043571532, 0.1500549426172164, 0.0, 0.0, 0.0, 0.0], [0.0, 0.0, 0.0, 0.0, 0.0, 0.7439447484114461, 0.0, -0.13823823896126602, -0.15493769752493197, 0.11212175269942311], [0.0, 0.0, 0.0, 0.0, 0.0, 0.0, 0.0, 0.3648527360843829, 0.35290363141022524, 0.0], [0.0, 0.0, 0.0, 0.0, 0.0, 0.5013671983627357, 0.26959389270394307, 0.493675216828799, 0.007000446658487522, 0.0], [0.0, 0.0, 0.0, 0.0, 0.0, 0.0, 0.0, 0.0, 0.24948099157374462, 0.8174806670466771]]),
     np.array([7.248499044617667, 2.942825318780646, 1.9472651321725953, 4.744143540289855, 4.980420449563959, 1.3290115333996848, 2.2157487374254385, 1.1280394045291793, 1.2984654577206922, 1.1212254074302124]),
     np.array([[0.0, 0.0, 0.0, 0.0, 0.0, 0.0, 0.0, 0.0, 0.0, 0.0], [-0.09993479784722643, -0.28095030698581275, 0.0, 0.0, 0.0, 0.0, 0.0, 0.0, 0.0, 0.0], [0.0, 0.0, 0.0, 0.11376415618990521, -0.014572569763262547, 0.0, 0.0, 0.0, 0.0, 0.0], [0.0, 0.0, 0.0, -0.1282767539448644, 0.0, 0.0, 0.0, 0.0, 0.0, 0.0], [0.0, 0.0, 0.31012193657535453, -0.4786019333832216, -0.43187827277656904, 0.0, 0.0, 0.0, 0.0, 0.0], [0.0, 0.0, 0.0, 0.0, 0.0, 0.0, 0.0, 0.0, 0.0, 0.0], [0.0, 0.0, 0.0, 0.0, 0.0, 0.0, 0.0, 0.0, -0.15493769752493197, -0.09720651686712733], [0.0, 0.0, 0.0, 0.0, 0.0, 0.0, 0.0, 0.0, 0.0, 0.0], [0.0, 0.0, 0.0, 0.0, 0.0, 0.0, 0.0, 0.0, 0.007000446658487522, 0.0], [0.0, 0.0, 0.0, 0.0, 0.0, 0.0, 0.0, 0.0, 0.0, 0.0]])),
    (np.array([0.9165721031462699, 1.2174096739620053, 1.219739167474512, 0.8277358199730459, 0.40119204157580196, 0.36410163290536424, 1.0919021334138788, 0.8182150933451361, 0.3410158048266464, 1.5767187754523393]),
     np.array([[0.5966577379244393, 0.0, 0.22467350562461483, -0.6126253466820977, 0.3541717013745673, 0.5951418633027851, 0.0, 0.0, 0.0, 0.0], [0.9397451312415875, -0.318445251664825, -0.1389948805807062, 0.0, 0.20449514601182953, 0.0, 0.0, 0.0, 0.0, 0.0], [0.17082360252293752, -0.9292791350423083, 0.714020863327655, 0.16270396129874445, -0.14191309697996507, 0.47244788088522155, 0.0, 0.0, 0.0, 0.0], [-0.46964771576853354, 0.0, 1.2200549189916585, -0.7855343278427036, 0.3073591114341928, 0.15941439223943604, 0.0, 0.0, 0.0, 0.0], [1.3005091492963483, 0.1476171336190841, 0.08864659491301548, -0.38473865633220544, 0.6702404490885997, 0.0, 0.0, 0.0, 0.0, 0.0], [0.0, -0.1317217592073829, 1.0098669697270959, -0.7731656367350772, 0.0476379294793386, 0.24892360480967546, 0.0, 0.0, 0.0, 0.0], [0.0, 0.0, 0.0, 0.0, 0.0, 0.5542383146091837, 0.0, -0.12280446818410251, -0.22533277249160816, 0.0034005249365150762], [0.0, 0.0, 0.0, 0.0, 0.0, 0.0, 0.0, 0.5708025102071411, 0.5316932077418572, 0.0], [0.0, 0.0, 0.0, 0.0, 0.0, 0.39311124525354124, 0.2580120301534043, 0.4429111333453278, -0.1135597281828258, 0.0], [0.0, 0.0, 0.0, 0.0, 0.0, 0.0, 0.0, 0.0, 0.49151918169998265, 0.6398466034139647]]),
     np.array([5.168267325013972, 2.7772013017242267, 2.1173032136622796, 3.5870131756928645, 4.761710827621089, 1.2617064567047012, 2.370027930827412, 1.060204412611644, 1.4177166190921555, 8.263536632460807]),
     np.array([[0.0, 0.0, 0.0, 0.0, 0.0, 0.0, 0.0, 0.0, 0.0, 0.0], [0.13841061439649033, -0.33157928924645275, 0.0, 0.0, 0.0, 0.0, 0.0, 0.0, 0.0, 0.0], [0.0, 0.0, 0.0, 0.16270396129874445, -0.14191309697996507, 0.0, 0.0, 0.0, 0.0, 0.0], [0.0, 0.0, 0.0, -0.2022173747870932, 0.0, 0.0, 0.0, 0.0, 0.0, 0.0], [0.0, 0.0, 0.08864659491301548, -0.38473865633220544, -0.0738433672681043, 0.0, 0.0, 0.0, 0.0, 0.0], [0.0, 0.0, 0.0, 0.0, 0.0, 0.0, 0.0, 0.0, 0.0, 0.0], [0.0, 0.0, 0.0, 0.0, 0.0, 0.0, 0.0, 0.0, -0.22533277249160816, -0.15810447215004278], [0.0, 0.0, 0.0, 0.0, 0.0, 0.0, 0.0, 0.0, 0.0, 0.0], [0.0, 0.0, 0.0, 0.0, 0.0, 0.0, 0.0, 0.0, -0.1135597281828258, 0.0], [0.0, 0.0, 0.0, 0.0, 0.0, 0.0, 0.0, 0.0, 0.0, 0.0]])),
    (np.array([1.0010452699612424, 1.3092721087531287, 1.323759869691652, 0.7877164506129236, 0.30654913119893445, 0.3617012047487143, 1.0714495633504304, 0.8013445251838277, 0.3540993052941676, 1.3813960016827307]),
     np.array([[0.4456495430431096, 0.0, 0.19154887815691565, -0.8002326985057383, 0.8276639016600903, 0.5969063318655389, 0.0, 0.0, 0.0, 0.0], [1.1668922878381793, -0.3695431232891657, -0.20168205914304171, 0.0, -0.013416351524437941, 0.0, 0.0, 0.0, 0.0, 0.0], [0.18063781583073493, -1.053102102802483, 0.5792902959483242, 0.059561842332056684, -0.05942501308523088, 0.36779535789220413, 0.0, 0.0, 0.0, 0.0], [-0.4466481527801665, 0.0, 1.3459177525411048, -0.8079873544658496, 0.3205559644101428, 0.10187600565819373, 0.0, 0.0, 0.0, 0.0], [0.9142928841336088, 0.23231107251639777, 0.2357561183723892, -0.27590503119063353, 0.7618457714685442, 0.0, 0.0, 0.0, 0.0, 0.0], [0.0, -0.1306208164599297, 1.0186162851518143, -0.8519123283894154, 0.07096572985806886, 0.08377060468512529, 0.0, 0.0, 0.0, 0.0], [0.0, 0.0, 0.0, 0.0, 0.0, 0.8696693860877296, 0.0, -0.269969607053283, -0.08471578278307242, 0.03236912111122974], [0.0, 0.0, 0.0, 0.0, 0.0, 0.0, 0.0, 0.634567519874144, 0.5450809397634299, 0.0], [0.0, 0.0, 0.0, 0.0, 0.0, 0.36926375051869426, 0.17898237831751676, 0.41179870695732756, -0.10882397679568026, 0.0], [0.0, 0.0, 0.0, 0.0, 0.0, 0.0, 0.0, 0.0, 0.7714998162453615, 0.8031259234889426]]),
     np.array([8.1666367695453, 2.9760765853339315, 2.2150616953571944, 4.417764407776878, 3.539310746047273, 1.3909234091979965, 3.5413534103240623, 1.1025275136512849, 1.4579697179950961, 2.77066165359763]),
     np.array([[0.0, 0.0, 0.0, 0.0, 0.0, 0.0, 0.0, 0.0, 0.0, 0.0], [-0.005654830386284419, -0.6271884623286487, 0.0, 0.0, 0.0, 0.0, 0.0, 0.0, 0.0, 0.0], [0.0, 0.0, 0.0, 0.059561842332056684, -0.05942501308523088, 0.0, 0.0, 0.0, 0.0, 0.0], [0.0, 0.0, 0.0, -0.5188908664540407, 0.0, 0.0, 0.0, 0.0, 0.0, 0.0], [0.0, 0.0, 0.2357561183723892, -0.27590503119063353, -0.08071818166392827, 0.0, 0.0, 0.0, 0.0, 0.0], [0.0, 0.0, 0.0, 0.0, 0.0, 0.0, 0.0, 0.0, 0.0, 0.0], [0.0, 0.0, 0.0, 0.0, 0.0, 0.0, 0.0, 0.0, -0.08471578278307242, -0.07602012649245031], [0.0, 0.0, 0.0, 0.0, 0.0, 0.0, 0.0, 0.0, 0.0, 0.0], [0.0, 0.0, 0.0, 0.0, 0.0, 0.0, 0.0, 0.0, -0.10882397679568026, 0.0], [0.0, 0.0, 0.0, 0.0, 0.0, 0.0, 0.0, 0.0, 0.0, 0.0]])),
    (np.array([1.0445415323657312, 1.526505231761426, 1.2313116649290166, 0.8855363173294158, 0.39684812652671625, 0.2707340260216267, 1.1187933998588067, 1.0992466364200886, 0.37083202371297386, 1.5717878036769288]),
     np.array([[0.47970659216312705, 0.0, 0.11951990243193279, -0.7641535341348992, 0.12120972713887618, 0.44486465397488967, 0.0, 0.0, 0.0, 0.0], [0.9038586599739907, -0.7303086747524965, -0.2766056386778221, 0.0, -0.0159589517846466, 0.0, 0.0, 0.0, 0.0, 0.0], [0.16749362152800246, -0.9052582555883184, 0.8852286566419457, 0.035920352821074454, -0.08132904209222389, 0.2422187330784022, 0.0, 0.0, 0.0, 0.0], [-0.4437615182472173, 0.0, 1.0257232442836999, -0.9019762470229454, 0.18796998475033774, 0.07903815754267995, 0.0, 0.0, 0.0, 0.0], [1.053785431559003, 0.26720370954564987, 0.17722772654105146, -0.33643487515827525, 0.7542109444625794, 0.0, 0.0, 0.0, 0.0, 0.0], [0.0, -0.07561293284330696, 1.1662244871978895, -0.8944639604137553, 0.10154648171034061, 0.18162514335113655, 0.0, 0.0, 0.0, 0.0], [0.0, 0.0, 0.0, 0.0, 0.0, 0.6251957624166409, 0.0, -0.24335741183666057, -0.3542368816048583, 0.02354680011059844], [0.0, 0.0, 0.0, 0.0, 0.0, 0.0, 0.0, 0.5158099256427743, 0.4517615642983938, 0.0], [0.0, 0.0, 0.0, 0.0, 0.0, 0.2757702910938092, 0.33836884835109693, 0.47518859630417054, -0.13883459066211143, 0.0], [0.0, 0.0, 0.0, 0.0, 0.0, 0.0, 0.0, 0.0, 0.222974397551064, 0.7226194199639638]]),
     np.array([4.927500980079677, 2.493872996389585, 2.1588573323739744, 2.7227378103978825, 4.54843327529801, 1.3939147230173836, 5.115047301327914, 2.7226288433062438, 2.026907160115917, 4.576221082726512]),
     np.array([[0.0, 0.0, 0.0, 0.0, 0.0, 0.0, 0.0, 0.0, 0.0, 0.0], [0.0709003715723669, -0.21294415489185767, 0.0, 0.0, 0.0, 0.0, 0.0, 0.0, 0.0, 0.0], [0.0, 0.0, 0.0, 0.035920352821074454, -0.08132904209222389, 0.0, 0.0, 0.0, 0.0, 0.0], [0.0, 0.0, 0.0, -0.18058652044010093, 0.0, 0.0, 0.0, 0.0, 0.0, 0.0], [0.0, 0.0, 0.17722772654105146, -0.33643487515827525, -0.02722846880033853, 0.0, 0.0, 0.0, 0.0, 0.0], [0.0, 0.0, 0.0, 0.0, 0.0, 0.0, 0.0, 0.0, 0.0, 0.0], [0.0, 0.0, 0.0, 0.0, 0.0, 0.0, 0.0, 0.0, -0.3542368816048583, -0.179396126851756], [0.0, 0.0, 0.0, 0.0, 0.0, 0.0, 0.0, 0.0, 0.0, 0.0], [0.0, 0.0, 0.0, 0.0, 0.0, 0.0, 0.0, 0.0, -0.13883459066211143, 0.0], [0.0, 0.0, 0.0, 0.0, 0.0, 0.0, 0.0, 0.0, 0.0, 0.0]])),
    (np.array([1.050689006810951, 1.1990988287728517, 1.2188624681885307, 0.7740807605947995, 0.3992656155589741, 0.3476454072844924, 1.1646288750315998, 1.1120451064526529, 0.3309816331929167, 1.276149840275695]),
     np.array([[0.3339287666842084, 0.0, 0.3649508227195625, -0.8641977031439807, 0.7726046891581438, 0.6712343594681603, 0.0, 0.0, 0.0, 0.0], [1.1177445312804295, -0.4906500491436161, -0.008071626652311615, 0.0, 0.43996276461581374, 0.0, 0.0, 0.0, 0.0, 0.0], [0.17577657183597903, -0.9713354882741255, 0.6200825131168373, -0.0011753349130538364, -0.20320153800653556, 0.6511770942210886, 0.0, 0.0, 0.0, 0.0], [-0.3607948178076124, 0.0, 1.101689377602844, -0.7634509160596468, 0.15384253294591008, 0.12135941440842364, 0.0, 0.0, 0.0, 0.0], [0.9819970055963168, 0.014222840692237445, 0.2783629413943643, -0.3499635188111057, 0.7750417342861636, 0.0, 0.0, 0.0, 0.0, 0.0], [0.0, -0.14448319472739082, 1.072534608038204, -0.8212902491621255, 0.1056617320009314, 0.21365780151073993, 0.0, 0.0, 0.0, 0.0], [0.0, 0.0, 0.0, 0.0, 0.0, 0.39340041516938323, 0.0, -0.25571230366033765, -0.10154391440839775, -0.03542341391733012], [0.0, 0.0, 0.0, 0.0, 0.0, 0.0, 0.0, 0.4964318805301358, 0.4284833500728106, 0.0], [0.0, 0.0, 0.0, 0.0, 0.0, 0.2770585112397108, 0.3299250040065593, 0.5620672248428699, -0.06880411543617851, 0.0], [0.0, 0.0, 0.0, 0.0, 0.0, 0.0, 0.0, 0.0, 0.25624912515938014, 0.73796589633182]]),
     np.array([8.083607092859245, 5.076135420202228, 2.464729579481444, 3.1662846802638174, 4.04109338606297, 1.425532266227968, 2.4698470285809626, 4.334050744658669, 2.0317081757964455, 1.0752432017553832]),
     np.array([[0.0, 0.0, 0.0, 0.0, 0.0, 0.0, 0.0, 0.0, 0.0, 0.0], [0.344299995994651, -0.9913306259042528, 0.0, 0.0, 0.0, 0.0, 0.0, 0.0, 0.0, 0.0], [0.0, 0.0, 0.0, -0.0011753349130538364, -0.20320153800653556, 0.0, 0.0, 0.0, 0.0, 0.0], [0.0, 0.0, 0.0, -0.10325234278132449, 0.0, 0.0, 0.0, 0.0, 0.0, 0.0], [0.0, 0.0, 0.2783629413943643, -0.3499635188111057, -0.20654845084258322, 0.0, 0.0, 0.0, 0.0, 0.0], [0.0, 0.0, 0.0, 0.0, 0.0, 0.0, 0.0, 0.0, 0.0, 0.0], [0.0, 0.0, 0.0, 0.0, 0.0, 0.0, 0.0, 0.0, -0.10154391440839775, -0.296904939452259], [0.0, 0.0, 0.0, 0.0, 0.0, 0.0, 0.0, 0.0, 0.0, 0.0], [0.0, 0.0, 0.0, 0.0, 0.0, 0.0, 0.0, 0.0, -0.06880411543617851, 0.0], [0.0, 0.0, 0.0, 0.0, 0.0, 0.0, 0.0, 0.0, 0.0, 0.0]])),
    (np.array([1.0259052677862415, 1.2570912593886068, 1.3053753967600608, 0.7220778800373747, 0.49567448734239394, 0.23135119912800814, 1.0019229009653567, 1.01856702828041, 0.3241484150905096, 1.5757754809780073]),
     np.array([[0.39784669630009045, 0.0, 0.1768107486772757, -0.8227462391363993, 0.39286147288347184, 0.5508398628185853, 0.0, 0.0, 0.0, 0.0], [0.8802695469559486, -0.48368962837792917, -0.26082427039014444, 0.0, 0.3321553444006576, 0.0, 0.0, 0.0, 0.0, 0.0], [0.16366002945825114, -0.834258543824759, 0.49242828228230523, 0.07826038682983505, -0.056367989581286915, 0.16661687232283684, 0.0, 0.0, 0.0, 0.0], [-0.37603607331619965, 0.0, 1.5982650450752156, -0.7301714834871247, 0.1504652600362046, 0.48078105794255405, 0.0, 0.0, 0.0, 0.0], [0.8961526793539821, 0.1196409030806583, 0.18960714161716255, -0.4261938747520462, 0.780755300709361, 0.0, 0.0, 0.0, 0.0, 0.0], [0.0, -0.10342096933946864, 1.0261503743580174, -0.7500364040320752, 0.12190950323701367, 0.2676131952679361, 0.0, 0.0, 0.0, 0.0], [0.0, 0.0, 0.0, 0.0, 0.0, 0.6471189933691935, 0.0, -0.10634228718500535, 0.04914282030521009, 0.05280447777594204], [0.0, 0.0, 0.0, 0.0, 0.0, 0.0, 0.0, 0.44695272496754257, 0.5881235915459968, 0.0], [0.0, 0.0, 0.0, 0.0, 0.0, 0.11584709132905913, 0.21439806382396984, 0.41248886984804845, -0.043819823669947904, 0.0], [0.0, 0.0, 0.0, 0.0, 0.0, 0.0, 0.0, 0.0, 0.38322831664769297, 0.7259141844809163]]),
     np.array([4.777308144267432, 2.571524453470805, 1.8662164076985737, 4.3471289127678485, 4.092172079361225, 1.2722905409729572, 3.4466327092311904, 2.717474665124383, 1.2337703538975922, 3.319536530182792]),
     np.array([[0.0, 0.0, 0.0, 0.0, 0.0, 0.0, 0.0, 0.0, 0.0, 0.0], [0.14968742626841208, -0.14535089325382106, 0.0, 0.0, 0.0, 0.0, 0.0, 0.0, 0.0, 0.0], [0.0, 0.0, 0.0, 0.07826038682983505, -0.056367989581286915, 0.0, 0.0, 0.0, 0.0, 0.0], [0.0, 0.0, 0.0, -0.6585844914503954, 0.0, 0.0, 0.0, 0.0, 0.0, 0.0], [0.0, 0.0, 0.18960714161716255, -0.4261938747520462, -0.3523192321926907, 0.0, 0.0, 0.0, 0.0, 0.0], [0.0, 0.0, 0.0, 0.0, 0.0, 0.0, 0.0, 0.0, 0.0, 0.0], [0.0, 0.0, 0.0, 0.0, 0.0, 0.0, 0.0, 0.0, 0.04914282030521009, -0.1649795432838026], [0.0, 0.0, 0.0, 0.0, 0.0, 0.0, 0.0, 0.0, 0.0, 0.0], [0.0, 0.0, 0.0, 0.0, 0.0, 0.0, 0.0, 0.0, -0.043819823669947904, 0.0], [0.0, 0.0, 0.0, 0.0, 0.0, 0.0, 0.0, 0.0, 0.0, 0.0]])),
]

vm_gvm_final_estimation = (
    np.array([1.0019448302963192, 1.3128940166139584, 1.2375724783029292, 0.7861930867027667, 0.4219898910761803, 0.3035217146870945, 1.0604566552355212, 0.9839366176837135, 0.30097704971088285, 1.5023578381696974]),
    np.array([[0.536196728729273, 0.0, 0.19932834028003651, -0.8105801175008547, 0.49387289020629627, 0.6768555734024709, 0.0, 0.0, 0.0, 0.0], [1.011017510869562, -0.542521517844027, -0.21145890551060847, 0.0, 0.17953894561475486, 0.0, 0.0, 0.0, 0.0, 0.0], [0.18472604012534496, -0.9426913857126175, 0.6513491480648574, 0.07974567638199957, -0.08589693548875231, 0.3278514134786391, 0.0, 0.0, 0.0, 0.0], [-0.4020344880500702, 0.0, 1.2452486737485384, -0.7882800415558776, 0.23830760193087602, 0.19265152022961407, 0.0, 0.0, 0.0, 0.0], [1.0007082908629814, 0.17027307606001002, 0.19353041591547562, -0.35135298406619636, 0.743875589903962, 0.0, 0.0, 0.0, 0.0, 0.0], [0.0, -0.10714295717612478, 1.006231212963774, -0.800799032828666, 0.1001211621854663, 0.19092723744856174, 0.0, 0.0, 0.0, 0.0], [0.0, 0.0, 0.0, 0.0, 0.0, 0.5947330965035311, 0.0, -0.20467382008685572, -0.1003151968478255, 0.021542880876795793], [0.0, 0.0, 0.0, 0.0, 0.0, 0.0, 0.0, 0.5011241362455741, 0.4873130445559212, 0.0], [0.0, 0.0, 0.0, 0.0, 0.0, 0.3239349492541958, 0.29220918293291576, 0.49034387253798634, -0.07560672419487878, 0.0], [0.0, 0.0, 0.0, 0.0, 0.0, 0.0, 0.0, 0.0, 0.35600215009956293, 0.5783795345467636]]),
    np.array([6.134520009959996, 3.1407265717038824, 2.26295578619452, 3.6699296994621537, 4.520836867991709, 1.4008872149094922, 2.7502752759405453, 1.8597499886849234, 1.6084781041713063, 2.4222843665336065]),
    np.array([[0.0, 0.0, 0.0, 0.0, 0.0, 0.0, 0.0, 0.0, 0.0, 0.0], [0.09350772072907937, -0.2849684900965103, 0.0, 0.0, 0.0, 0.0, 0.0, 0.0, 0.0, 0.0], [0.0, 0.0, 0.0, 0.07974567638199957, -0.08589693548875231, 0.0, 0.0, 0.0, 0.0, 0.0], [0.0, 0.0, 0.0, -0.13642232754277406, 0.0, 0.0, 0.0, 0.0, 0.0, 0.0], [0.0, 0.0, 0.19353041591547562, -0.35135298406619636, -0.14536483854549104, 0.0, 0.0, 0.0, 0.0, 0.0], [0.0, 0.0, 0.0, 0.0, 0.0, 0.0, 0.0, 0.0, 0.0, 0.0], [0.0, 0.0, 0.0, 0.0, 0.0, 0.0, 0.0, 0.0, -0.1003151968478255, -0.059857968359284176], [0.0, 0.0, 0.0, 0.0, 0.0, 0.0, 0.0, 0.0, 0.0, 0.0], [0.0, 0.0, 0.0, 0.0, 0.0, 0.0, 0.0, 0.0, -0.07560672419487878, 0.0], [0.0, 0.0, 0.0, 0.0, 0.0, 0.0, 0.0, 0.0, 0.0, 0.0]])
)

vm_gvm_interaction_matrix =   np.array([[False, True, False, False, False, False, True, True, True, True], [False, False, False, True, False, True, True, True, True, True], [False, False, False, False, False, False, True, True, True, True], [False, True, False, False, False, False, True, True, True, True], [False, False, False, False, False, True, True, True, True, True], [True, False, False, False, False, False, True, True, True, True], [True, True, True, True, True, False, True, False, False, False], [True, True, True, True, True, True, True, False, False, True], [True, True, True, True, True, False, False, False, False, True], [True, True, True, True, True, True, True, True, False, False]])

vm_gvm_matrix_hp =   np.array([[False, True, False, False, False, False, True, True, True, True], [False, False, False, True, False, True, True, True, True, True], [False, False, False, True, True, False, True, True, True, True], [False, True, False, False, False, False, True, True, True, True], [False, False, True, True, False, True, True, True, True, True], [True, False, False, False, False, False, True, True, True, True], [True, True, True, True, True, False, True, False, True, False], [True, True, True, True, True, True, True, False, False, True], [True, True, True, True, True, False, False, False, True, True], [True, True, True, True, True, True, True, True, False, False]])

vm_gvm_matrix_vm =   np.array([[True, True, True, True, True, True, True, True, True, True], [False, False, True, True, True, True, True, True, True, True], [True, True, True, False, False, True, True, True, True, True], [True, True, True, False, True, True, True, True, True, True], [True, True, False, False, False, True, True, True, True, True], [True, True, True, True, True, True, True, True, True, True], [True, True, True, True, True, True, True, True, False, False], [True, True, True, True, True, True, True, True, True, True], [True, True, True, True, True, True, True, True, False, True], [True, True, True, True, True, True, True, True, True, True]])

vm_gvm_pvalues = np.array(
[0.9094167792720876, 0.954157482480154, 0.8753938774119152, 0.2346519283354448, 0.4752349607776667, 0.8693077558649577, 0.4160454180503457, 0.7408112767383315, 0.7263975281476166, 0.6618190021491673, 0.6437187593642568, 0.5800239683125943, 0.05265680660782868, 0.24584587152244985, 0.2637876293096456, 0.18780478848569648, 0.3475115894009564, 0.06246584686503531, 0.9104081437430377, 0.42443241566350387, 0.6739454661548311, 0.2530148390375234, 0.5426738424950169, 0.3080616190571791, 0.9776268782385867, 0.9523452500118665, 0.4277132719194553, 0.2278266803167427, 0.4212550718041175, 0.17446133769550776, 0.7342310235495779, 0.6792456945971291, 0.5379228438455396, 0.5894617241446731, 0.3290454067570696, 0.1889760563593954, 0.5603062263992911, 0.25719831537006443, 0.6722365704875919, 0.9839754047412217, 0.6811121894505188, 0.5295230162493545, 0.5766979921694709, 0.10061832922850233, 0.8688046958526107, 0.9022464159223542, 0.7955950135266946, 0.46713879907821065, 0.3673663949450937, 0.8202611192386451]
)

