gvm_gvm_estimations_step1 = [
    (np.array([1.0103689266814555, 1.3456471669628205, 0.9861004927150057, 0.7410544697231961, 0.43806054969531755, 0.3209606387368027, 0.9697635646804145, 0.9503526441438475, 0.3171227930705063, 1.3898058286617774]),
     np.array([[0.9360574415067648, 0.21787000183610442, 0.22284270140218895, -0.7653619268036977, 0.38512990938056857, 0.7506689165628833, 0.01579393800439766, -0.07041360689061595, -0.18568423440043483, 0.06478137464235205], [1.1189994485835233, -0.4409792555490927, -0.17883808570930135, 0.029335993754943734, 0.13655394948682978, 0.06222810634802307, -0.022506812062600905, 0.07145678440977461, -0.14239119571739492, -0.04958689840448575], [0.14981888717545527, -0.9568280484027829, 2.0337017310930987, 0.2701625167953463, -0.00961457124521314, 0.24121240031010882, 0.015462149610461735, 0.048127574509537335, 0.10656368149151565, 0.10567916383976918], [-0.45086755022002994, 0.09138945697932958, 1.1185592109014009, -1.190225305666625, 0.30483498016131994, 0.2752106542607207, -0.087993666427922, -0.10695564458531483, 0.34342101840966505, 0.11294813133146833], [1.1071910543749597, 0.33792306991675874, 0.05766980254276743, -0.42283823267400666, 0.10545406653662308, 0.2121859217974473, 0.0944102144300407, 0.0123150418718179, -0.058856439117765474, 0.06962964863042116], [0.02268559022453375, -0.12778668997390955, 1.1148345258811099, -0.7824014270149523, 0.08281891993057819, 0.5171248843381981, -0.004417575921053001, -0.03758367149805704, -0.006776140181643765, -0.005453992285991334], [0.03627647840536192, 0.08214057381962656, 0.1228588529323149, -0.16712239743323093, 0.1616990718105904, 0.5970707742055263, 0.09508238841324332, -0.21732741242865036, 0.1120701973889278, -0.06858572598426267], [0.00841966041825375, 0.011320131671673332, 0.08277142802232378, 0.22275408776544767, -0.024437522050824848, -0.029017173282534343, 0.04814263286970868, 0.9782312459229472, 0.9073542323814353, 0.019260682266668452], [-0.07413846277887975, 0.01124658402435663, -0.03374128293008332, 0.11467350368883794, 0.02877945440608292, 0.2969335700631703, 0.3352006688979928, 0.5262626495498465, -0.4952175928763997, -0.03679949815026944], [0.14566817468804774, 0.0944898258949068, -0.02350088651084628, 0.2648277902261979, -0.02872402395381778, -0.18442091139141045, -0.06563920711861074, 0.12321759405460271, 0.46230242452908615, 0.7343605101076415]]),
     np.array([6.928268473162703, 3.451021799696012, 2.1269942476336934, 3.8224697192203902, 5.029265728436643, 1.5580720888314965, 3.8529290368112297, 3.2415996019178306, 1.4121559628819496, 3.1613479152093564]),
     np.array([[-0.11896004406028172, -0.9779650937904707, -0.11423940406594842, -0.8283595544776685, 0.40952623393981524, 0.8649797767372894, -0.5669216620431198, 0.01866912360148241, 0.6398182534338638, -0.02070342509856668], [-0.056354409279324086, -0.526934000870659, 0.20386905975664713, -0.2524273996166053, -0.04277060471160801, 0.0045073505931101385, 0.1359775238889529, -0.10105542578042358, -0.10051541237172079, 0.02228653962927387], [-0.03849624762540826, -0.8577313721974318, 0.6032963386039486, 0.13903222442007207, -0.26198831745541434, 0.4086665171865981, -0.49734155981981765, -0.03997630602623485, -0.9388939934762188, -0.17130642997970263], [-0.007835508712989535, 0.3115811316315359, 0.04991273698658645, -0.7088836792498778, -0.17591419764589628, -0.051703229049318705, 0.0361198203234905, 0.45677069728708164, 0.18112103229224827, -0.21044860035017687], [0.9585978159161449, 0.37080439736392823, 0.4984984874416236, -0.4462902407398269, -0.10199588086721197, -0.4683027459244992, 0.9983036526473493, 0.8321631003223666, 0.7577969432806062, -0.04631559057473839], [0.15350306114098436, -0.14658019018175628, 1.052850296675673, -0.7365406025725173, -0.11663529176386843, 0.14542540764374576, 0.06891034258920362, -0.19906753922058532, 0.29358000966965103, 0.025373968851260326], [0.019043958543767277, 0.07099869059189708, -0.25547168732384323, -0.12267778930696771, -0.09908984788625674, 0.729574440872347, -0.5372539548915392, -0.4179633735882862, 0.2888603047195769, 0.08013610474092915], [0.5717253378618463, 0.4431742497759529, 0.17853430925654712, -0.2657912846498225, -0.43332808551451585, 0.0223635452386289, -0.4827509583415708, 0.1640761672819251, 0.5993193880427705, 0.04777726824964244], [0.004712475226521729, 0.092692153796436, 0.03616176585844519, 0.033958980661150405, 0.23164048015847408, -0.10143580602301677, 0.09810287907954547, 0.012404496888860554, 0.06972753930634233, -0.0041068841745159415], [-0.040081367590607056, 0.6672220884045376, -0.004238235579762904, 0.24669382104894924, -0.41702632772130477, 0.0013460673554550086, 0.07140252851623756, -0.10786041896057089, 0.7051995928575682, 0.5943299005238006]])),
    (np.array([1.0018160660991577, 1.437360623319624, 1.3019513021455473, 0.7001813360889152, 0.46101937621577527, 0.3799537425694434, 1.1541439334530275, 1.1193479671897877, 0.3988742190379526, 1.6237282588964825]),
     np.array([[0.6385541372668662, -0.08767511960603422, 0.10980548329684015, -0.9679635693807812, 0.5409376332707082, 0.9149324943121233, 0.052205139352816864, 0.00328533786436494, 0.08875016629028118, -0.07873633706255556], [0.9702916365410215, -0.7118616598319641, -0.33643057121994063, -0.08387047478623678, -0.0756539472508877, 0.14806487230843707, -0.08680068825837267, 0.08701147761256355, -0.12508385098550612, 0.0869683461911252], [0.1360783704416299, -0.8453683397700837, 0.6184887990236259, 0.03627413937783901, -0.03806706953433493, 0.3554516954702171, -0.09708907546505656, -0.0045483320404121974, -0.18223983937190164, 0.06007277361867704], [-0.36837117345461584, 0.10772764888920332, 1.0574051211397792, -0.7541331545724951, 0.27368385101039294, 0.22187196024444852, -0.09405272986003214, 0.11601969997366074, 0.08364073123095542, -0.001648432546395726], [1.2223629836214116, 0.33189952313357585, 0.25726989839090647, -0.5073136241807197, 0.36471507621548616, -0.06675501816994885, 0.02047663600555384, 0.0785368576580364, 0.02784098814047115, 0.06838045075116951], [-0.005179324785669195, -0.15638403839244505, 1.035385677654903, -0.830827124341343, 0.16985480044013102, -0.18684209412533276, 0.042237440275452696, -0.03316570909118978, -0.026414784948718423, -0.037707221115149056], [-0.1219373344218832, -0.016071340137785026, 0.10799415099920272, -0.23118595794112046, -0.03795541955924018, 0.5297089930116873, 0.22195503922265025, -0.1985852952411244, -0.18939734316674325, -0.07434165851575761], [-0.062187352360213194, -0.0361331920617999, -0.10495758495718296, -0.10631427894595254, 0.11455513869961308, 0.12224736863319471, 0.044267502941798806, 0.7368594533374533, 0.7476149842520732, -0.04986226276329951], [0.07095717711683137, -0.028335805509189137, -0.06653347625725879, 0.07646500193072735, -0.14664316293718616, 0.37345697168038405, 0.39648196133091274, 0.6642109952123257, -0.18145080363091592, 0.010850435862646585], [0.18716402566828103, -0.1985698315493498, 0.06082289525917748, -0.07219048439021365, 0.1091318441367065, -0.2875515179300465, -0.05382811799308162, -0.052508959846650174, 0.7263666495377561, 0.7625047960917958]]),
     np.array([7.776755672615445, 2.7895789054844062, 1.7797400662539566, 3.0492022123754854, 6.091823210023539, 1.47246227501598, 3.855736160952321, 1.9882790163766833, 2.4727796241650806, 2.492253879746939]),
     np.array([[0.7840577717216501, -0.4645605052216172, -0.4154534852061754, -0.6636819525554604, 1.0001229222504677, 1.5107081911394435, -0.26809685117139215, 0.035257682376641765, 0.7087728439130024, -0.10309017717597005], [-0.3035367322013333, -0.30085533896112565, -0.09831709064523733, 0.10146183519165335, 0.07079197678386598, 0.3519727118348598, 0.199221813061547, -0.0760334781210414, 0.48254899119325095, 0.034457480388691265], [0.12375545016381428, -0.7206370629613004, 0.5642108055661101, -0.3885177128703467, -0.006293843818076511, 0.15652850837628107, 0.13578075733968498, 0.06024310788914118, 0.14516557801753194, -0.04078031816505978], [0.08625943291524113, 0.2921197191658136, 0.15515902769383494, -0.32362109465226796, -0.04970468183892858, -0.26284906915426454, -0.06366528521255016, 0.009910184772814332, -0.19369149153778425, 0.022643137405838645], [0.7779618833595974, -0.056623378774787944, 0.1105608214104522, -0.6446409417642074, 1.2685988836684727, -0.605845690457472, 0.041291771024340375, 0.28349559697849225, 0.3864279782421176, 0.5448751115567889], [0.04921128519049722, -0.054602585085807585, 0.9249282803358357, -0.8308446863246248, 0.04303854310310783, 0.2504898024197398, -0.023486866908845373, 0.09624572008286358, 0.18625692803833885, 0.09764307859759719], [-0.4141062003478829, 0.3409355012986256, 0.25094638488322957, -0.8018179845548172, 0.1504358749107224, 0.6136323381952374, -0.5468403490123721, -0.2065274018949088, -0.46179543710102305, -0.31236010453094487], [0.07958133600665192, -0.06114890944831473, 0.1955099854363012, 0.16733782708990527, -0.07622392030055321, -0.19795970282084432, -0.3003740042854049, 0.00779146079802961, 0.5847575856745714, -0.12728224740594266], [0.20251316955596987, -0.18085054037865422, 0.07076052641237929, -0.38430100960253805, 0.14398281112310765, -0.13135370497937338, -0.030901394372481704, 0.005331401511280202, 0.5539256643464882, -0.08181499689442176], [0.1298575283349471, 0.22548430807026082, 0.031140992557951473, 0.00729145279039084, -0.2659933024684997, -0.21088006145095356, -0.16388580026436114, 0.15444651821969343, 0.24573080339046452, 0.5214688846512837]])),
    (np.array([1.1167985494948045, 1.4705865910267197, 1.407704716947422, 0.884851297456634, 0.4870785792241996, 0.31713008014783856, 0.8809483595155448, 0.9863772967052473, 0.22578698764189728, 1.7880316969830152]),
     np.array([[0.13391709525899953, -0.11551183485189785, 0.15482430733364946, -0.7512049448514064, 0.6222653648452653, 0.6643882256391488, 0.11669180413365857, 0.015551941761420354, -0.24817466237302388, -0.024966536806874082], [1.3350691810683852, -1.05578214302138, -0.22509581335110307, 0.0863873806712561, 0.2450861922408064, -0.1263706948622945, -0.10124708910509435, -0.013260874265104108, 0.23780948673255958, -0.10814817905430081], [0.08576074665086532, -0.9271900454075185, -0.061710596265866585, 0.05599950950072461, -0.13948675793261203, 0.45108930362618294, -0.16532922724487933, -0.047830939064564, 0.026431666143171998, 0.016751869004337276], [-0.5121563391129509, -0.14943342920820255, 1.4326582898479334, -1.0063158641512817, 0.22572028685066073, 0.15590367243815542, 0.16352279583259596, -0.0010639885428546404, -0.020796654721783166, 0.013427470690981413], [1.0693772840762987, 0.20997080217834388, 0.11151223881670094, -0.3495457952994624, 0.8698823070722168, -0.008260321864690017, -0.12762632461237394, -0.09032220787784584, 0.1103058725151027, -0.02522224493963034], [0.021145756919870463, -0.08749431427100075, 0.9795856725234798, -0.9038050953162399, 0.029089393786897903, 0.6247726274841917, -0.022387259405077454, 0.054531658200786544, 0.005107617086472188, -0.043289970947876566], [-0.11143758584085163, 0.0805757065014422, 0.025994224457613027, 0.0386691917331798, 0.08256345718305742, 0.5000048156415362, 0.1900676583493313, -0.12339864649085068, 0.020813489662273355, 0.00043984717059699973], [-0.13592579832180504, 0.04701612571557624, 0.12910086265259704, 0.026365622032309265, 0.010158360904728174, 0.07375502585478705, -0.19155614213906924, 0.863876415340412, 0.6427928084116147, -0.008928610133230892], [0.058968399421205964, -0.08139797133452423, -0.06603699981226932, -0.01489795491066982, 0.012725738033662051, 0.3707046736599004, 0.30184418923685297, 0.43904052086069584, -0.17304620816435556, 0.03022431494064615], [-0.08250506708817093, -0.07588412890694494, -0.013125820134505726, -0.018567464426393142, -0.0465993079789538, -0.041004890759225865, -0.22264892693458954, -0.07412138309329176, 0.33340229887138295, 0.45206717628971776]]),
     np.array([3.9141307099360874, 3.277261958652692, 1.8622425281135517, 4.087004767872416, 5.139491492053642, 1.403901841246838, 1.727425837707189, 2.3725620700232164, 1.0265606407928858, 3.0158245661553598]),
     np.array([[0.7402647250122383, 0.35654530364774506, 0.06958054076750797, -0.39536776573769156, -0.7480942605678448, 0.6578072537361662, -0.1424990929578219, -0.1157928819100005, 0.04083786895117612, 0.1951773138988242], [0.07811634479208017, -0.007208869014987539, 0.3376399541054116, -0.06675270687670336, 0.06558022593222723, -0.10649287482211198, 0.09855552925127756, 0.2003029996959614, 0.17506710067852763, 0.023077021535863603], [0.16800279279193428, -0.5584940336811379, 0.6775472336102443, 0.06107190887042952, 0.4339225246758209, 0.2155439454463072, 0.25379087939826656, -0.006406955517984666, 0.05820287758472057, 0.06866597244102557], [0.05941961605227547, -0.18095060467863816, 0.09710049664587711, -0.30212337376693077, 0.16126058628737283, 0.14132701160503416, 0.032005251527131, 0.1349775581188909, 0.018812624694922626, -0.2202771361102554], [1.186544936468349, -0.015375480975029757, -0.00938839619222923, -0.8250222636484028, 0.44336144760878715, -0.47489255332158636, 0.06030766914507594, -0.6843759987841738, 0.05930515222596809, 0.3772755384852865], [-0.009318418402441048, -0.20645845415728525, 0.9595991423879927, -1.1152735324288248, -0.010449306397797821, 0.3747163377690827, -0.1629369930629672, 0.021255707536199136, 0.1068342933428225, 0.009247274591895536], [0.18766077114040783, 0.18246233051285518, -0.048080241656399736, -0.004940021248626642, 0.0434545451174219, 0.5605833333546032, -0.48327579367797424, -0.28000909631168264, 0.01642479855962146, -0.010424506548513776], [-0.19852366664591942, 0.06198114343571306, 0.00895578131858262, -0.43645074708181403, -0.07200202001709949, 0.025710047317294843, -0.05014488185439442, 0.5262020197722713, 0.46663982093392087, 0.09021771797165111], [0.0051890430943536256, 0.011396929706680627, -0.04875516789876089, 0.024286660994088063, -0.03364978872952532, 0.030443063959217965, 0.01193828576522906, 0.059510647286736794, 0.149010486672154, 0.0037364920167713414], [-0.09736623749084206, -0.21012473169451285, 0.1985105209848807, -0.01212017721975335, -0.08855117146343598, -0.2376718137840916, -0.0052833783925868094, 0.10259190318329815, 0.7461116109402339, 0.5739442541424368]])),
    (np.array([1.0864566904902668, 1.2450066481403397, 1.4179070939273306, 0.8043462981801067, 0.4471257273695821, 0.3212010597522668, 0.898832874374825, 1.0697400733927305, 0.49407076750711126, 1.3152743527218151]),
     np.array([[0.22523564612427957, -0.021550119715223248, 0.0748465930296428, -1.0374401961422388, 0.7777585142445095, 0.7697341252600269, -0.20427151653042433, -0.06619954793802835, 0.10329522255691626, 0.07944247226379955], [1.0247518388887435, -0.2549326112295023, -0.32170787950420016, -0.007644003601869021, 0.258464392140633, 0.02707019827000736, -0.02122716476507796, 0.03117960051034972, 0.2468695522464176, 0.061507552483238866], [0.18036789213165252, -0.9560449241884348, 0.9037801846779221, -0.009850220376727085, -0.09563444073649165, 0.31068662543001363, -0.11990597093274999, -0.08159713813372624, 0.02242597747474538, 0.0009578688869056206], [-0.4050601084906259, 0.061276941670634376, 1.1555259559344846, -0.7052019311161449, 0.16321915051144417, 0.25287700253398115, -0.104908941632256, 0.009853926342367484, 0.03255625312037754, 0.000982855832005625], [1.4024154621126093, 0.3798413571153309, -0.005805883912400652, -0.38070996150177155, 0.7741764645733413, 0.3195052541365665, 0.0522679154388067, -0.024121666419227646, 0.18377889885428736, 0.023553524916766846], [-0.0038422265976728776, -0.11436144364536276, 0.9276839616309496, -0.7346618956916511, 0.13531207472969156, 0.12930214607900317, 0.013557905120244068, -0.002834879584623526, 0.002803320431431873, -0.04365359987636324], [-0.031499362441849164, -0.01286275139847743, 0.10475568531630845, 0.11029836468216789, 0.11585430895530714, 0.3899773614794594, 0.4346522428533523, -0.22625390373613735, 0.012718445584873651, 0.07061598553586178], [-0.13238241440829715, 0.0976623332253486, -0.053058116389197475, -0.03941599799825892, 0.01742896386053868, 0.02872264481559585, 0.03155964649492928, 0.4663732164124063, 0.4725559637096126, 0.021841657729811486], [-0.04479771176034111, -0.07230076813097232, -0.003502811460804657, -0.11580413829475479, -0.030330418547389257, 0.29501252806291917, 0.37162369802120154, 0.4805532986094099, -0.45796849164634196, -0.0038639760493765786], [-0.009376826319772134, 0.09781095678506954, 0.20730955452861205, 0.07160005136868607, -0.0480098342885274, -0.34534184930561296, 0.2968003505151326, -0.09156393515319391, 0.3656635902278357, 0.7975411879996056]]),
     np.array([6.437529514015525, 2.702250159360278, 2.1129277587127575, 3.1355414194830207, 7.740456600598328, 1.3481272120817975, 2.248434078155101, 2.5097800455560404, 1.9589936983387464, 2.1237751784756624]),
     np.array([[0.8160508708042551, 0.97562147817313, 0.4332551355222172, -1.8955433614594355, 1.096814993937254, 0.9593766013615791, 0.5313387772755039, 0.578804556747987, -0.9601123013789724, -0.27430573557386134], [-0.19230904720391317, -0.27388300072274013, -0.09931882505388841, -0.14231737724486276, 0.1311675886481972, 0.01404859831540629, -0.19251300322404094, 0.11076691839535356, 0.01711246077038907, -0.05034388220793991], [0.00045564066501151823, -0.8877680328139548, 0.6074359121068054, 0.029947308537206417, 0.03051467919769237, 0.1817603866544745, 0.25132392771521217, -0.0964406211414684, -0.021329494900930047, -0.16400879393185094], [-0.15486839887296416, 0.10275212335016425, 0.07961817730235084, -0.07487640993235288, -0.21695590645679327, 0.017299559069952376, -0.2608936801077817, 0.053066518459342966, -0.06864336457210006, -0.13037503367627273], [2.3354705975972694, 0.5282860329452324, -0.5125620965825999, -0.002197713747990334, 0.6741920139914975, 0.5391635254753671, -0.49252828850244956, -0.5377294062178989, -1.817704831504722, 0.3559796119858557], [0.06622812837670879, -0.1920464984233917, 0.8937103817667006, -0.8597642471469463, 0.25604844247082836, 0.0943741594677838, 0.19104913947101218, -0.11267444958711265, -0.05402110584928427, 0.08638092754852547], [-0.12582410455659682, 0.13946253334318284, -0.009879916103160767, -0.2237042498443017, 0.047342644850577494, 0.028500661806566845, -0.2733521859743555, -0.2529661427151026, -0.24443533249992036, 0.09840534979211894], [-0.18266439369492793, 0.11111237866392978, -0.14573403040517546, -0.34984275465385684, -0.17727771433807782, 0.4967367247387796, -0.08559350577896929, 0.5973441823695704, 0.6076732458563149, 0.24258104074801007], [0.18539732873655876, 0.07279007683090788, -0.11159583974924651, 0.19324445259953474, -0.1166417785169488, -0.006203350150173393, 0.09616369518218404, -0.003137669561838712, -0.15857835548278382, -0.03722139657978119], [0.06660247673046557, -0.23915082667067808, -0.1391889744984714, 0.11001681564692607, -0.13844451490416437, -0.04428074477510686, 0.06239748390279531, 0.14225114346945678, 0.4558588598289179, 0.6153395083081653]])),
    (np.array([1.042995469470077, 1.2786281483146562, 1.1328461693540854, 0.778368387556371, 0.39970958970493314, 0.45605362904786595, 0.9095846310765713, 0.8561536418451394, 0.21263676870837467, 1.6188930573940616]),
     np.array([[0.8818503117618439, 0.046494787427890726, 0.3415957149602554, -0.8074152986878799, 0.262158622160446, 0.5930465925539204, -0.21277713346153118, -0.023738247686638566, 0.18973353465185222, -0.005371266251662586], [0.9317724739822983, -0.3661228043401, -0.1729446801848354, -0.04384617676166538, 0.19017942567028684, 0.08555590953016491, -0.025924073224111374, -0.11573229759899435, -0.044664962198070826, 0.07951606052654808], [0.17571471391460633, -0.8393584048284879, 0.449702210522521, 0.2413255577826065, -0.10003927977170635, 0.21738224687943894, -0.07294642808991676, 0.05247877593429459, 0.0073745084744192635, 0.005347564779615943], [-0.4336775353727956, -0.08857249393864745, 1.1401498865117639, -1.0043577313751408, 0.25586755253931753, 0.2535422389048404, 0.14524934248574126, 0.07335559197045434, 0.07966643390392388, -0.006020357774290225], [1.2246283231998363, 0.239484947974911, 0.264796917669066, -0.2985434121177942, 0.7429162680348896, 0.11572106065501657, -0.060373034250172826, -0.043101486043286306, 0.22990902577753874, -0.0072680557810778975], [-0.007396621837667085, -0.16014706567374012, 0.9800052649263171, -0.7954834611726788, 0.12336109747941819, -0.07634591784803546, 0.018110039806084312, 0.06561261108229398, -0.12709154452214716, -0.050561037897033874], [-0.07724481320278657, 0.07696966160441787, 0.0052999225375389035, 0.05346368182083507, 0.02694880161954991, 0.42882445157091215, 0.32061944103742557, -0.18363308514106194, 0.06381167663288648, 0.030016166784376633], [-0.06637459129557512, 0.04539547705576515, -0.010244906850449664, 0.27442745164441873, -0.0342620548350237, 0.010207628555327905, -0.07156623843089877, 0.9054464043415081, 0.5701011944250133, 0.08094017077935495], [-0.06579377415412072, 0.06980727246018761, 0.02114255804984469, -0.08898300537041418, -0.004716645729478708, 0.35941704554080567, 0.2302216587142318, 0.5015202477067557, -0.031515113506871764, 0.05286944056119676], [-0.03193003387497324, -0.21091814482070786, 0.13324600107588322, -0.013307143773883853, -0.048552838203003365, -0.04987166647358291, 0.10501239493053051, 0.2701596618173211, 0.44864923675912355, 0.7650460686084816]]),
     np.array([5.77339479007903, 2.6764971928034, 2.1072383220555055, 4.54642968184136, 5.759444859695476, 1.2568168529352532, 1.7178426220194436, 2.352331708045307, 1.54090666850828, 3.2696024932188075]),
     np.array([[0.6762663054515473, -0.26086475555262123, 0.3269531966468228, -1.2329175078905674, -0.6441656762784387, 0.1770565034158532, 0.3449171795579881, -0.22292379510576424, -0.005107163365179492, -0.03434048912167221], [0.04021626089275635, -0.5025433177409966, -0.12574914468150744, 0.4569618529882466, 0.12739594341785188, 0.22408717768189684, -0.1801711332836638, 0.22159961796761832, -0.024989161585152603, -0.08026817252630246], [0.07441976542838358, -0.8232012720016342, 0.8884481705639731, 0.38144059490256627, 0.1011120630471758, -0.00565298582763357, 0.09737465312039731, 0.10282207494704662, 0.20218652835385298, -0.09612413839324936], [0.3409488531645521, -0.14641103696226113, -0.09132947405994211, -0.2397640341813516, 0.05389043900881907, -0.2605482826712196, 0.18517539840038053, -0.06715305593718134, 0.31516730641319024, -0.0052279476541446145], [1.5302716756446126, 0.06087672424934664, 0.31491283765066, -0.9376145089338771, 1.4187281788442907, 0.10931371924941669, -0.4757596312714919, -0.3396072759581974, 1.0312452898797209, -0.027679344870388818], [-0.06272975680432441, -0.1917588078824978, 0.8507449117473957, -0.6810578923704613, 0.11242342491766519, 0.18873133380409382, 0.3057820086241347, 0.04010205713887758, -0.09305184215264377, -0.0069385805295070204], [-0.04561419074901004, 0.19635617851160245, -0.17370430153927996, 0.020791890429617575, -0.05188749424302162, 0.5588339322436798, -0.20518859401079342, -0.32371272383606386, 0.043972755843293326, -0.07495418615863915], [0.06745982551806667, -0.10101694625932636, 0.24924723113890276, -0.25031233794501956, -0.17332672557669224, -0.46423668540424873, -0.08463860285822347, 0.6406511660396542, 0.5810675936224606, -0.08139839457585117], [0.01818853349425882, 0.09929943480127226, -0.0395887155401323, -0.08344422086954058, 0.04533269560708692, -0.09907535095403544, 0.030776003967586982, -0.006730559268520216, -0.1795787164257344, 0.04100260516689081], [-0.027115973314144573, 0.10240475039345565, 0.40386316798799116, 0.3681900390884394, 0.13235516557631338, -0.4690086063065431, -0.21651611308499538, -0.14768640670344793, 0.3185294479562536, 0.6871465912188356]])),
    (np.array([0.9735519129915139, 1.121175079062742, 1.371160135192965, 0.7934479695205792, 0.42288869492067716, 0.4709139247419273, 0.8920989452751513, 0.7424981570757869, 0.088564200430381, 1.6914565065007272]),
     np.array([[1.1281438660042318, 0.04848885465242428, 0.2531011997727659, -0.5897191312430227, 0.5726886580059601, 0.9851748681833664, 0.4290243201320725, 0.04436152638719973, -0.06683575313725768, 0.02279605080029611], [0.8926436300001885, -0.24071617590676778, -0.2925937468327494, -0.018047780411453596, 0.06924610240557735, 0.03395545140378333, 0.1843045074506071, 0.14993490370019422, 0.19665860515033853, -0.0072134995918741104], [0.14635588639125138, -0.9280959427546777, 0.7405980167083063, -0.00839794095107219, -0.16200313849565223, 0.2795684973375901, -0.0844119864368614, -0.011142584706938958, -0.2247004534061579, 0.06011021475930111], [-0.3426078334623761, -0.0352452797972383, 1.3901942291706066, -0.9608946951011671, 0.29394039440869524, 0.061068531967038965, -0.07874566775394172, -0.05882313021961099, 0.10315902311078827, -0.03423554524925787], [1.1040811510870072, 0.2545648483461481, 0.19121382534416384, -0.27163631122793247, 0.4738864669573338, -0.03615972818475677, 0.07648930050281323, 0.017850365747229893, -0.12944591910816156, 0.017429730470912116], [-0.0038771221700264935, -0.11417084401473422, 1.0216137551439806, -0.819384174125855, 0.07246303994738405, 0.12727740823825517, -0.07924532413139505, -0.05888751605851086, 0.07117888519144108, -0.04845210008217409], [0.022771503328036184, 0.020174731892099625, -0.10369162779625775, 0.06248115121554121, -0.03597980841014049, 0.5249971652623909, 0.13854320273617773, -0.05006598538963909, -0.18617510406206228, 0.033636167166710904], [-0.024342037378201353, 0.004617395737081226, 0.05582580399156064, -0.1287864270269068, 0.04262576205694733, -0.019874951931981747, -0.04350181132235373, 1.1789933833127264, 0.25705147349399504, 0.08513541454513507], [0.07339929401633608, 0.19551035893770924, 0.026991425045599465, 0.04397226205324613, -0.02901314695942251, 0.29795185730326806, 0.26388664017067387, 0.41985552731339904, 0.2233355374299313, 0.021471154409314935], [-0.08608388103898564, 0.06487035797649317, 0.10628521246718899, -0.39541529302389855, 0.3453641047835576, -0.1524754999052049, -0.09480976281544312, 0.028093966972221794, 0.4961280971482052, 0.48671074500170225]]),
     np.array([10.19429858681842, 2.170734963271982, 2.1750425706522365, 3.911599051988831, 5.390492133881567, 1.4640415012310768, 1.5535241623873495, 1.2148400729119693, 1.5721427626908593, 3.7094630843601615]),
     np.array([[0.07076330540196922, -0.38892588733318134, -0.1279960993158736, -3.061817781901067, 1.9222479509953836, 0.4623832505639597, -1.6015940657697871, 0.28275377881526176, 0.04703378840252377, -0.25317279833069567], [0.2576844747483785, -0.32392618270989065, 0.1038704217336875, -0.07886629578794145, -0.03448768936202663, 0.03899239431394077, 0.022568389641959043, -0.049940738837122356, -0.3968416874303066, 0.039474282806786026], [0.10795439393343383, -0.8136632719545347, 0.49276122524512705, 0.45515742600063397, 0.1347195631423591, 0.1753675573751777, 0.13740539536176222, -0.21329882459603247, 0.4524686644208346, -0.15855714057092066], [-0.1495110467364848, 0.19215098366522057, 0.007042427437154227, -0.598130121068971, -0.2347534932123943, 0.2136611094673985, -0.22072452017369723, -0.07931088326755215, 0.19394406074822682, 0.3041181924022479], [1.2704396194205496, 0.15092535453403144, 0.017539876907204297, 0.4078483218694452, 0.3513671859374845, 0.694217009984571, 0.008594319470611773, 0.023786786474828087, -0.264805355450801, -0.04961396211803968], [0.031079128462103676, -0.02212215235028892, 0.9436811832662216, -1.2794619411206605, 0.21577272483666046, 0.3371507115359194, 0.04656436822522732, 0.0440488870692289, 0.016391930367918077, -0.026493583514771973], [0.3778884575815145, -0.036903206524166655, -0.028555365049999695, 0.1025151830049551, -0.16203617703753156, 0.31643207155629527, -0.1254618268345783, -0.060250379968430544, -0.2309363386670462, -0.03963462510479923], [-0.08836192740407108, -0.24568525592074703, 0.02006851645249885, 0.048238601314770854, 0.2729741620151984, -0.10315949824635157, -0.10527039613919183, 0.29544010116684094, 0.2779918751299876, -0.07873404936244766], [-0.15864640682614656, 0.0308370826954614, -0.05748799499523924, 0.008404573529686212, 0.07717171215007805, 0.07279915392155543, -0.002650311699487481, 0.048144159598947425, -0.1223734365798658, -0.021818864255274056], [-0.2484689090757909, 0.11286793113394876, -0.22068833081833691, -0.4566180903411665, 0.803887085410536, 0.15401327328341938, 0.060996416821149896, 0.06968754347562824, 0.9965713559921481, 0.6720245946193292]])),
    (np.array([1.0923571413627855, 1.3923581419740532, 1.121869617981756, 0.8304061736279139, 0.40591023173742335, 0.2529854290295786, 1.019609341597533, 0.8736487011462418, 0.3075534697217889, 1.229150873785528]),
     np.array([[-0.22883979563266946, -0.25266596679744996, 0.2326783707393436, -0.5265233739392736, 0.3015060392826033, 0.01888054440736823, -0.12045603837599028, 0.03639071993334944, 0.0077976060838519535, -0.018078464168459537], [1.439179199926171, -0.6810353098230075, -0.4479951338990898, -0.09271855010865547, -0.01217288324395607, 0.10439228949896363, -0.11822975231349662, -0.12275714376992551, 0.02307170923444854, 0.010507496647752182], [0.16668754560441804, -0.8701192052557607, 0.8331409940773012, 0.04086427318147709, -0.00026179044409427126, 0.2633384878274499, 0.028040784834643256, 0.006220287059577664, 0.09926690069752385, -0.022074652212110198], [-0.4142732997792458, -0.02776014735547767, 1.290975049109453, -0.8652299815818615, 0.23525001597518932, 0.09202953601051836, 0.021445585677465323, 0.022915473711215953, 0.05018587186168014, -0.0508655780058986], [1.305107636832071, 0.29745249385086336, 0.09271213475984219, -0.2063951076109216, 0.8510962546416971, 0.3386513478627237, -0.1260447282252153, 0.04212814397647873, 0.15908272420713793, -0.012499307155393663], [0.05830572469841525, -0.136131838255847, 1.0097433021894182, -0.8489767089338827, 0.14471669359921716, -0.12232039077818403, 0.044981884078507596, 0.03437733550688208, -0.10774877883507392, 0.008785226825443325], [0.031655640419226215, 0.05114089457703036, -0.0021235812398121964, -0.06212567901959512, 0.10618014532817356, 0.4546940098003658, 0.38020689463184615, -0.12486646488798812, -0.20456334043116386, 0.020594312746240136], [0.0478475957465521, -0.046997104243788765, 0.0185574336641023, 0.002433975305792161, -0.09534537400950634, -0.043326407017127776, 0.0620356252771836, 0.38180881580449555, 0.5200689749473236, -0.013370764835875723], [-0.10853013489749702, -0.00921869876426856, -0.013111655263798493, -0.05421045108954107, 0.0440518127486283, 0.2264413299929851, 0.2483112398532787, 0.4777300691019731, -0.08705878548345007, -0.0015309311281847399], [0.05978631748373368, 0.1041428102153835, 0.060587061960696256, -0.06049698253109983, 0.016497047272178447, 0.08560711183249872, 0.16468590766718957, -0.08593288504753208, 0.3734702557564438, 0.703162468770397]]),
     np.array([3.1637473199344006, 5.5968489524971705, 2.323752829799899, 3.9972951249440523, 6.17394344277107, 1.5471097492426227, 1.8327471328951064, 1.4436277271494653, 1.0913913305751572, 2.009004683536286]),
     np.array([[-0.10991489931476496, 0.2495036849079315, 0.13098515732290625, 0.0535380845725443, 0.737838198154796, 0.2390504087088822, 0.3057902372550947, 0.08818744007371807, 0.4534572751276369, -0.14651069486483992], [-0.047075884202412766, -0.6794726366014974, -0.406122617704251, 0.4243805524277491, -0.07871885602171436, -0.11880149106332825, -0.03502069927739531, -0.2011476020267933, 0.0627984517331095, 0.09890082466831768], [0.04933500516923342, -1.0004041674737394, 0.5332648091908438, -0.12462564513354085, -0.0366335441527353, 0.6596612267157017, -0.13796662255835335, 0.1646084712082177, 0.2120360971110999, -0.12754315449065812], [-0.6607427822106976, -0.03440462117917813, 0.041334102555926046, -0.37164153069466066, 0.18842106905150885, 0.21501557558705917, -0.016054830383169655, 0.011702370594869345, 0.05665277106289485, 0.05960364543591553], [1.5582499442031312, 0.7486457484253656, -0.0751493066146738, -0.037189952793205285, 0.6110409973438994, -1.1228692491300416, -0.6886159437483513, 0.1199610523431173, 0.22154999553872534, 0.2635698648001478], [-0.004959716481181329, -0.06253338283244968, 1.3890302357908821, -0.6683486225841581, 0.08002486325469524, -0.21776160335603784, 0.18525996958003843, -0.12495668330043946, 0.29681917004616365, 0.010680838071065128], [0.05759672792830426, -0.4141825121613672, 0.07645925288668419, 0.08406546997423296, -0.154857867613353, 0.15756363466411283, -0.1678274928700121, 0.0019186960081572916, -0.004617571866571332, -0.06164314601257334], [-0.12346269229840989, 0.1544606568997087, 0.22062440065908379, -0.08027421386504813, 0.06822581100826798, -0.22237637341293084, 0.07936847413606495, 0.30943489092826804, 0.4806997813131066, 0.025128220391756707], [-0.060108086365217646, -0.022261073089507144, -0.06123196604105994, 0.03601347234749163, 0.04004191844600534, 0.0540232909899746, -0.009414402075323356, -0.04651220509198172, 0.004092134595302612, 0.08741225040639561], [-0.1155081768858361, -0.032876116877018864, -0.06326559942756141, 0.10875518174813398, 0.010257878206139999, 0.3505358162106319, -0.28831462235398997, 0.24017924820133038, 0.2622006386256594, 0.49341708408128937]])),
    (np.array([0.9266337984038064, 1.2842739655463662, 1.146511530247398, 0.9361526789675133, 0.3983515560168315, 0.3381271103827424, 0.9336457562159454, 0.903628749696135, 0.27163806622115527, 1.6460765102491755]),
     np.array([[0.2998324989554317, 0.090864884707065, 0.3036204686434971, -0.5955333172056493, 0.6506765452239018, 0.4437381308492383, -0.13158337486186775, -0.037091933637245146, -0.33871490936951926, 0.18610949481512412], [0.6861975022491061, -0.47175502156617416, -0.1960064879953078, 0.08621738920801579, 0.2688766200031694, 0.1391415796771065, 0.08297381390004888, 0.017726352746061654, -0.09164696471936126, -0.037192403648660555], [0.23282421233774364, -0.883058929665507, 0.958387883903484, 0.10027617829848956, 0.021756991447077476, 0.4061446838299222, -0.024583908519919068, -0.010063407982172303, -0.007794208450630086, -0.03421715633111407], [-0.44664851288069707, -0.0761730196131057, 1.4304744976434398, -1.132936948663999, 0.1580466392159556, 0.11746461094328238, -0.07937596752046185, -0.08527765905593856, -0.028777085426866182, -0.08332428295814126], [1.1853440454042663, 0.25411588836995536, 0.19702567772848945, -0.3110541277673575, 0.6370134659865684, -0.056775967399343825, 0.12954638118545855, 0.07497101365467962, 0.1469280607047744, 0.1327847554327563], [0.0019231640004150606, -0.1477684610511931, 1.0015042231585534, -0.7159067831532478, 0.09406370549530374, 0.13468632543825415, -0.07228437553692905, 0.009303105667347355, 0.07026880705319467, -0.01821360331431489], [-0.031628361769386056, 0.19813188515249583, 0.11838263201690301, 0.19241873498084947, -0.1555607004000925, 0.5421121692395647, 0.051416891877800054, -0.22218029849964047, -0.013091950327760074, 0.020780321024131698], [-0.14499914830075283, 0.09992560793949365, 0.12125829753991439, -0.08300977529939534, -0.021341395695919644, -0.040927962138378966, 0.11132475755116657, 1.1316465881725266, 0.38480770450880075, -0.001358764012254664], [-0.13496005695613994, 0.05256067663072647, 0.023939817029162983, -0.04550429525094364, 0.049701016351728626, 0.3388313159269526, 0.2532479954875946, 0.4491596160266414, -0.17779537409166732, 0.016438717745997592], [-0.005907298897006882, 0.05161256660837189, 0.04291490503810134, -0.250014343682094, 0.04040164070483702, 0.1239936425694718, -0.049672713233295536, 0.12436430126577769, 0.5393422674190217, 1.0031544582256071]]),
     np.array([4.212736543050205, 1.6011432859792405, 2.1324991386263834, 4.117403018104523, 7.542857950366189, 1.618568534998251, 2.4859468483160136, 1.6963286462381841, 1.2364798434738595, 3.4085556429344446]),
     np.array([[0.06871821669002731, 0.434857358974808, 0.5466301618652691, -0.9793302132254399, -0.0046352340491002154, 0.9172437202285331, -0.23398790135517017, 0.033398525628277026, 0.48170100165732327, 0.09180443795767054], [0.0682525184104323, -0.19050519377581626, -0.06515448507296424, 0.04355581442437626, -0.18057027810242796, -0.06781021380928215, 0.09952448082096704, -0.1473112941601706, 0.4324863933127831, 0.07100653923762944], [0.23918994847044425, -1.029769829097778, 0.7238270103313865, 0.40197821844797166, -0.06018578145136608, 0.3755281170814053, 0.25633240044670874, 0.06515790636008899, -0.4708319260839774, -0.12658552951557042], [-0.07798423869645928, 0.24511642135808964, 0.20332910169387458, -0.6225980328304394, -0.16684913142568292, -0.04759222240113156, -0.04076490037387328, -0.054855318182227296, 0.2445974822539975, -0.14446007035938546], [1.7589854685488844, 1.1575457753644691, 0.025779988687661123, 0.364607208173418, 0.608924359206637, -1.145055943636994, 0.5465216589005287, -0.08788123250828421, 0.9052925944788431, 0.6021425508299075], [0.11029993784234399, 0.24967047094333375, 0.8949486269405591, -0.7248195820764051, 0.03784392804692715, 0.43213865919952016, -0.17301616122111124, 0.0747478256051808, -0.39719250174162846, 0.007195727677300251], [0.21925404768352555, -0.04773661359056016, -0.23174349346790937, 0.10372434051218987, 0.08719000119841872, 0.4143759971491301, 0.06374273904568863, -0.3598225060184214, 0.09751295113511652, -0.021617274928567708], [-0.16760224942621038, 0.03367853930949895, 0.009488777789691212, -0.07850841054959344, -0.18765202314069537, -0.06835215862107519, 0.06775218447658471, 0.3233789142707017, 0.80512253293746, -0.21433739854459694], [0.06056866830551102, -0.014606197985850137, -0.04918668622312179, 0.35143859634774843, 0.02005612500752322, -0.04869694713026155, -0.018444756890674003, 0.05140210646194555, -0.1451902933142654, -0.02270794138380514], [-0.1665668532330406, -0.2284842873190563, -0.10605537008775312, -0.336360579523812, 0.24010248019828775, -0.22906211021068643, -0.08182476762200985, -0.09244040639905793, 0.30743438640793674, 0.6911544644634442]])),
    (np.array([1.0317125245624397, 1.30914823463908, 1.2246507500969745, 0.7799152084833209, 0.4449210219930734, 0.19016844546854741, 1.0939448945514545, 0.9025186985069282, 0.36294309037552197, 1.5831257404349426]),
     np.array([[1.0130422801815382, -0.11872349644765456, 0.1804423779714452, -0.7823006227848087, 0.6299139210252093, 0.7202829404736237, 0.03217986300309889, 0.021807768346256147, 0.16544653122530878, -0.07808295814468642], [1.0828679754367971, -0.8286388586373082, -0.20173176646972876, 0.035396842852620465, 0.0026953372883731096, -0.022033446389825517, 0.07258770048113886, -0.07716008042096996, 0.05041983304754963, -0.026071517699005356], [0.21768646629662325, -0.8791086381050879, 0.3300800666964918, -0.03833013900221893, -0.1528492361992908, 0.3587489670887311, 0.030928516761046663, -0.01484360555481866, 0.11027859060124012, 0.017188298928708653], [-0.4960536633606157, 0.08512450617930903, 1.3123624736201278, -0.8052882194301281, 0.12635893806676918, 0.3651700981673775, -0.05872234646739242, 0.05611615791523405, 0.05390514918156112, 0.011085891701544268], [1.1114449231676329, 0.17822065372692236, 0.09775516023541071, -0.22345099790285386, 0.11288046531795236, 0.1250568158244558, -0.044031711364670156, -0.019653338174833855, 0.017647539221905026, 0.045842077990476245], [0.060019914719875514, -0.14855571997726935, 1.1055630400407912, -0.8103164957663359, 0.11399318140385188, 0.459502221388193, -0.024786978518000477, 0.03895572664118465, -0.008903141846655712, 0.026458505769273437], [0.08546868686667727, -0.044004656207136734, -0.03528566691718218, 0.06421535798845639, -0.09848385224649017, 0.5491547522745139, -0.25520880809489, -0.2544926630381296, -0.03848866799567128, 0.04481572453501793], [0.10872403258169369, 0.04520402059770357, 0.1603583461679593, 0.1114242656565471, -0.17326406668986247, 0.03520248418813146, -0.004785046277471606, 1.1901648028090819, 0.6688895625934573, 0.03243175027470169], [0.028061349017813892, -0.0750550241415091, -0.06524232969180192, 0.11619606732329738, 0.008887350766462918, 0.4601512977762536, 0.29805877014190685, 0.6591076546338088, -0.1716360433532558, -0.017798916037741412], [-0.008953372858008301, -0.02159115785583027, -0.12308032152744139, 0.10870463001790638, 0.040308654482138745, 0.10844893781218486, -0.30807313843499134, -0.1390310241557214, 0.5810196843986088, 0.5915000449269813]]),
     np.array([4.632851507503114, 2.8969652281353255, 2.0153782252877246, 4.240148699868701, 4.657170830125523, 1.366558752306519, 3.328312466800924, 2.694960104999269, 2.4885578904389396, 2.7054853912555186]),
     np.array([[0.5264329218499795, -0.23359098414090243, -0.036411519235407475, -1.1331321125145817, 0.29287746111158935, 1.0547379657763662, 0.11215835760250516, -0.7473504166945973, -0.41414021559594555, -0.23171356850173971], [-0.1293106454216817, 0.010979842514332275, 0.12388807778386778, -0.21646189403289606, 0.05783925362555956, 0.11154160164880048, -0.11115483471418401, 0.14857404003933358, -0.09859104334375887, 0.2658115230242709], [0.0445687061617205, -1.0667920321924014, 0.6273742069710977, 0.2795864931858378, 0.23745119666265108, 0.224468582404515, -0.2042002825261577, 0.10408308550344096, 0.09534069779767146, 0.18418086765042282], [-0.05751165441611593, 0.003257124404604756, 0.1490228907782822, -1.5647621983436713, 0.39936157858488314, -0.06028039407828772, -0.3196806951972938, -0.03079983211786022, -0.036699384665349395, 0.046092419884383604], [1.2750843995497638, 0.7273732709405059, 0.27599020082018855, 0.06289355977477322, 0.618301917349186, 0.10927618144550096, 0.08806673968623217, -0.4517945002448669, 0.6274282809924167, 0.06625101526285967], [-0.10057097876313366, 0.002287473982515025, 0.9615425915204759, -0.8776622810118555, 0.0038285665559697588, 0.3463413165602719, -0.09638121251272272, 0.0747285368239474, -0.08671868487305974, -0.034765047114823214], [-0.2665258497158303, 0.020929722929295853, -0.15828150018522844, 0.34358397653106004, -0.12269984219912307, 0.8356106177839893, -0.004897551884436193, -0.28587904068533504, -0.35717718444539565, -0.08145092315292167], [-0.27651757220929296, 0.1584904072042063, -0.06196247793991343, -0.12984990500123705, 0.09316684209885857, 0.11106924630554063, -0.3022490660563757, 0.30451412547813667, 0.7432134084535081, -0.10890256438598817], [0.12132867890539026, -0.16118771756897812, 0.14188913872067943, -0.04444262675398968, -0.5055283502494359, -0.1329088789110001, 0.10495564132673564, 0.20751818138301553, -0.27842306572160774, -0.006573264017494655], [0.48564603208166723, -0.17178548767065036, -0.27029785704351605, -0.18114076742637983, -0.21011090304368307, -0.014325100129545024, -0.10996319029484805, -0.012684322126109182, 1.077133488117124, 0.8550397591030962]])),
    (np.array([0.8804505426663297, 1.2832898733704439, 1.0953327917206706, 0.8535436484896461, 0.39077975678778365, 0.49338925172476034, 1.0392455764020143, 0.9586989576901711, 0.2983217978154216, 1.2069904509072316]),
     np.array([[0.9060935800357761, 0.10079726182470009, 0.3537201373019258, -0.9250917496832692, 0.5585565817709454, 0.4464579841901013, 0.16563865963328947, 0.14320092929587447, -0.2980326725987456, 0.09354163419880718], [0.8996881229614991, -0.7632145064712139, -0.11827957288610098, -0.0067594029060216235, 0.14763621315195882, 0.1806755053853828, -0.02109472403930097, -0.04500078258225115, 0.14351970685478585, 0.025100183316096772], [0.18378179319688756, -0.9115514695797837, 1.1270520824235848, 0.21294726615279536, -0.01993679142158688, 0.44827363862511826, 5.143553742761382e-05, 0.008135826821902012, -0.010178152611309159, -0.04005312008801584], [-0.40214117731974214, -0.013926736227780002, 1.2192141567674089, -1.0787874252701675, 0.2959419916800373, -0.012602147856850727, -0.03528633568896123, -0.02799154891851075, -0.0939756229028304, 0.027047448546085835], [1.1936369424423825, 0.22591972711031913, 0.08967534833541835, -0.25528275091702574, 0.8409453980405501, 0.02935820950149159, 0.10342050142207551, 0.007920426746944072, -0.003547970591372813, -0.014492506096580576], [-0.047480353129995725, -0.12334521432402007, 0.9643874399670059, -0.7627456344577414, 0.0533250451450048, 0.6197139773701502, 0.004760121639630648, -0.022971244203682347, -0.03170019059870694, -0.015272300222411325], [-0.0595887293405637, -0.04567301932544756, 0.009605968808270611, -0.038315095791243044, 0.06977210275285922, 0.6661095120659983, -0.04699614129653531, -0.22801169457876655, -0.026395328486073826, 0.03092651237805614], [-0.1364648354893428, 0.0847708279675486, -0.15440703871640007, 0.18622176525201495, 0.04265954284997436, 0.06885235404930592, -0.024644640199220018, 0.5195429863962949, 0.42434901262926633, -0.011041988985008858], [-0.013644168367975084, -0.0077781783912739206, -0.05006023375829845, 0.003602441464481528, 0.14468906001269025, 0.2689386400408128, 0.3548483127987016, 0.45344462413094994, -0.05934475886136062, -0.03719785554068821], [0.18359134131905916, 0.1466462786747611, -0.06226948452323984, 0.078440924524911, 0.05682107927539054, -0.022652872325560267, 0.11718140731311508, 0.006645623885594785, 0.4827263122195036, 0.9631975967295139]]),
     np.array([5.485447090604554, 2.9886330631270184, 2.277971726479856, 3.4004158200953416, 4.92391171698159, 1.2403777431707421, 4.338847323547281, 1.7567606826068662, 1.5712238230151623, 2.52024478075267]),
     np.array([[-0.2523041195512559, -0.5514147351541965, 0.8488236333601954, -0.5185419898278602, 0.9754073546534435, 0.7655947458787659, 0.15715658465600682, 0.5394828784748104, -0.3471950328030615, -0.16291687901948357], [0.09630777989721649, -0.0790275707529469, 0.04923816049225054, -0.12501477373009562, 0.16956575050932662, 0.03300428532556009, 0.0842730550853353, 0.12500435798683374, 0.6159797824578606, -0.027745911282104786], [0.4307912326182348, -1.2912732930789383, 0.40863944613919884, 0.12738680300762337, -0.0786740714201133, 0.35268346338469053, -0.0975448086226163, 0.09955832166822379, -0.07992899782608269, -0.03177527169907996], [-0.10441812163598418, -0.05025305691424562, 0.13071957948339366, -0.050994923534823516, 0.055170195532214195, 0.03390193837639744, 0.08062209442771681, 0.14123085418442088, -0.32382576861227597, 0.04881524213116553], [0.4812259020135003, 0.7092342958169132, 0.18791490428231403, -0.381999675189299, 0.5393758602846214, -0.3498239323623387, 0.00857705542993653, 0.36392380355660453, -1.0233961094111739, 0.09947997618543085], [-0.06551368210432569, -0.27849241124198787, 1.1025020829140926, -1.1599577425635417, 0.18978087933917245, -0.04361342316149965, -0.29488590073458987, -8.404771859397872e-05, -0.037523580856896714, 0.005600735814097303], [0.08427694645416779, 0.3636544458830093, -0.1373951205070823, 0.8109001927249657, -0.8083330989860856, 0.5098709767752662, -0.3260632621335088, -0.31701539620432384, -0.7065290557310419, 0.16147635334654178], [-0.13202625614379473, -0.2887444305647266, -0.16087894421592638, 0.2016122031973305, 0.16330698863553422, 0.10859573606142228, -0.14252968581064634, 0.3282733159383281, 0.8604223977193447, 0.08291085923947064], [-0.21463124822381036, 0.03148870864885006, -0.025229986718117475, -0.09956016398092728, 0.15813922063276353, -0.0518382682469921, -0.11914154479937268, 0.0421022030365219, -0.21504598800680907, 0.1145094816205814], [0.44964571973288975, -0.210716008051641, 0.2500179647443666, -0.21153796775474837, -0.12212914261242587, -0.034891558528527544, -0.11102878703412272, -0.1779673123214007, 0.41387887318228256, 0.7152361084494803]])),
    (np.array([0.9775078528284399, 1.087844817487202, 1.0698086816113677, 0.7475597449625586, 0.5079469255405655, 0.1399382861238735, 1.1504716942289985, 1.1941661985884537, 0.4140109029901134, 1.434103043890668]),
     np.array([[0.32847451802298827, -0.07623858069695359, 0.28860173863775024, -0.8170370072758373, 0.5446478502440496, 0.646328654126583, 0.2849840213505157, -0.0768310900568951, 0.029796435959471568, -0.10580223122587724], [0.8333778056810318, -0.10578630671989611, -0.2515497874015806, 0.22322871019624033, 0.06931966969942775, 0.03162894731122827, 0.10064744684278444, -0.040847217069420634, 0.3465907791488799, 0.009852726638118241], [0.24944597037590238, -0.9899968529143917, 0.7566547880843565, 0.2042767752476162, -0.10326722458001995, 0.45395159275008684, -0.003364729498916512, 0.1176549694556347, -0.08877135019143069, -0.013157669354258442], [-0.32457977345886635, 0.05938954612432099, 1.1370057024391698, -0.8754948452104033, 0.1982037487587007, 0.15406003180046338, -0.032103359939444236, 0.003588113989754858, 0.056181572254972806, 0.01741580921431518], [1.2930660060252939, 0.308214013797311, -0.02433579991693671, -0.33215469178402984, 0.8646438865444721, 0.12319395253607004, 0.12451083276145716, -0.06990312258085246, -0.05041092435064958, 0.029157817482799463], [-0.0022540871263596425, -0.008935315951327337, 0.9250812433592548, -0.8146646044877847, 0.15439906700855, 0.36479713161127847, -0.02589647026461321, 0.01815150233153678, -0.033411287928602366, 0.04969369287572474], [-0.2120152871282343, 0.06313186659295433, 0.16576857460927216, -0.0924999622238775, 0.0007679524276886883, 0.6640052777789887, -0.6433122434835673, -0.23896012736935857, -0.2846466283756909, -0.023890238545780543], [0.07968469175474839, -0.170928642638746, -0.06332977645707592, -0.07461998771388852, 0.19451616946625383, 0.01908235954953527, -0.0745179937127788, 0.042112368236163045, 0.5172633034737768, -0.026484148208027282], [0.01828835852257121, -0.05864689257511054, 0.01638806160555608, -0.05842538108416458, -0.011553708292893048, 0.2307218037272922, 0.18700620835304596, 0.4950493129035325, -0.2021174950787971, 0.0007179447050955585], [0.04073573793925687, 0.03706116257317453, 0.16939654882315044, -0.1151393118350059, 0.08386545223892163, -0.13304130946346476, 0.10343640779225825, -0.08528401646728682, 0.14265369987446727, 0.6742943340042631]]),
     np.array([6.235944070478867, 2.4221547974094184, 2.502621409648951, 3.446693062064278, 6.696667160180313, 1.4113362708663209, 2.7080009477215072, 1.7124374272812346, 1.5913191034100336, 2.1141278365637537]),
     np.array([[0.8448160845930965, 0.32413260490278323, 0.709923525110531, -0.9556017745177172, 0.5901805585518842, -0.15194416512306688, 0.020349679618024398, 0.4969199546614817, 0.6525975964585659, 0.05455457684640462], [0.12796978152515362, -0.4064453703853414, -0.17503965294699173, 0.007015619484987559, 0.11463340539439434, 0.3147973316678072, 0.009600100548312973, 0.0775204221576613, 0.08075170880364697, -0.0938622081082647], [0.11280119195612526, -1.2220271312879096, 0.5655357650175523, 0.17842718417470044, 0.053016472304427596, 0.19764047249675368, 0.09729881595766358, 0.12357589651986974, 0.14606438762734358, 0.18709905630091597], [-0.21635557711630263, 0.05261486587290003, 0.1364696815475599, -0.40499859378557523, 0.06836975091380897, 0.179342998291795, 0.16787711089848453, 0.007761104425541664, -0.1389987661520749, 0.030802961235790908], [1.058043300975202, -0.8186447659758135, 0.2634245878700038, 0.7969805616595882, 0.8954269724846922, -0.7306937796374844, 1.0932283563258391, -0.005266905085712165, 0.7397025897290821, -0.5299672221264847], [0.08889675771446982, -0.2476686094978576, 0.977116144606918, -1.0765115231404556, 0.13411829083050786, 0.20836404832560354, 0.010882202775900249, -0.012670959066432806, -0.09868770420302428, 0.1558903718282594], [0.18850863811292426, 0.13456708755886163, 0.07346279967353837, 0.17361339303146087, 0.22083350001791147, 0.4583377098147752, 0.08926425364371589, -0.35236221708989207, 0.24290616712062987, 0.09588017032032596], [-0.06763062183433176, 0.015975761313459336, 0.28859021256345596, 0.1278413611040587, -0.0892166642522839, -0.25085211884863023, 0.30127931951305875, 0.3328363884891791, 0.5412539191581803, -0.009337789679967559], [-0.00939912702484687, -0.061795215962747216, 0.057397838872858334, -0.07036159117429064, 0.07272822015163233, 0.030551746156363437, 0.08493987589566666, -0.027995066020763557, 0.0607792869928684, -0.06749863022486997], [-0.15292118937709367, 0.25339450370607686, 0.029608971391010246, -0.031026132492916424, -0.039506476149690266, 0.04658721829600199, -0.09231710295267904, -0.07132936960903234, 0.5428597350453909, 0.5202114065400683]])),
    (np.array([0.9413474190883491, 1.0892471634465914, 1.4195512598553524, 0.7809290454744612, 0.4312615512150288, 0.3855797263929822, 0.9392535919892466, 0.9978661845857064, 0.24583809611761456, 1.7157240315634854]),
     np.array([[0.3985387979513383, 0.004943678269597983, 0.15776835010134943, -0.8664959421734943, 0.4290061251116299, 0.5478414902542367, 0.17642253180680273, 0.0077311021911722665, 0.05448687536024695, 0.006917378053834887], [1.000031935604136, -0.23495654387717488, -0.3043801506776846, 0.07514099287842857, 0.23975265473348328, 0.14782019243543795, 0.10942630072576397, -0.00932187293829096, 0.2977092571395414, 0.0892114649908628], [0.15509109074770194, -0.8935069141387293, 0.9188682556952307, -0.10546729414253875, -0.09217595599483563, 0.2527700168367086, 0.11353797546697722, -0.08399663542814656, -0.06167033175030124, -0.0462920157738062], [-0.39079304668542936, 0.017185626839983602, 1.232665316051286, -0.7921272833112989, 0.16853628565675016, 0.11557142089712061, 0.0699685842161826, 0.09048523618473468, 0.008736496317049246, -0.008982205503230221], [0.9550638164342792, 0.27631478890153377, 0.15387129870118754, -0.17224063512266186, 0.4225322585038737, 0.15499571612966814, 0.11754321332999526, -0.059658807529707515, -0.1696064849977231, -0.05559360411585511], [-0.004111068195487907, -0.13991598230635283, 1.1130858452127155, -0.9864332583822901, 0.0966509962201699, -0.1776275907144179, -0.01372921006811291, 0.013477046613709685, 0.046652638312803786, -0.01595201677846966], [0.02315732937500025, -0.03167706637876609, 0.08757213479863435, -0.04457013398026553, 0.08636464703269357, 0.5033104639714879, 0.3841860313884541, -0.12478661072451622, -0.18647029030741222, 0.0669183734849039], [-0.012847798515643265, -0.034806857453567916, 0.07080822545430825, 0.007816266807820766, 0.003219816511244485, -0.01594823611622527, -0.12772868557374756, 0.2606860582796094, 0.49277489271473324, 0.027751825481592957], [-0.04951218287693009, -0.024736177551504555, -0.01364361253185338, 0.008585841724540947, -0.014223063194117445, 0.2483305444882427, 0.3517944785118837, 0.4577865707647086, -0.020970604012506635, 0.017372729815660057], [0.16533187083136333, 0.03497985355378255, 0.02106602069297794, -0.33590688477347497, 0.026472013415709792, -0.15140922341933377, 0.0627749383989785, 0.031352056974656414, 0.14682279313850716, 0.19439148455317956]]),
     np.array([4.579285897821765, 3.12527058128761, 1.9639869919793855, 3.749660266153188, 4.598394081498735, 1.3632923956631893, 2.8271278810850746, 2.2425560299515226, 1.3677533364118633, 3.726586572647383]),
     np.array([[0.018458844574162227, 0.0890248611215162, 0.8856969044133057, -0.5904068440738675, 0.8266021239842789, 0.14213513763686658, 0.265445143641033, 0.18608973076904095, -0.7053200671722845, -0.3731722218719745], [-0.036734661100266894, -0.2880991390020871, 0.0929862500404207, 0.07297439784828541, 0.03813819361839528, -0.39064744899363163, -0.13053407474558718, 0.07841776388466826, 0.25363891048107384, 0.06522590140294057], [-0.07402253456352313, -0.5674264471737345, 0.8657380975972483, -0.19471990673633724, -0.35809740518690925, 0.1180057612782188, -0.0826643439834032, -0.034976472349310415, -0.1660358742441344, -0.16231682524669705], [-0.059960390616431686, 0.07167395499688602, 0.002999650985207273, -0.47032059303933516, 0.14099333661678576, 0.05596823051075507, 0.13644008627975407, -0.26999289193145165, 0.07915289041066571, 0.10047524798341297], [1.183063222552042, 0.7280354883476696, 0.5198253195350682, -0.2923032589696606, 0.2564526903805682, 0.5153302057955359, -0.46251431545306587, 0.027602794104347687, -0.07007023662625946, -0.25500368620214875], [-0.09808050229239111, -0.2928854136768487, 1.120851330983892, -0.902979082279003, 0.26042373495180654, 0.12838554472528993, 0.20003336298818733, 0.12850685169120676, 0.1881350468874849, -0.1033019898723486], [-0.23933276526183636, 0.26363623146568443, 0.16206636285160056, 0.25139635823160306, -0.1032353878582016, 0.675930128442102, -0.45453803407386006, -0.32055036403018033, -0.30095670349814246, -0.15254736106363057], [0.12505506094849891, 0.21984839238400034, -0.0794999891178388, 0.019295544834355922, 0.26885475090283345, 0.13287354448991878, 0.2627912586782422, 0.6264685105556178, 0.5649889126256399, -0.11035237215454612], [0.053428599088722176, 0.08806674191885737, 0.006744958579189793, 0.12123859849933906, -0.10013120673703794, 0.1066195399840832, 0.006777503667611438, -0.11422416178312803, -0.032195656157562945, -0.04879094288193495], [0.378149757283621, 0.1425319388000177, -0.22159605140984473, -0.33137776879189557, -0.5356156227758997, 0.43269978286507765, 1.0373086984640916, 0.17921147709283486, 0.502024949972495, 0.8058345326137601]])),
    (np.array([1.0898813972684227, 1.2405286736912606, 1.2576243177231263, 0.8808256442043715, 0.39299869006023136, 0.36513590509026705, 1.3948973514760905, 0.90715725719056, 0.227019176780225, 1.5583027727416416]),
     np.array([[0.5606004111329553, -0.10979540769415828, 0.4189347606604499, -1.0024853075127487, 0.44022950365181357, 0.6632876920152181, -0.053487914898865764, 0.09388502652768899, -0.09542097708391029, -0.07841244144165255], [1.043117210776609, -0.036109133919002064, -0.11688638628925736, 0.15576794264105379, 0.42911103801638534, -0.13397566791519927, 0.11392555670012437, -0.02263869246630095, -0.049961970597238295, -0.0887824796088137], [0.19906762874048387, -0.8744211063537131, 0.6939295367701104, 0.11039230665227694, -0.262130333633931, 0.21036824985941252, -0.01881175483273476, 0.002392693348285425, 0.10152465314066551, -0.022714321779232865], [-0.43425301102901376, -0.06292524116355001, 1.1412541754856296, -1.0393786706031163, 0.14058077863406357, 0.2681355122020056, -0.02600802436748518, 0.010617844704307341, 0.0773554607098506, -0.032090377567545285], [1.1907744193156162, 0.3048659485286416, 0.08773068612828007, -0.21732190707787455, 0.8738488395768131, 0.38985136614375077, 0.09197662078670174, 0.012856020361154762, -0.10695723043841406, -0.014153029048088796], [-0.05600100367082224, -0.11023595594015745, 1.146522038557762, -0.8856337606347685, 0.15005994895820055, -0.008163885402424303, 0.020743843266655675, -0.02273184665894918, 0.0056214388855354135, -0.04714402963116606], [0.024849598012026335, -0.008902005994811689, -0.03200536186098112, -0.11064808095459783, 0.07841298999486099, 0.3529342276425296, -0.37697408782622144, -0.1810773624227998, -0.16495607092561632, -0.03637561841862205], [-0.012132903050115561, -0.05412103324457077, 0.021703716795451224, 0.022106415801391683, 0.033237774444617986, 0.028841287638358245, 0.09343297309551822, 0.08951485851140001, 0.28488131683918316, -0.05155022694072684], [-0.03020444126913018, -0.007176519410069843, 0.021039723740338745, 0.04290657507265942, -0.030932036586892597, 0.23956827135709388, 0.33652523511529925, 0.5200892846447838, -0.235562762536386, 0.01695793960902494], [-0.07624134537243075, -0.06110936824023936, 0.0026618260937576557, -0.22165890794301452, -0.040247622808818585, -0.056900468186373884, 0.046549153601351444, 0.03086585428490869, 0.410713136239152, 0.3291138732753817]]),
     np.array([4.862892678969449, 3.5713429395778054, 2.083743286619896, 3.4236584377609307, 6.084111543058462, 1.6593111001460579, 1.1772359071220073, 1.3073967121675734, 1.9223798842516377, 1.4151348989010841]),
     np.array([[0.03465951605081843, -0.10550752097651657, 0.15393968092558716, -1.9155227048855372, 1.3666969747068436, 1.3113687954503617, 0.12912803090875294, -0.03538776647643615, 0.7239400269948452, -0.4127498989942427], [-0.10642821537909307, -0.2760994457952296, -0.1639677682661457, 0.1661073513682511, -0.14490030945265275, 0.2205361389718734, 0.08016303821471717, -0.22459794236484934, -0.1868587838853694, -0.12228644986208027], [0.14150996843441255, -1.1553446334379058, 0.7829841570201951, 0.21748558437957477, 0.08216493445268326, 0.31341812523728807, -0.4670247977026704, 0.012331616266939382, 0.5784361042904375, -0.06603485763267748], [-0.2220811807519804, 0.16002569344221562, 0.010823901829632448, -0.02584321580671098, -0.1288458619280747, 0.01031620863130973, -0.015496001626306022, 0.14702798466167846, -0.08262452138486229, 0.07174101558394418], [1.3105113313627572, -0.14543061905157792, -0.7690895290074214, -0.26155299529317594, 0.9117027030183905, 0.057196818081199155, -0.6617797642036373, -0.10991415098992802, -0.412945309613464, 0.8180251455675001], [0.11043239668003532, 0.009521894153572534, 1.1198252016910473, -0.9008733776118361, -0.11385649662659285, 0.13442788353060647, 0.46295426193383665, -0.07506289944926378, 0.08332196508647063, 0.08296499606954391], [-0.1657467417651393, -0.06153877711867776, 0.15520689896428022, -0.27115151804493187, 0.040297068689558804, 0.1645594774086519, -0.027777118738903553, 0.0930605076314231, -0.08219972605565816, -0.005168853600838111], [-0.06823583890970904, -0.01986834022744764, 0.0265501173840024, 0.12490907689706636, 0.06071790412498981, -0.1063564020554038, 0.126699219735531, 0.4119077080857872, 0.407487085314238, 0.11764623382483123], [0.019763378626489702, -0.08695262914901704, 0.043208692194990996, -0.12836703816462355, -0.018343872731556344, 0.040949908859035114, 0.07973663589035307, -0.000940864530372286, 0.2657374112486173, 0.10512895254808817], [-0.12736459092769353, 0.13686062342042818, 0.09052366697129142, -0.06901469257589264, 0.057440687145135026, -0.04587187868938849, 0.09140872777029126, -0.12368619943014054, 0.27385056114272704, 0.37192326651796226]])),
    (np.array([0.9563225433907172, 0.9788895249467524, 1.2965812500868443, 0.8159349424148096, 0.37818783767864156, 0.2926719683050538, 1.196053625440152, 0.9967005796345815, 0.3969428823895738, 1.5199640666479657]),
     np.array([[0.4415184265216406, 0.01456213287804313, 0.2208704614223959, -0.8608359817524174, 0.3499418185305861, 0.8808521052071091, 0.08854511959904418, -0.017316618459834027, -0.0592079118537034, -0.0002458893490885109], [1.3600116010780854, -0.36434238317668766, -0.29558747425827236, 0.29486986508353596, 0.4497541272872344, 0.39149346987943623, 0.05696805147086738, -0.02186318837783184, 0.12343796312334634, 0.05933441401509718], [0.1731551922550592, -0.9296420625394604, 0.6106713318744758, -0.07785349893669517, -0.11419767513991066, 0.404382215964214, 0.024917033242202465, -0.06559623213894043, 0.17439147860240375, 0.004284768316002572], [-0.3962046125575096, 0.06361100658365625, 0.9352292781213081, -0.7612969986936108, 0.3077865149346309, 0.18816566367814894, -0.08516032561898151, 0.026390107876261344, -0.12163676515554772, -0.02275465531706138], [1.1413082652333706, 0.25448441261859417, -0.046031021896834, 0.024751040399444868, 0.8250750392288163, 0.1692434456650717, -0.0666727603274739, -0.05573918680407246, -0.05305879378141677, 0.044560582014796665], [0.027727023747093314, -0.15931429096447336, 1.1361676185806002, -0.8368414631607208, 0.10263839141945064, 0.05714317015695449, 0.012464220004381979, -0.06996045727458713, 0.15769873507216797, 0.0031136895623463546], [-0.08203819242832024, -0.13537102661608014, 0.038611383982161414, -0.04867337021990802, 0.004011034746857164, 0.6330388996713797, -0.26032532918229523, -0.24350508761593484, -0.30454445741919645, 0.009899331193047676], [8.961789177427453e-05, -0.0487210295519646, -0.11750853165721384, -0.044151369319682936, 0.01613744673072297, 0.1149697901318844, 0.09295783375253423, 0.7701333515949248, 0.6493876713781124, -0.029803355083921363], [-0.10047556858319401, 0.05429623016705995, 0.0069228930695861435, -0.021769653074039788, 0.05045630036903907, 0.41631007848218293, 0.27228984993673805, 0.46301306445899404, -0.23076629718482722, -0.09821204040188151], [0.014075612813484784, -0.02174109366479139, 0.18360933390483167, -0.1872911509500697, 0.07748206734560174, -0.20684587889966177, -0.18167578944076537, -0.05795462831682574, 0.651668075967316, 0.5580737556044881]]),
     np.array([5.589967526695534, 5.141481568571489, 2.0815371665886193, 3.40278230316327, 4.845862834870122, 1.1617729039936537, 3.5529768289453454, 2.0167878643142196, 1.454929915053541, 2.4770179099911322]),
     np.array([[-0.06015026336598433, 0.25233465365179636, 0.5205599194229585, -0.5767040664041018, 1.1805292095964055, -0.24079930324203908, -0.46648161762117574, 0.16581023859842148, -0.4221729556736465, 0.5097511010712336], [-0.015281201081230976, -0.4987853836338611, 0.07268765464967318, -0.6813864513304607, 0.32687552026428474, 0.046091478611559364, 0.20556722576101297, -0.1399550005134644, -0.3735778735113617, 0.32309885649823467], [0.19610765510916012, -0.8430962873778528, 0.8277301362934588, -0.37298065727673135, -0.15701750003192633, 0.2820127900485545, 0.062485292653069145, -0.18953097593103865, 0.035879812269028116, 0.09260885519086941], [0.01300016222462009, -0.0623129035296677, 0.03523695475554786, -0.2938842306111282, 0.1520121630363573, -0.16452640968223373, 0.18705958618927013, -0.2330988753753405, -0.025699063860920506, -0.06184075700808806], [0.8762129232848812, 0.8717512629714304, 0.513738777349905, -0.73826719635959, 0.20519333478564417, 0.27612560527055735, -0.6941291252061904, -0.33642249945758573, -0.3787053842525175, 0.444381625844755], [0.08197003108703248, -0.12237401214869262, 0.9715982393498986, -1.0420121975032421, 0.0425969940011916, 0.1900383691625295, -0.038911109927479405, 0.020293144047609353, 0.19201532134023255, -0.04583453411253466], [0.05854836176001858, 0.06742783827429359, 0.1637958450095956, 0.13002878410795568, 0.2312044860103803, 0.6661641475975612, -0.2843185526479039, -0.40410681405863785, -0.5985212736751265, 0.17935893107284365], [0.16076209051628057, 0.13207978727564162, -0.11566740577546915, -0.15685828498935053, -0.3122567212343107, 0.16571024032450782, 0.03894378081180894, 0.22760371863186446, 0.33264924102282856, 0.08682965872114244], [0.17725674841360242, -0.04521935987256895, 0.024972903160975817, -0.04866985057509704, -0.08673966869685541, -0.25609821307353414, 0.1584859757681525, 0.008416650524408705, 0.03309337975160512, 0.028874208834036377], [0.02817171518328771, 0.02611564149792696, 0.021399851031135907, 0.1802621115201759, 0.17414861235472925, -0.16605503909717917, 0.1796030363107053, -0.10575496000071914, 0.9160834299749889, 0.6234008032995528]])),
    (np.array([0.9743910332013943, 1.2260490577055827, 1.0561212534329572, 0.8075920404913665, 0.3505363145703927, 0.22290079601067303, 1.0963337949620577, 0.6513312200788612, 0.3596734836999766, 1.4859503266385559]),
     np.array([[1.0078210454833851, 0.1349229629207787, 0.30855186415567426, -1.064100268761341, 0.575197210744701, 1.0173105272011365, -0.15187285084425228, 0.05127934956399517, -0.10849694718887926, 0.15487495594783493], [1.0229132898498745, -0.5378656159764801, 0.03513576329498049, -0.1368460800231841, 0.5923078406668091, -0.26031569728443404, -0.06509484558350631, 0.12848733754916225, -0.1626689413786456, 0.07418686199039089], [0.2265773806032482, -0.8853961636093276, 1.0775325784961696, 0.07327951935732734, 0.013666569410976919, 0.36250430028727887, -0.04423976004304143, 0.05900130061517752, -0.043098902672053636, 0.015478681129367003], [-0.40280001000393006, -0.09790523296661378, 1.5434769201689862, -0.7855264015388144, 0.15067293400032014, 0.10208330725712056, -0.0561812940931988, 0.0019859269118444934, -0.08692666542367296, 0.08668568709283724], [0.9914873071937745, 0.18467216075898152, 0.16112396780217536, -0.2945537333148845, 1.378738756889026, 0.05764407811025834, 0.02729917950370363, 0.042659607541386, 0.19713978665683288, -0.055196307463051576], [0.03774735656540756, -0.08448447280843331, 0.973268168970044, -0.862695845918491, 0.14182244291038315, 0.680491723162206, 0.010557780808325751, 0.01698115485500864, -0.03321176433664732, 0.03184284234417525], [-0.024671165015871254, 0.05983761318230378, 0.046676035450427325, -0.13982146892806435, 0.12255256784914208, 0.8191622861941672, -0.18586605420474206, -0.2724744225437314, -0.15299377241653891, -0.0031594624067442355], [-0.054852933501626254, -0.029577150890657437, 0.03877029932434142, -0.10286932831056388, -0.04181929263835628, 0.18881679324322106, 0.04640676053672844, 0.1564215800111519, 0.5377676996131759, 0.04461975562902706], [-0.08644154730668616, 0.004663549468821729, -0.008031653970121705, 0.024500798694714183, 0.10131126598292561, 0.3734150906440142, 0.37916610045423255, 0.49418410917470207, -0.055457439390020485, 0.026095288263045125], [-0.20585588424989085, -0.04313287408576255, 0.15053374681595152, -0.231868090961794, 0.09624115600977705, 0.04638080833246354, 0.023298020097198398, 0.037648216112124586, 0.44878099998768284, 0.5689793130893256]]),
     np.array([8.278944592560942, 3.8275513990855377, 2.032911743669523, 4.316289509590717, 4.453360303338211, 1.3206528620330444, 6.293104006001394, 1.0229977587031804, 2.1840594477220283, 2.291722229461832]),
     np.array([[0.9100917220230528, 0.2071779947214895, 0.45114666425092753, -2.017550948190012, 0.7062828228977176, 2.0776898160987236, 0.964853243225099, -0.9430561267649233, -0.7801600300425191, 0.11813600416396766], [-0.19091828193369806, -0.34647604366056356, 0.014196691209805917, 0.2502622928615636, 0.0846275347210008, 0.2107988989498538, 0.1515738572982014, -0.1797205479690631, 0.0972577043562901, -0.12463244872658], [0.21803420761951342, -0.8694184888816523, 0.39005557101748783, 0.13934366328133202, -0.13720182900706426, 0.5031736058344137, -0.14697110890965315, 0.007997190631614156, -0.2875822386295384, -0.004016935944386665], [-0.14133498001815636, -0.14466968565187274, -0.17701819907114275, -0.2636559790433299, 0.21968545832712894, 0.0007736273936205355, 0.1400307708502576, -0.03150863042673247, -0.10855665951171316, 0.03396672043453923], [0.7501788332473665, -0.19101176863706196, -0.3440598220263204, -0.9910784641416014, 0.10301419826574669, 0.43043712273824936, -0.23262747106680115, 0.35722186999518424, -0.25779891324251164, -0.5216627630986366], [-0.11806013918309538, -0.2694340944664687, 1.2131066576081695, -1.3308936412828083, 0.0018253825034792556, -0.06404913609634973, -0.14347108821319446, 0.150775698809689, 0.039635921433065935, 0.027281086223323835], [-0.5989729205310474, 0.5984420151001523, 0.11763301748302128, -0.6043345479908763, 0.977352000765147, 0.8112135866565205, -0.632705039987255, -0.15593535525962665, -0.13724683693057707, 0.04863653647357846], [0.11950885729347685, 0.027395791449820472, 0.049366776494617355, 0.30975365949031536, -0.08372201155994403, -0.14879347309272714, 0.08211561902566009, 0.3853426718006158, 0.23792212360317697, -0.046168683591326656], [0.2049519323734622, -0.061378149407372615, -0.16193467417463353, -0.08020672431086585, 0.07038638273625447, 0.22965627569518707, -0.12572956360109874, 0.0355581310568555, -0.312563059566397, -0.041554367661855836], [0.32108487376610656, -0.3446929309607316, 0.1856987823595881, -0.024780501200213443, -0.08178096646475323, -0.1627947410780873, -0.13661916151149983, 0.15093472666777968, 0.6724339806105047, 0.6144426141709146]])),
    (np.array([0.8289313301455228, 1.1181535543487895, 1.2005577360132857, 0.8380884766512819, 0.451740247683263, 0.30062082309201843, 1.1313148285922716, 0.8107317855333659, 0.3017304933067717, 1.8213286263833397]),
     np.array([[0.5267072493370053, 0.04810219739674371, 0.2572433381167795, -0.8204888793844641, 0.45530016511876226, 0.3260606701657256, 0.2662831039278168, -0.036370602995375596, 0.024896821828595313, 0.1550314355278276], [0.978024883196935, -0.48298285319547435, -0.11434467834023775, -0.038804389491613835, 0.3934131167343145, 0.06518917706669353, -0.061684125674493495, 0.06560850571617496, 0.18619613995434334, 0.07484204193057149], [0.23361883792470267, -0.862688428809329, 0.5452742484947565, 0.06877897114350259, -0.11876517881653342, 0.36155235733987956, 0.005198185366337937, -0.04161751226368273, -0.15877281060229995, 0.03432692530616783], [-0.3879316201359845, 0.002689004767480089, 1.321306465649844, -0.8815991568948144, 0.0901513874901257, -0.0107013789566302, -0.083899748206277, -0.0003112543893853606, 0.10646435098882287, 0.02091732288718463], [1.395863691764593, 0.2410717830468999, 0.017125698651654628, -0.3230986349397738, 0.594757641408579, 0.14180484798385834, 0.09362550656132956, 0.01951613723844134, 0.006168649669042617, 0.0019622756338359307], [0.014233138250386612, -0.06959282199748935, 1.0220980093148966, -0.7758054743881726, 0.08126968957155105, 0.21056612691953566, -0.002586510209535808, -0.0241690241041992, -0.027848761867545598, 0.028264938190664005], [0.053653443757698156, -0.016246706421702672, -0.01018353846995277, 0.10489984334102177, 4.2559408359315374e-05, 0.41822484331492094, 0.08627282141822805, -0.27365663902868, 0.0062438031905098605, -0.07642985771599109], [0.04476716065362254, 0.20290514660898828, -0.007855983037486233, -0.021275910018701563, 0.1186467094405831, 0.037962240441184895, 0.2274589053195693, 0.8316526930517245, 0.6815249472513182, 0.11638871966714959], [0.03230296896732234, 0.09913153026695608, -0.00032709183944005295, 0.019895620019095495, 0.10317669493146658, 0.2660205721822084, 0.39432926704307897, 0.5754659655663487, 0.11589191821375996, -0.04170403790251365], [0.1209887628997152, 0.03549497985233242, -0.11297309525110863, 0.09439377191622934, -0.2279572718516912, 0.11919003319920006, 0.062133063715573617, -0.08074418265109326, 0.2577289655918703, 0.5406100064915086]]),
     np.array([3.943844095590156, 2.5192959318452086, 2.4312721273959195, 3.372734016296205, 7.637153321160064, 1.4720999773653667, 2.3989955367256015, 2.986293084054786, 1.969782282357436, 4.540539119824747]),
     np.array([[0.3885821207472837, -0.38483536500546867, 0.5682456073239751, -0.305944399909983, 0.8815015793238471, 0.7196052386919565, -0.05186033225038047, 0.18269896810515196, -0.25301311994835596, -0.0511090909069082], [0.11067772382526765, -0.33700369245615786, -0.09356071986319123, -0.048522564292666784, -0.005197862786467412, -0.040736943273197504, 0.03606978367445886, 0.07506927127416711, 0.2956910063681613, 0.03805718041073592], [0.06640845925294216, -0.8000869414543686, 0.6776306323659553, 0.35155981124708774, 0.04584101121007407, 0.21386196287609927, -0.028324273764798333, 0.06867282155258654, 0.45254783310677726, -0.04451413852512436], [-0.058029448927952094, -0.13061924450849277, 0.05185662709144538, -0.14212911519757032, -0.09970983022597889, -0.09895092284138828, 0.3330621092789092, -0.12948944099193194, 0.004878482607034999, 0.10193355793941798], [1.1615101665327114, -0.010842740369377204, 0.07177485150400169, 0.1892001955029238, 0.44945399215607856, -0.13225046709475544, -0.15564247756348354, 0.1926061813156925, -0.12769611802180636, 1.0086436536175216], [0.12069498501552804, 0.04788518595976166, 0.955482208072448, -0.7227458658164739, 0.10790018588966811, 0.29418607673922115, -0.24373232984898274, -0.07749501515487611, -0.06860929958628285, -0.06606439327404214], [0.07621509663137549, -0.25704158158310386, 0.058856824207743554, -0.26049374299332134, -0.030242481497894002, 0.33835343131869167, 0.11206441279009206, -0.1645401427044509, -0.02598111236007813, -0.15905974553529625], [0.5595601018017549, -0.12583612844619257, -0.31888273015664687, 0.040068858745707675, -0.33402633840487606, 0.03970133411091089, 0.19227959962324537, 0.7621898015977966, 0.9264891536802667, 0.0813270664422916], [0.020800664564478582, -0.17488918204338755, 0.0036161229557790785, -0.14780654783903016, -0.020378133251977504, 0.04250696974163109, -0.06204474915786999, -0.003191338735336759, -0.06830245775778149, -0.06114841865226689], [-0.10410381188914523, -0.3718559367180485, -0.0632484604168894, -0.0421528258090113, -0.21437277458099824, 0.02304165296507782, 0.5944407817852977, 0.17231584669285663, -0.24007290235871553, 0.6631537506498277]])),
    (np.array([1.0435974644429835, 1.469119968103025, 1.3863421844701453, 0.8997536033454379, 0.4417303216124638, 0.23844674252239717, 1.0798749596591812, 1.2949626374284293, 0.17497742088336987, 1.3749207049173984]),
     np.array([[-0.08574414426354263, 0.20064944878527122, 0.2739433332906814, -1.0288903899928123, 0.6384091126392758, 0.8447501864606412, -0.07584278317386621, -0.048306522861233055, -0.019246629395234156, 0.04681802858733138], [1.212325223016604, -0.6032003753677354, -0.17845887639558308, -0.05977362119650058, -0.025575320731550458, -0.0334154577608549, -0.10028125291231399, -0.03592329409590415, 0.08929353024216874, -0.054467438753492275], [0.2015348138723597, -0.9726972138417159, 1.1412818691213815, -0.05292562266527496, -0.22808265064965774, 0.2730740042779961, 0.08943402630621453, -0.04189342817834583, 0.008646318687333359, -0.0006450183803241074], [-0.4186519730929748, 0.024076874886313392, 1.2193538238981383, -0.7645405812190265, 0.1931217689781364, 0.030491498679727818, -0.09030181330996823, -0.0046099682541105216, -0.3177721846933246, 0.06403394037324464], [1.3601763881631272, 0.2994175144563194, -0.16898518939490298, -0.2031191123400266, 0.4184197031408854, 0.09199681699048994, 0.12225067536149369, -0.03256675514743382, -0.03318298923831033, 0.05724600870965132], [0.010001681918577771, -0.165876609691984, 1.0675254639540044, -0.8449867356584065, 0.12422318383755127, 0.275087122773932, 0.04992739341701936, 0.05834601460378966, -0.0865672966464893, 0.027682409642945546], [0.03641562043488593, -0.08038139686862798, -0.011888530974524757, 0.11013216141880491, -0.04184858675263007, 0.4995797823267753, -0.23822827797910895, -0.2996260879937846, -0.17562679326834987, -0.049652790937208466], [-0.10930054563599224, -0.042489505498522304, 0.16213931202939483, -0.29154122024396506, 0.028421657868601534, -0.192798705885051, 0.12490474855487671, 0.038661176873322704, 0.6951841214833796, -0.07915063453486978], [-0.03158844989845646, 0.061187370725338704, -0.00658701391001845, 0.04875966708725154, 0.061396885807370814, 0.33115314612670593, 0.3162626100864237, 0.5904019902440873, 0.26333482894668725, 0.0608955233449036], [0.08296229532298577, 0.02944151828473158, 0.011463185054231783, -0.09796268574861108, -0.058816636814063274, 0.14604030633511034, -0.07353654671219666, 0.08698459531215465, 0.3586033739209323, 0.8699323208917613]]),
     np.array([8.042072089757916, 2.9025992500421594, 1.890887680469971, 3.3462332402550437, 5.324993950857836, 1.5372732279263566, 4.21486951080335, 2.5402211317162253, 1.6361977155257248, 1.66137904923252]),
     np.array([[0.03112727860356446, 0.3552059970457095, 1.4529255860687655, -2.309920417764971, 1.3770584755832462, 0.2597627381330954, 1.1760072901930063, 0.7480071878174502, -0.6238786050361964, 0.09146623939676467], [-0.03704839935230748, -0.6218417156463797, -0.15283359776616778, 0.32453172152080156, -0.1124094419079323, 0.05877605954987508, 0.21664705846328852, -0.07169567762576383, 0.27698267676971666, -0.056444233529476036], [-0.1766816027606035, -0.7650522531903224, 0.7481034924968405, -0.12048157940763991, -0.003246395850999958, 0.03283147081786838, -0.2896589986329061, -0.04829885429163958, -0.1281962776988474, 0.03670194228895701], [0.29991871718524277, -0.24343956460416316, 0.14996420384807585, -0.3026198470292257, -0.29971166501024515, -0.05495057009049891, -0.20252433412074006, 0.010111501434627272, -0.13461610778052896, 0.06638412764940647], [1.34474720066292, 0.4029284243254405, 0.3402190769214509, -0.558580440004668, 1.4160729622904042, -0.12152854940604814, -0.030740989712883467, -0.21629316525795841, 0.516888012556565, 0.28216108308257865], [0.06271396023374368, -0.17652400048713138, 1.2682650002125446, -1.0278020652785091, 0.3641383026003587, 0.03121064410853403, -0.20179752361163833, -0.057777500772622586, 0.17874304687744277, 0.05239106205625446], [-0.4529810586778583, 0.23483238532218625, 0.7788411639779965, 0.18065449807823283, 0.15424098608288053, 1.1184811012834446, -0.39097517162552686, -0.3949667454944346, -0.04790507623448047, -0.08823356433086328], [-0.1577400872333697, -0.03189658363119371, -0.05660531484158088, 0.040270630667414625, -0.14554478314021035, 0.20038541927451065, 0.01821759140523809, 0.6330133823213665, 0.7227680042225154, 0.19786641956840056], [0.08332364925459315, -0.14997790535746475, 0.00869714625773664, -0.06333843799285688, -0.013066196156171947, -0.012289247710104144, -0.07365221769076094, 0.00308268277199586, -0.12219091625754716, -0.0593527973737914], [-0.007063595413686531, -0.2069271450856117, 0.04790050969159825, 0.0731054340568741, 0.0568001899211773, 0.09392578518791513, -0.2080609384247904, -0.234763659496052, 0.4887517534845918, 0.3438494697382877]])),
    (np.array([0.9646837887200324, 1.5320099986045717, 1.181471727953981, 0.7912107938424472, 0.3852516542929749, 0.36178417779064276, 1.0700207798642118, 1.0087628661763033, 0.3166357103555904, 1.591147276598563]),
     np.array([[1.4390983893961022, -0.11069804703549684, 0.2102260417076292, -0.8417516635322306, 0.6820476110351338, 1.2830506794242724, 0.11688320226100615, 0.09989856347212042, 0.024706319785922942, 0.032650756079163956], [0.7251192106856978, -0.5574308761601919, -0.27068834273130393, 0.0030776002534434856, 0.28504703295785944, 0.06378932796493786, -0.13030678871358795, -0.09022125195704433, 0.21235867544246106, 0.021228118755722027], [0.12592939595159963, -0.9850204690050277, 1.1033588278368118, 0.12126805078462292, -0.08636292964579678, 0.2535865075190399, -0.02141484938875316, 0.049988918557899976, -0.005765382900306363, 0.03928502384559674], [-0.5477337472468309, -0.03912004883009089, 1.2262612040824887, -0.8552067278609484, 0.25361431908199167, 0.31150429383740275, 0.10198862962546751, 0.038880221161265896, -0.004068974942586633, 0.04876732321830264], [0.7808596598266123, 0.21238623211803523, 0.1066726569246369, -0.20989236281318802, 0.6913039974818277, 0.19829956312065228, -0.06304615024326286, -0.04446909974749893, 0.02528230497880581, -0.0042303765323014626], [0.04969378158084807, -0.10052236448678484, 1.0858799258530107, -0.8752039854420799, 0.02829984938630425, -0.05145416850751125, 0.05216751761157968, -0.0032667400325696663, 0.001272835429681738, -0.004986201155650553], [0.11537431396002276, 0.04029923818053104, 0.006535082944083549, 0.0698159842593209, -0.07789660818414, 0.43451584511914154, 0.04180000670487965, -0.23165802437345545, 0.07488788284527585, -0.07682903800482328], [-0.13539593112490309, 0.10497846318866541, 0.046489526950710666, 0.14676533207529538, -0.13144149928480092, -0.15827822180141457, -0.02059953840142661, 0.3003818272982713, 0.6846543805529565, 0.0027714256415481238], [-0.030574493863658084, 0.06196424608463287, 0.021796801256393078, -0.002127277487245396, -0.03817512428732871, 0.3725054211128804, 0.318187804805085, 0.5780495261464887, -0.05646760302362867, -0.02110173215315948], [-0.04465064157887337, -0.0071450185869797655, -0.03331874239967071, 0.0841398311857824, 0.04697898325776873, -0.25200002075081346, 0.07620756864120627, -0.08971163673007052, 0.12646008312004003, 0.1169863568487193]]),
     np.array([10.914638827305431, 1.9704016009080874, 2.4818173347139107, 3.894223596936043, 3.623043198588278, 1.3885487410107953, 3.246524555905112, 2.1754405067754394, 2.076656068674663, 1.7850203170861874]),
     np.array([[1.0046717005508927, -1.4450755413255436, -0.13292148690513378, -0.8039975103652868, 0.06621117085990479, 1.3209073403099076, 0.6494460236907414, -0.6621481458339481, -0.4903173204583485, -0.5429430164519331], [0.19541387906564608, -0.20533161554281237, 0.12560806023090926, 0.11482598743060507, -0.18839155434836644, -0.06778321114335317, -0.07426153567404811, -0.22211382179679776, 0.14166776518715204, -0.05400679168441297], [0.4586863818650473, -1.4576271323771814, 0.5841958970075979, 0.17792443340092098, -0.20399364266976508, 0.39997035796803937, 0.20790786603059208, -0.11555628308618017, -0.4322229117316744, -0.19807566373649016], [-0.10714417192398841, -0.0079551873211488, 0.07684039062506769, 0.09117667802849196, -0.11777704523782463, -0.038466210034704934, 0.1658046890222473, -0.12051144463460634, -0.05058116643254461, -0.04864546191308554], [0.7969620258482554, 0.4349248233169096, 0.49596814094637837, -0.5146835909111046, 0.26142467614249904, -0.07310373134444971, -0.3617270994356067, -0.3813906919169401, 0.764208369971755, -0.291766145956453], [0.04709901652052343, -0.030410547327026263, 1.0891711084933036, -0.982876104022662, -0.004995344484044447, 0.15890357669442706, -0.041536200618410526, 0.003375039928796607, 0.1966834039541652, 0.0031549144923451672], [0.18668711505654847, -0.005224700526309155, 0.04103520060446358, 0.16377322055477397, 0.05761134932748782, 0.7642619323454073, -0.3684717055345081, -0.32949874156641695, 0.21451262495743695, -0.12597363855457858], [0.38521800189960365, 0.13497556232950944, 0.07286026385718802, -0.05445012079344695, 0.3783078056376585, 0.2762789220529512, -0.09621635756181675, 0.4029495351720411, 0.6438886252548047, -0.23749512814790577], [0.09430307361816596, -0.12372068047468897, 0.008074852501651854, 0.07210415851776075, -0.03296255386022797, -0.05753154575227342, -0.02612999855629584, 0.019927216063788014, -0.2723258161154435, 0.019837447210165147], [-0.14163427618195545, 0.30506175741798947, 0.0060385063316130685, -0.054612305579970606, 0.056879010524330725, -0.04852960806919847, 0.3937141137644418, 0.1243093508124641, -0.16101153452736133, 0.49350024746900945]])),
    (np.array([0.9881005996856118, 1.5770416425738427, 1.3170011573031957, 0.81805884904546, 0.3591148509525871, 0.30105486171129386, 1.0682823410956819, 0.6902910069354278, 0.1857209632101105, 1.294464664977429]),
     np.array([[0.4130718262523426, -0.08908975578547389, 0.09057002254116918, -0.8679533559041981, 0.44383074586596205, 1.0836822986931813, 0.19691381973893907, 0.13208419858190387, -0.12584590652893846, -0.10234669840214942], [0.9077462819674436, -1.1623685156091816, -0.1636534600557584, 0.0036725944350228844, 0.12761574909703532, -0.08246888613431072, -0.11437801995335077, -4.0728032432889e-05, -0.06626725510712009, -0.07992404311412558], [0.18584449261596994, -0.9618413557758864, 0.18569885510686618, 0.14221109587119452, -0.09928251637091494, 0.3667534024208912, 0.019199017724292493, -0.00823238242829536, -0.14354100333759306, -0.04591215703685572], [-0.4404789371458866, -0.026749843077969994, 1.054242136449032, -0.7827162557607483, 0.2754105491949283, 0.3185423817201281, 0.007344753601234965, -0.030595072018897145, 0.1591170327658669, 0.03339838948532363], [1.0902308488097212, 0.18537486908377698, 0.2366936847853521, -0.2871437262950699, 1.0819303562226847, 0.04523410982337639, 0.15875807276034082, 0.012768202437686725, 0.04694036052674978, 0.09354963312025501], [-0.022740865764418156, -0.023483377429133586, 1.0643683405694135, -0.7902978778685906, 0.08186788993749347, 0.3884171819417263, -0.04963033342090434, -0.043942284933588815, 0.004404742951399099, -0.013207963607972785], [-0.1350659691524811, -0.058662225624581905, -0.04051963313164658, -6.621426032427658e-05, 0.046134266659454304, 0.9002459219184196, 0.12587144712631795, -0.3661940224810136, -0.3475813004265143, 0.2856990599011504], [0.0513423474725383, 0.040433037687488335, -0.022550218341007934, -0.000585852081138417, -0.06776539727775573, 0.14003317482437305, -0.01430283742404031, 0.6979385918358765, 0.2248888861513795, 0.041692563539638634], [-0.039890635993138544, -0.09294208111816313, 0.00573205587072844, 0.036664428344279555, 0.11927725128546729, 0.18402448097896537, 0.3316283665181606, 0.4981990464113257, 0.45162867129760526, 0.029160106145089005], [0.007011770070818511, -0.018706587395854124, 0.020260458541496124, 0.24003967730153644, -0.02978882558876279, -0.02801517880156758, 0.1552258461350253, 0.15880082756582325, 0.17974143466137435, 0.5264992423751147]]),
     np.array([7.963817576916386, 2.2887837563594253, 2.2051095085634156, 3.452824266922698, 5.705791707922718, 1.346857368057476, 4.953721205392003, 0.8072839987468512, 1.2263853056210707, 2.2923380721165025]),
     np.array([[0.9321602512865563, 0.4959192251136738, 0.5558734522998109, -0.9599002184321757, -1.2538470241232846, 1.3784181299840264, 0.8402734868876134, -0.02467563888529048, 1.880624453834715, -0.44219863759348954], [0.3147350269677637, -0.4116545146271621, 0.217491781042145, 0.14994255489439898, 0.08844908923505189, -0.21489585067425027, 0.2791756671992675, 0.022965392317642955, 0.005172229196996405, 0.061047232465504614], [0.5760087202747787, -1.2003090128935079, 0.5686412684983527, 0.15586239982336778, -0.03665728574302971, 0.5116413706778838, 0.023019836123119447, 0.20928890239216277, 0.0828585562903399, 0.1160350109725042], [-0.2843775341784881, 0.06193021099116583, -0.15707504548093562, -0.6428483745942137, -0.0075258468594534625, 0.18556456622907952, 0.06408331031376124, 0.10038917892333266, -0.11516222631728884, -0.01748098557322568], [1.3448256829766725, 0.01821886268415799, 0.40129882476328865, -1.138517873592471, 0.8541129437880699, 0.6073427849434444, -0.6792539186218397, -0.21936044203358698, 0.30834672221647225, 0.030127326216486807], [-0.08404315875268803, 0.014010852470472223, 1.0115430384479762, -0.7618802922655593, 0.16718051164120096, 0.2849010298812823, -0.21816550117150396, -0.1140834166573482, -0.037161898800428944, -0.17013422309996268], [0.14415550221968065, -0.18612034385588502, 0.3603900766127448, 0.18781742886585137, -0.5797490382877382, 1.0797887152148773, -0.7202256805830943, -1.027184457665993, -0.09747846508296353, 0.11428295077413879], [-0.02945397354739459, 0.011946421646290149, 0.1538739839782025, -0.15999833627438315, -0.08316756867796715, -0.034164264570838064, -0.05735265844084975, 0.14630702361892994, 0.14354009290434158, 0.024242764824836994], [0.06574081955369766, -0.17999000142906574, -0.02013367983076411, 0.0629440801610473, -0.0728913266047575, -0.030552088533216615, -0.06787293590152667, -0.017744956835225572, -0.20082809346976344, -0.048565359508860324], [-0.11871794576715544, 0.12471951257676168, -0.03540837504041378, 0.1858767404528068, 0.19104425833663327, -0.0020353567664161674, 0.0933445123581594, 0.02227209402651655, 0.354542117999347, 0.4783030708465928]])),
    (np.array([0.9217576254862505, 1.4022411382191518, 1.3725138623349173, 0.7159823038271401, 0.4436743660855844, 0.20395185056465306, 1.0546800073647167, 1.112881468716241, 0.28614537392420736, 1.366645406721983]),
     np.array([[0.5745705749871934, 0.004682713188516217, 0.22860084309625434, -0.6841157935927822, 0.4431385713263456, 0.7997410365701174, 0.033322889840138085, -0.032254026319877796, -0.01954801664441619, 0.03549575215910487], [1.6141497259151787, -0.6367677344047366, -0.278097389182079, -0.1757020255466578, 0.26838238171968154, -0.08921751798045774, -0.14682296200606387, -0.1271079584366162, -0.16163486371659205, 0.0024746056306536013], [0.1808967936715915, -0.9800156248417553, -0.13298670724677483, 0.12018688664986281, -0.13048779876064948, 0.3561058852551786, -0.0074426048572551525, -0.08984469418650211, -0.08116386670995074, 0.052067455001638535], [-0.3945076379037201, -0.02457752290933183, 1.3761900876443234, -0.8259797903809825, 0.16032559703820393, 0.2885985206293082, 0.02002772178282013, 0.01919674681938179, -0.07512611112195942, 0.030891817118922832], [1.221015526293942, 0.4771139515125455, 0.10161631350011821, -0.3572791523063457, 1.0594636957455574, 0.10893575651649096, 0.12259507484665169, -0.10989312639559541, -0.047508380259182026, 0.013753803458285058], [0.0021314776419008087, -0.1311592776257937, 0.9115990324079256, -0.6567500939976584, 0.15765200510759889, 0.439578648002661, -0.0006835749608880025, -0.01194732703788979, 0.017554031363466796, 0.053200210611849374], [0.001680191098425344, 0.10470875541799754, 0.206647533955625, -0.14575890025717242, 0.005156903362401281, 0.4286976972848101, 0.1089692812728966, -0.20000306949867153, -0.2204285423176279, 0.018873596166692062], [-0.12784955489407998, -0.10054294385896062, 0.08695754718116352, -0.20993651103294847, 0.047845620457540664, -0.014416553330832027, 0.02856249345964416, 0.7047984113500946, 0.59421664384499, 0.0516509193251969], [-0.03221288951348463, -0.04611147661065083, 0.05292454624219647, 0.08340912391408196, -0.03904853766262805, 0.40463314331177314, 0.24582885318632766, 0.6345178589161306, -0.2226293716519178, 0.03981220055133155], [-0.00112348589486737, 0.10282110161123396, -0.08471099069760346, 0.01932556933776874, -0.08286659404261752, -0.12742310669881105, 0.010115069666084497, 0.05833980568661035, 0.36008056206510025, 0.6064072357311269]]),
     np.array([5.584596731677932, 4.862926667125625, 2.1137341214482803, 4.232234657691833, 6.817596194200863, 1.3068583932614461, 3.146245407435357, 2.1145339138116177, 2.1632428273422115, 1.8292981937078414]),
     np.array([[-0.41142662659899454, -0.019013219622930587, 0.5452091844318796, -0.2044914565819918, 0.5306434993953926, 0.7035517637197582, -0.31115082124886356, -0.1477014533927869, 0.7071034915779124, 0.3403851873224383], [-0.15562938015802316, -0.923440791858632, -0.30022384795737417, 0.05631911654764696, -0.15038254263226747, 0.6654046191527299, -0.1286277647823403, 0.03179225415616465, 0.6706240208292084, 0.2829141551061363], [0.16222573455190947, -0.644886816668127, 0.8126573671190432, 0.02910267413560657, 0.057357253668094764, 0.21339288873340523, -0.010688805109977625, 0.20876727209110854, 0.3065513079482782, 0.021848584516991194], [0.22590745648302862, -0.07766426476451749, 0.07285539278356498, -0.2842646369533245, -0.4801921506931528, 0.11588216966410302, -0.2100192260519071, -0.009857469798092324, 0.05790477108259971, 0.10459598190195205], [0.5418050464126217, 0.9993875398425234, 1.390013667193528, 1.472648240254886, 1.3937777671193, -0.9492299903582082, -0.10366595147879187, -0.15695223042689468, -0.37589257607949855, -0.6600234648526662], [-0.09632859320015541, 0.03698096484843586, 1.100094636363877, -1.189028026923565, 0.10767156017717378, 0.25820601274395943, -0.056565947647719536, 0.04456178530720729, -0.2926510175202632, -0.049276939707004176], [0.3551159007872521, -0.27883899433551507, 0.17613850234263773, -0.090448869038128, -0.10903815758147944, 0.5523386392100272, -0.047183244010352024, -0.37332886237210655, -0.3638824278151415, 0.00661991101742169], [-0.1226882268834575, -0.08739309389049432, 0.13924538455194257, -0.33150764872841515, -0.07488799817128255, -0.054984385958258934, 0.0010179143157579126, 0.3696547791277483, 0.6076367045112018, 0.12329001635731263], [0.10848724389898243, 0.09757555241690599, -0.12481152382285766, 0.016459602450951825, -0.22899442343207516, 0.0066642361462804535, 0.031037971248260115, 0.05218524175375451, -0.2656255536960049, 0.11698492152567398], [0.016839931899300314, -0.12385756080298169, -0.03613183574130669, 0.06676581704077428, 0.053765629762591596, -0.043927077590631226, -0.09561851456707046, 0.08764932893407404, 0.26409242895196383, 0.5228642212704411]])),
    (np.array([1.1089557272111596, 1.2557540003691476, 1.150849013846762, 0.7074969955251039, 0.3921310138263003, 0.18595414865919513, 0.9626327995402173, 1.221567025509699, 0.2673099714575828, 1.6186586250685082]),
     np.array([[0.5387475369676826, -0.053252284799229214, 0.0488801337380156, -0.9208477093738016, 0.4965627681274978, 0.8260786662713139, -0.2143168201200471, 0.05520235133357769, 0.19938485622821583, 0.07810450930285213], [1.2017314630821192, -0.3020221782966789, -0.398185805407984, 0.23890159281351375, 0.30151763670650766, 0.20527565676904366, 0.14056631407341563, 0.0025361427022844215, 0.22182059482431735, -0.009513846619428864], [0.10825392395772432, -0.9911867807883293, 1.1415726569009703, 0.16963624519580817, -0.004368294396223815, 0.6755939151380176, -0.006001414478992992, -0.042369016269977196, 0.05722045927079694, -0.06711271537279696], [-0.427998693752092, -0.08671728495460793, 1.3618669431691481, -0.9132945395974382, 0.28685891388084844, 0.3248089109070807, 0.07451504589215416, 0.08543559979691742, -0.16590843111098033, 0.05434796155607108], [1.2529037747985965, 0.13852869009229915, 0.14579357881179283, -0.23854625327619505, 0.5909737496160227, 0.1707327859434229, -0.03097678949094329, 0.13216034634966803, -0.18385292519252758, 0.11294982889648386], [0.023481686296842042, -0.07641382270715778, 1.0154306103060313, -0.9142877769191515, 0.16208035098577486, 0.3207407814998178, -0.03893373555379406, -0.00017134346463092015, -0.03568859116426441, 0.046833541561707014], [-0.05368286989827015, 0.16305429568002122, 0.027354187492962572, 0.25509979947309336, 0.035897841093194466, 0.3242033721377117, 0.19729117053592607, -0.21877157389165555, -0.18214527999200728, 0.028234765912720512], [-0.04368985089725175, -0.06056884982045704, -0.19509355421429259, 0.05062480813455212, -0.16675573453876172, 0.15159564274635715, 0.025206939430935108, 1.1369222865734279, 0.4933717197210524, -0.006885803591109382], [-0.005832763092239795, -0.02611960385605677, 0.008781260437374663, -0.061249250383090176, 0.02591733576407616, 0.17786073125349985, 0.32665782280133165, 0.4030322853580866, -0.1465436489847794, 0.03624245390958291], [-0.08927806889766282, 0.06440111921775027, 0.1016292485916477, -0.20345764694170118, 0.0956045764610995, -0.06722840257553403, -0.0804901897491626, -0.10854685821126382, 0.3565364264501989, 0.3922902803983562]]),
     np.array([5.711084931028507, 4.680123121817572, 2.541410556032603, 4.283662551250921, 6.008100297011644, 1.5255906958494698, 1.7307977890435549, 2.6211414120951577, 1.1435892662227012, 1.8851080411882677]),
     np.array([[0.4301522736230696, 0.1559040047470479, -0.18337158832437353, -1.1899380354479776, 0.4067858080215285, 0.5427605230943803, -1.2683399801187754, 0.11099954221596933, 0.08061212981280107, -0.2090609195636362], [0.23906114279792548, -0.7182240719361094, -0.147308442626349, 0.030387025052676788, -0.11983650127778307, -0.21824080352785605, -0.007554466272523312, 0.06160965804822402, -0.20109968292292585, -0.12004973739543709], [-0.1039295311244197, -0.8576772286757186, 0.7349895821162302, -0.12412868393030434, -0.2391283794200299, 0.439893773717137, -0.05399035813042566, -0.10230854259341297, -0.05299555418227042, 0.13651464791188442], [-0.13933440970968933, 0.2593497460347367, 0.023726226728580335, 0.1223149761173777, -0.07031464121750783, 0.0520692881774148, -0.038148866104115255, 0.333266065132119, -0.2957645564779744, -0.08192219616286878], [1.4189728087260263, 0.43022407828569026, 0.48786064077232083, -0.13076190528833156, 0.8822497715254768, -0.1029982557062621, 0.29600354089919345, -0.14939999247261448, 0.9160747029318218, 0.11100167635699096], [0.009477471695393069, -0.13369498014149517, 1.2812872037636949, -1.1249165238555245, 0.03756147319971557, 0.17840491129178077, 0.2118451887978197, 0.011563083140158664, -0.06693235336732456, -0.051053624997479674], [0.07620157901350734, -0.22813662035960305, -0.1425565878860113, -0.0667395989005407, 0.01905129544414627, 0.43920041284725314, -0.26304630729768985, -0.12232943290867768, -0.009069127025227275, 0.04900068310557515], [-0.1514387092005978, -0.041879596223998984, -0.012701547252020395, -0.4828484678378302, -0.16993148045750922, -0.26148801081348266, -0.37312511604361126, 0.42331336520917956, 0.7622220576832405, -0.017351168317264517], [-0.02485812870953905, 0.10793964631496514, 0.13247001661889857, -0.1328197656566416, 0.025532968365228385, -0.03805281307474446, 0.01301495521965265, 0.05541772175568828, -0.22115790659665846, 0.028511543216170134], [0.08918381910390312, -0.11976654529267033, 0.1871552977428941, -0.22941011013249324, 0.10528944874027839, 0.0006913122678238301, 0.18746494635158029, -0.1735439211147634, 0.5603780911741236, 0.49899761639258655]])),
    (np.array([1.1128721040209453, 1.2122330833946355, 1.217635947628522, 0.8994934529038708, 0.34287483678767927, 0.382607589938719, 1.2054149439570618, 1.1375866715839769, 0.17169464769036707, 1.431471388174734]),
     np.array([[0.3252655229424632, -0.055667238806896384, 0.20030842549288796, -0.9381118996688504, 0.38778626534826943, 0.6225882693574547, -0.1166052357467311, -0.04628899411314022, 0.08411709722639472, 0.028960448712335912], [1.2554423283090788, -0.2319938786537522, -0.10199804983002864, -0.04771511414044793, 0.2546188738108938, 0.008408036775462953, 0.07936290770175808, -0.10893705326352021, 0.051620402628934865, 0.03320596233156961], [0.1857885260086687, -0.8679073209167804, 1.0272474601557136, -0.056626196868903855, -0.20768373732720768, 0.4274511278626197, -0.13992583165418024, 0.034905667159945246, 0.029598398656251607, -0.01290589887589217], [-0.5148357164249152, 0.12365395718479057, 1.1262487114567237, -0.9679812036775489, 0.2792644782026253, 0.495257833938325, 0.0020128477068745215, -0.035720892133324564, -0.25649770970766056, -0.03211746785849874], [1.174064639823786, 0.14151955884165102, 0.20082939023335605, -0.22475313290838214, 1.2174335034209443, -0.024570870570915376, 0.06331888111134955, -0.09059066425052026, 0.10692568966797361, 0.052074684551223105], [0.0305582275286015, -0.10514465043775009, 1.151689686377182, -0.9107079374896513, 0.07886046240471348, -0.5338325144890901, -0.002953420415312159, -0.0038092474317311287, -0.08204832908894773, -0.028656604236020886], [0.04925853203574718, -0.11354094981969505, -0.044229697129655986, -0.025373972964583574, -0.07501652974300187, 0.42551216246300344, 0.1892729653581578, -0.12302916428492619, -0.09962691894774195, -0.07864822925967668], [0.12694762889432468, -0.12920659428848885, 0.05202856628298885, -0.08221171102352069, -0.03763195433325868, -0.0919386321350616, -0.1512275178821426, 0.14456710403892967, 0.5607170261866573, 0.034017806277452], [0.009873510842310928, 0.04734276933051753, 0.0024017789099438566, -0.005066913988791576, -0.031159145160717144, 0.30633203724940944, 0.31820494339632827, 0.4688365978750944, 0.09693281029816547, 0.008928310867849428], [-0.01806484740468899, -0.0646932082014669, 0.03944867908369965, -0.04069518623838294, -0.13688203619930855, 0.03349263956707589, 0.18411241063995545, 0.037172306560048836, 0.09874134838295423, 0.6759316269703838]]),
     np.array([4.788517485075923, 3.541665356781692, 2.187967207262868, 3.4819507878793354, 5.286869533149923, 1.3586087818185015, 1.7936656579876387, 2.0154119565252326, 1.2774170673267378, 1.5635008927810825]),
     np.array([[-0.018663548154584198, 0.3439353926765886, 0.30058693117974306, -1.2073414811476744, -0.17174416074276033, 0.41857862424773157, 0.0629126058225758, -0.0688079130112717, -0.43734939810169576, -0.09317122428027548], [0.10452096861434745, -0.22360945614939967, -0.22560075242903127, -0.24190196152526985, -0.020890881162939533, 0.20784471587495762, -0.14177034186235493, 0.13289767508645287, -0.6200058343732191, 0.1358349573819152], [0.03279158026070446, -1.1949973412427493, 0.5186015169535813, -0.10437099084240223, 0.3118586134044287, 0.22874650479900313, 0.33701292109096165, -0.05943446904825778, 0.03555560492642413, -0.02657135834065749], [0.10160376645230437, 0.13216320869499293, 0.06836203427377643, 0.03865759699368554, -0.07239698343764173, -0.12139605249840142, 0.07954516012938366, -0.11542357106787829, 0.11595006078164234, -0.036635674381241386], [1.4128842521008276, 0.5316121000054351, -0.40537972116543103, -0.8022986760834536, 0.6104244615536023, 0.3145221397636446, -1.0781565693858206, 0.15515703979783696, -0.8025681712629795, -0.18517784328301534], [0.045524123933926255, 0.0953655252646791, 1.0951079036520117, -0.7368790666114413, 0.19522979408782917, 0.3188876748810488, -0.06182669418938476, 0.02834733739630386, 0.09088884114636418, 0.07005899388127819], [-0.01821405878215117, -0.23737948953627924, -0.18895674841362342, -0.2954804540979722, 0.05279950881306166, 0.5897599720456115, -0.12962152846340289, -0.12102992567960388, -0.08168553454457311, -0.01648243933778885], [-0.1629965554794715, -0.02386917683324585, -0.03945456760179496, -0.01875495295803296, 0.0014141924956593379, 0.17822646695521926, 0.48415175164263186, 0.3631170564967074, 0.5406870331336091, -0.0599683629062007], [0.08497932475806966, -0.0444678769128921, -0.06370214467882092, -0.08325563984865948, -0.061851209977686, -0.10119682598363419, 0.22865066210346552, -0.03395185225235447, -0.08751690292779069, 0.021091950777997272], [0.18365948008826308, -0.18949147845497155, -0.05798941064674259, 0.2836874155640397, -0.10966658918093361, 0.1352698368795063, -0.10488790181214108, 0.02463310984769312, 0.09435527886224779, 0.3345090067882761]])),
    (np.array([1.1146990426369032, 1.4134888069043092, 1.0969674918302152, 0.74564807347002, 0.41894550322044743, 0.2931115310173308, 1.1319231559658558, 1.4507979261930406, 0.3706934145585015, 1.6888517165060932]),
     np.array([[0.6787592368243658, -0.11642476253109385, 0.25817315383088724, -0.6461066962755471, 0.591509532899621, 0.8189147628577548, -0.13067237894749065, -0.10579479759821916, -0.11311438258542128, -0.06919200079086739], [1.0416286539435666, -0.6158880807191357, -0.3986087743359609, -0.00011916021459760965, 0.14188991234711548, -0.03099584047339565, 0.07125215705841949, -0.026050513003780664, 0.06059910595299373, 0.052784852090592096], [0.2085034841755573, -0.8328713658909599, 0.544504194791076, 0.1395789808928439, -0.021674275185576127, 0.3209935649588454, 0.008668718105701929, 0.023879730087943887, -0.028858601119572825, -0.02623344494576177], [-0.28151031598541043, 0.07901984109265885, 1.4529060738497832, -0.7354860933100378, 0.1052035183409209, 0.22944563618538358, 0.011859351679605987, -0.07259338585399021, -0.04378048059825112, 0.0455492768403138], [1.1332211253873643, 0.3143202412489982, 0.26587870886839415, -0.41650758340605765, 0.9646602422176693, 0.44591105492933464, 0.08315045151669793, -0.04979917332003478, 0.0159934457764323, -0.07694806446208419], [-0.005531014668463622, -0.08258831805465906, 1.1535410978642597, -0.8935850410679927, 0.11166288394421695, -0.08978187193920265, -0.14605626425294077, -0.006618556020358919, 0.095435510115754, 0.010315211968698557], [-0.05812015560569651, 0.15096033478850326, -0.0906636658772896, 0.27861852698461553, 0.05592605051831987, 0.5561559120288484, 0.1342258544856957, -0.26311637482015077, -0.1076177538617259, -0.07184476935890363], [0.0039505588425013324, -0.05227143149607318, -0.08092663059840752, -0.12222157844619501, 0.02290775784441486, -0.005337125755495192, -0.09590549625981132, 0.15900919313764114, 0.5819155549102566, -0.1533590722573578], [-0.07394967580107957, -0.09386218679225307, 0.057757651685754745, -0.08051170311365129, 0.004072712325395319, 0.25614787243836773, 0.3949440366799924, 0.5665812026991683, -0.1553239799907167, 0.04804897768670325], [0.10904337032962631, -0.21467379176636167, -0.24658339230222115, -0.030921669640884906, 0.04734151072206853, -0.09562439876263273, 0.07856373410434678, -0.13897595599530568, 0.3768386339085746, 0.6495166223346395]]),
     np.array([7.847744262834709, 3.0578250812823047, 2.0911504555990708, 3.5311805158594085, 5.894193352643411, 1.5439343977866198, 2.295577227577401, 2.358589170917072, 1.966954615512937, 2.519228342956742]),
     np.array([[1.443712925465848, -0.6623582809024772, -0.3177420776221282, -0.47004289668538884, 1.2764482760741627, 1.4182330642062964, -0.14525600106132297, -0.703633531533484, 0.3368525027570964, 0.2622253570586053], [0.2679211136124221, -0.49408624976114945, -0.016268511353899853, 0.40556169430467315, 0.3533478155560113, -0.13617681991578803, 0.24890494687023706, -0.06945212345745304, -0.41687253726676043, -0.08611142768731829], [0.023357162917019114, -0.6849287462823781, 0.5673184538001306, 0.18381090656368776, -0.041751701423724565, 0.24517738017709795, 0.02981721812212563, 0.16118761632608486, 0.06192697425735176, -0.11738597037827594], [0.05257043162622189, -0.07923371313925164, 0.15632050010422127, -0.3751860632650224, 0.10881090997629289, -0.16875711067381824, -0.2053217122718676, -0.22089922065124548, -0.1379237298235218, 0.00913462430076779], [1.5594514949039924, 0.5358126173894744, 0.5504424765545397, 0.14485015849628377, 0.9980627559648882, -0.2818546359238616, -0.7118192701181176, -0.9165853366162586, -0.6945576797387606, -0.1770836748424126], [-0.24104763903899892, -0.27047853666254706, 1.3049406513294444, -1.0783359751017776, 0.04390305908627003, 0.22081296500516048, 0.1104786970692899, 0.05433239200978693, -0.016358349416388605, 0.2585993969279896], [-0.014647174129212705, -0.10953976752373532, 0.17744051386551735, -0.20457066972402368, 0.02221088994661438, 0.21524337293814788, -0.4217873741451951, 0.04591222493204596, -0.6493142798593176, 0.1777170654396036], [-0.06300421236381913, -0.017909166055302433, -0.17740465485095508, -0.016715996248035853, -0.37380418797838244, 0.46933087863188566, -0.20027803603162375, 0.4879626669243188, 0.6715669464773962, -0.03970729484799291], [-0.019058917024448997, -0.1810220056625879, -0.21881825579975062, 0.2115840068219725, 0.13693333112622771, 0.11911302629761189, 0.0642733502930178, 0.04124914206939569, -0.3837727824953291, -0.014248237846192908], [0.03663484148524851, 0.23344678321348583, 0.03819103573686612, 0.00894043753622075, -0.38403409880022576, 0.14808009813313452, -0.011109718437851536, 0.05794912659769945, 0.44359923453202105, 0.5495374418943202]])),
    (np.array([1.015026956099036, 1.401157700217385, 1.214997289322535, 0.7799399130823986, 0.4726569426979303, 0.3406892593878274, 1.2312722287820854, 0.7742981979680983, 0.4213322516232343, 1.376378673833346]),
     np.array([[0.3494202059404372, 0.01449255733313845, 0.2581360136850473, -0.8263601181880372, 0.6745128658209175, 0.6011012986797721, -0.0505496762870449, 0.04008789356060681, -0.17549596084410035, -0.08337330292315805], [1.030095817870584, -0.5040101879372424, -0.3600298114545577, 0.07558324044072472, 0.2205641672817626, -0.09693820186981322, 0.23515007492343037, -0.004424297543209891, -0.09587981928958944, 0.019497183116327352], [0.21662187920150996, -0.9735350981049594, 0.7166223662898095, -0.013830146204681284, -0.062021258266015886, 0.3045244563200994, -0.02402026854965653, 0.11331598775268437, -0.09429610659480993, -0.013168655299127382], [-0.3967601345477238, -0.03958018000274755, 1.3346471371341544, -0.8090788657372394, 0.18611759852148574, 0.133197573097842, 0.0026562322806272633, -0.006440643619260262, 0.03628387284118621, 0.028140055966802625], [1.246155520996289, 0.2757548622338412, 0.0628333532944206, 0.010346431801748617, 1.0182113846257654, -0.004817224410275713, -0.11067120425644221, -0.020620105267297805, -0.03812036031417371, -0.0012546609785437839], [0.0400276166646169, -0.1734814779145298, 1.1056072863006157, -0.8749025556656528, 0.1513199906442425, 0.27087491896482063, 0.06924580061001955, -0.005450169608005984, 0.06120851398776906, -0.04490103477797687], [-0.0678883935959321, 0.047409117674996594, 0.006121362744529344, -0.0021730733701499664, 0.06788184665731165, 0.2641838216886153, -0.026023969369105476, -0.1536314510194284, -0.14656850821938863, -0.010742971003476673], [-0.09592040306027419, 0.04078140576399036, 0.04095760706740247, 0.13555393500219617, -0.07472093768361185, -0.028340666036373925, 0.040659526589440956, 0.8047871743093169, 0.45278989516589957, 0.0837885520792669], [-0.0011255035465259989, 0.03968713930196434, 0.05691994905772497, -0.016556898335996724, 0.003993924092880242, 0.24840387018050125, 0.24007154461807081, 0.5339988819392217, -0.4491540103227175, -0.07165764270668475], [-0.03383208092570435, -0.04135678886562535, 0.08295982336327014, 0.20480833949310093, 0.1303528445027569, -0.060780968580166836, 0.16750842430771523, -0.0023959603489562098, 0.1530537665158608, 0.9705045538561273]]),
     np.array([5.69527659364305, 3.8700254534805394, 2.2316853093146496, 3.5508177500959954, 6.30677532223799, 1.541832379317264, 1.1872004112186711, 1.313465606560545, 1.681226521357743, 1.8417452541090036]),
     np.array([[0.10232085333034693, 0.7016238134860918, -0.026424023458411522, -0.08842038875038818, 0.37498730006529385, 0.7019223626755817, -0.67590276749339, 0.010761700236245775, 1.470643985824728, -0.251153688069945], [-0.1767157711920933, -0.7804451691468607, -0.37429078763070084, 0.42099585073409673, -0.3445394819549132, 0.34816949953879794, 0.2637666955182161, -0.04556082793098934, -0.06363496673134392, 0.07641574411930878], [0.38221450220606545, -0.805025218430173, 0.47975049229373434, -0.24669369954477208, -0.22765876117266326, 0.7690169931175417, -0.3277865027551254, -0.06272080155094671, -0.1494323909222475, 0.19272803593156315], [0.1810248912198006, -0.27540573643069854, -0.035960943748440236, 0.16072797857097598, 0.20150712108614915, -0.003625956620914503, -0.07009380288757756, -0.010583434194560152, 0.22338854251592127, -0.03221764230953779], [1.0241260037060609, -0.03397560614626427, -0.7867334846168905, -0.4897801884898477, 0.687463245838881, 0.4234921757042214, -0.828255014000607, 0.275007526155198, -0.2853319386749097, 0.6281528713883671], [-0.04595951375383242, -0.1899442200474792, 1.0356137159193155, -0.8120851391902281, 0.21615777701217007, 0.2962080636903345, -0.004662796668857417, 0.11800906651027858, -0.18620378199256743, -0.10516324173296338], [-0.023001500036018082, -0.07823346035982039, 0.06267490411745041, -0.11133243156277556, 0.003082567215891937, 0.18615948870505228, -0.06307537143558672, -0.20593321335786802, 0.10574840819282208, -0.010836977645667713], [-0.20472666372634038, -0.1113129328034831, -0.04836461167009995, -0.19319345954390635, -0.006291258955155386, 0.05041658773075022, 0.06766530889557461, 0.4504301743869468, 0.368695115213352, -0.05038878112333418], [-0.010645815238195902, 0.035806973067248934, -0.011945878993907429, 0.12391514339033666, -0.052498978482588145, 0.04477570291835664, -0.14201013047641625, 0.13393953093932712, -0.004601360483164198, 0.05419674346331112], [-0.15461760455816928, -0.3515488985383189, -0.12915783129283961, -0.010687357777836378, 0.007799282524624601, -0.039539447328386684, 0.29633359411460525, -0.04395650555075871, 0.4631728732221582, 0.25129581203031837]])),
    (np.array([1.0350797618586667, 1.3866898563580237, 1.045164083212649, 0.9365599128971975, 0.6051367419354738, 0.17633590466145244, 1.0987129548817958, 1.1471978477193454, 0.13142492755484736, 1.1274221261072812]),
     np.array([[0.757232281582821, -0.08702594554782983, -0.0468027089835455, -0.6691526959047268, 0.5851829785043783, 0.9939992246145468, 0.21930754958276244, -0.14327408349948265, -0.183570043810236, 0.12095194648729828], [0.7402232080178945, -0.6563045760324938, -0.22482674294009966, 0.1912873889267225, 0.23217081196489606, 0.12168139714091471, -0.06985583611858455, -0.05734011883232935, 0.02037519551792011, -0.019099726537810984], [0.21853943237338064, -0.936652312117553, 1.2605573349801158, 0.03856499013905282, -0.1373209422865804, 0.6796764280541499, 0.06422625093032706, -0.0617248355078992, 0.12382055053337326, 0.003770381271687871], [-0.4506125514702152, 0.051243961865359615, 0.8895370771617419, -1.0095364544267504, 0.14911874045540033, 0.2674084659514586, -0.0340565919448101, -0.04278475687491833, 0.03847198165012097, -0.09014588456646383], [0.6843921705402279, 0.1301265653971586, 0.03675372274659119, -0.42604747155581907, 0.40794941278614033, -0.010604219320792611, 0.04184742907071902, -0.12753628644809387, -0.06456305128284154, -0.07160015489538017], [0.08180646498428867, -0.12002473196879973, 1.0696234118429981, -0.7933332384138113, 0.10020986464486165, 0.2534650143559571, -0.020400815688406425, 0.03530056381849787, -0.005624611081835783, -0.002589457700719599], [0.25840167709887774, 0.064922180053712, -0.07528198017767135, -0.1801910155835213, -0.049305804129343433, 0.8400291330765913, -0.23564254544963406, -0.39172548113635836, 0.03377960341610552, -0.036761356182127315], [0.1513790947989192, 0.018148506646866208, -0.13825616045255962, 0.13295865594241307, 0.09586639877199886, 0.07081110535738902, -0.15068350360344557, -0.015571428687953815, 0.329715289643236, -0.06957225309898982], [0.0188556722680846, 0.02955735704423711, -0.004692110234300503, 0.04456701555437895, -0.04993918659247653, 0.3215562656375782, 0.2904561150661545, 0.5389778397980179, -0.114714881592394, -0.03583197813145399], [-0.1266724318177076, 0.026231367154657615, 0.2559387159033369, -0.2121869392421266, -0.10973858535069704, -0.0656839938119721, 0.1502073544450834, 0.1337749237574409, 0.5782563409211845, 1.2535556083396313]]),
     np.array([6.153335232335637, 1.7454388656550948, 2.5842024325873316, 3.81608704176997, 3.3233602447051545, 1.412166848441603, 5.66161925479741, 2.14048187358837, 1.1774400640582998, 1.749364967748846]),
     np.array([[0.9337520256144873, -0.16634181994385902, -0.32434721988824566, -1.5253047935604453, 0.13020052266692028, 0.3347308904665472, -0.03465178215386726, -0.39282393371640534, 0.22597601897155378, 0.43005488928700314], [-0.08373312199251463, -0.07718479484294653, -0.03911508962880565, 0.25540303928587427, 0.11627590152133357, 0.12322871792218083, -0.05333877131495172, -0.03163764566020867, 0.04202158608931946, 0.04175102465390635], [0.3080406649380194, -1.340071475541581, 0.5682023119851036, 0.21697295145696072, -0.4962710711380198, 0.30679602404208417, -0.22890149103913396, 0.1573590940941069, -0.4739481982862393, 0.10189047621038116], [0.528269846092659, -0.30993449816043783, -0.09039534131508023, -0.3179028686872876, -0.09335915628005766, -0.034831546784535476, -0.05496071313491859, 0.31966016236545614, -0.06501282864658339, -0.0930690824508026], [0.6769231733050344, -0.015240214154757672, 0.25618680602853433, 0.022850973430715838, -0.07352396715398316, -0.018538455635403597, 0.019269496202302047, 0.21139735653756958, 0.28578982325034236, -0.1976262401901145], [-0.06474335668892525, -0.03535906876899438, 0.9775013318667647, -0.7674316643934965, -0.041825412484667784, 0.3004035922322212, 0.04996751877935796, -0.1494487476092032, 0.2837244939968118, -0.005944617359414462], [-0.3062679434156038, 0.47418136737196825, -0.3929506699051851, 0.5060013990688653, 0.052409088783105996, 1.1069122591293294, -0.5522547012553918, -0.493146777511093, 0.11236431604739264, 0.131191456074264], [-0.2390902839932696, 0.18222212987251757, -0.0031793378035560563, 0.4416899951827613, 0.06815709583080358, 0.25691528160401483, 0.15716809332102463, 0.672190317292562, 0.7439603972150435, -0.08822141783393976], [0.06695334335676328, 0.014007451001037135, -0.003801818241925964, 0.03806953155489815, 0.07083402829291832, 0.01918581648207017, 0.027993904393626423, 0.035780250259429595, 0.08211746455804131, -0.014104073352742148], [0.04315843045547132, -0.12275981131234656, -0.24970804855252499, 0.18123585715805285, -0.19270511901508575, -0.012308060343353187, 0.10015469003240465, 0.08189178300535271, 0.35367163333847557, 0.34985446566861345]])),
]

gvm_gvm_estimations_step3 = [
    (np.array([1.0319621938456842, 1.3235846592146823, 1.102463990833341, 0.7975930487635805, 0.4961986394304547, 0.2822548193345968, 1.0059627003206002, 1.0630718801773433, 0.2568936121214548, 1.5377996832028094]),
     np.array([[0.6349723999049507, 0.0, 0.18884891092274414, -0.7345810630900941, 0.33893945487412963, 0.6669098770076757, 0.0, 0.0, 0.0, 0.0], [1.1228542174697986, -0.5066996462875359, -0.1508047688337624, 0.0, 0.12716846112708638, 0.0, 0.0, 0.0, 0.0, 0.0], [0.1625605179210748, -0.9371089620751727, 1.1180508914025946, 0.31859274601768256, -0.01676383217348699, 0.27777508521313327, 0.0, 0.0, 0.0, 0.0], [-0.40053853509898363, 0.0, 1.0245959790178578, -0.8197059135495518, 0.30509436491659914, 0.27747343200332036, 0.0, 0.0, 0.0, 0.0], [1.2000154445301356, 0.3816038035461742, 0.047799027509174294, -0.4188407245082017, 0.5700035949229105, 0.24467597519348602, 0.0, 0.0, 0.0, 0.0], [0.0, -0.12465049284246552, 1.1060109057562877, -0.7935904582970589, 0.09270082470368021, 0.6679824436782283, 0.0, 0.0, 0.0, 0.0], [0.0, 0.0, 0.0, 0.0, 0.0, 0.5745356307687071, 0.060145023444893565, -0.2020847613585043, 0.09254786500157294, 0.0], [0.0, 0.0, 0.0, 0.0, 0.0, 0.0, 0.0, 1.0317397958672845, 0.9102791023944354, 0.0], [0.0, 0.0, 0.0, 0.0, 0.0, 0.2809211421256767, 0.327899789967787, 0.5204467704532426, -0.13586819412934942, 0.0], [0.0, 0.0, 0.0, 0.0, 0.0, 0.0, 0.0, 0.0, 0.4511212543454847, 0.8159166403674359]]),
     np.array([5.791776082834046, 3.449649911416495, 2.23436258749168, 3.60879033623788, 5.798193851344511, 1.5330223857307947, 3.3793517893620457, 3.2962974755230405, 1.3925880360884588, 3.3505007580970254]),
     np.array([[-0.09773643953746072, 0.0, -0.1363240607284315, -0.5344460785711322, 0.32000845018989754, 0.7547005159576117, 0.0, 0.0, 0.0, 0.0], [-0.02716705710654531, -0.5095926382966144, 0.1847381697708035, 0.0, -0.047371820344839465, 0.0, 0.0, 0.0, 0.0, 0.0], [0.03107520355183885, -0.8995552378216592, 0.6539316842974263, 0.16565428769201923, -0.25863676287297027, 0.2841240526288244, 0.0, 0.0, 0.0, 0.0], [-0.02909115132787883, 0.0, -0.02171435399721346, -0.2940695306278517, -0.05112850387293014, 0.06860337546226403, 0.0, 0.0, 0.0, 0.0], [1.086099844994431, 0.47349637959082624, 0.5183154095127194, -0.36548535543397787, 0.22560354786558473, -0.40519597343700314, 0.0, 0.0, 0.0, 0.0], [0.0, -0.17857482749714926, 1.0185948843725454, -0.7312525755174692, -0.04494205756763481, 0.21042174034934133, 0.0, 0.0, 0.0, 0.0], [0.0, 0.0, 0.0, 0.0, 0.0, 0.5576164333371528, -0.381602664607347, -0.4086451264306866, 0.08895870141136251, 0.0], [0.0, 0.0, 0.0, 0.0, 0.0, 0.0, 0.0, 0.23849571979911857, 0.500165070498502, 0.0], [0.0, 0.0, 0.0, 0.0, 0.0, -0.07740714995924111, 0.1234380275678503, 0.0006844963003077406, 0.08330375284302419, 0.0], [0.0, 0.0, 0.0, 0.0, 0.0, 0.0, 0.0, 0.0, 0.6673260328603996, 0.6414009094901079]])),
    (np.array([0.9777973364367941, 1.4621195359938424, 1.2191121030646315, 0.790746477158287, 0.5092556688534281, 0.33130979283780987, 1.0351989923667717, 1.071346967916364, 0.35111144115468546, 1.5109248393970633]),
     np.array([[0.5842185222148045, 0.0, 0.10408894036651656, -0.9626124520723874, 0.5283264764808173, 0.9140696852060575, 0.0, 0.0, 0.0, 0.0], [0.9739120141366691, -0.5032810512729186, -0.300034792276563, 0.0, -0.04226470565124276, 0.0, 0.0, 0.0, 0.0, 0.0], [0.14235220245880817, -0.8415624756097356, 0.830630915773646, 0.06559623702753505, -0.039440481769568214, 0.33029180064199565, 0.0, 0.0, 0.0, 0.0], [-0.37481209367848795, 0.0, 1.0808810062335141, -0.7530315854610444, 0.2775631429152045, 0.2339788738089981, 0.0, 0.0, 0.0, 0.0], [1.2108292909627627, 0.3384787193900704, 0.2739184118781106, -0.497655114949479, 0.6555617161989169, -0.06704756008105892, 0.0, 0.0, 0.0, 0.0], [0.0, -0.16956152792586598, 1.0464962149354848, -0.8470179825022764, 0.1493372837750001, 0.17262114845143395, 0.0, 0.0, 0.0, 0.0], [0.0, 0.0, 0.0, 0.0, 0.0, 0.5305282586428004, 0.102068628120288, -0.18215486175157053, -0.1912817044344456, 0.0], [0.0, 0.0, 0.0, 0.0, 0.0, 0.0, 0.0, 0.6076825109869486, 0.854837066665847, 0.0], [0.0, 0.0, 0.0, 0.0, 0.0, 0.3261659156167454, 0.3495806757239288, 0.5931010905789549, -0.22041524598520496, 0.0], [0.0, 0.0, 0.0, 0.0, 0.0, 0.0, 0.0, 0.0, 0.6682206420838114, 0.931252515233125]]),
     np.array([7.548591839947342, 2.706384431988534, 1.8858806539508821, 3.346203944032572, 6.040350108484607, 1.5188545586351, 3.373620378651957, 2.641313633378223, 1.9697008145138886, 2.5265288451411503]),
     np.array([[0.6427452493656297, 0.0, -0.37170124071475263, -0.5942595640166007, 0.945034295517999, 1.5949200314102923, 0.0, 0.0, 0.0, 0.0], [-0.26390174153178836, -0.2390691619214353, 0.1233425737777798, 0.0, 0.042909440530268406, 0.0, 0.0, 0.0, 0.0, 0.0], [0.11287853526481541, -0.7596586390351264, 0.6017032992543828, -0.42984689632365225, -0.0016974113785165452, 0.2128341019245782, 0.0, 0.0, 0.0, 0.0], [0.024157870343831777, 0.0, 0.09830427835972125, -0.316666383254802, 0.03196969283779809, -0.2805398380575168, 0.0, 0.0, 0.0, 0.0], [0.7037248478801028, -0.058666036351142786, 0.1461737804170402, -0.5319969367731384, 1.1791255464414105, -0.49927917018062845, 0.0, 0.0, 0.0, 0.0], [0.0, -0.07068030002477148, 0.9128868014759628, -0.7369917900430789, 0.07365897112396379, 0.3080025928586324, 0.0, 0.0, 0.0, 0.0], [0.0, 0.0, 0.0, 0.0, 0.0, 0.6718769416526726, -0.39276262347937907, -0.14026408075533853, -0.710974409006585, 0.0], [0.0, 0.0, 0.0, 0.0, 0.0, 0.0, 0.0, 0.03801277365016513, 0.7227845877550092, 0.0], [0.0, 0.0, 0.0, 0.0, 0.0, -0.11212529312366469, -0.023057356838546265, 0.012236569292078718, 0.39379804221549186, 0.0], [0.0, 0.0, 0.0, 0.0, 0.0, 0.0, 0.0, 0.0, 0.2712979753293362, 0.5407068293101964]])),
    (np.array([1.0618412999149187, 1.426027868806545, 1.3034992334634479, 0.8672460146286651, 0.4406835400694725, 0.28690507266926313, 0.950316908090864, 0.8864470884483072, 0.23000770841844712, 1.6016337524140205]),
     np.array([[0.32018245783525456, 0.0, 0.14995627789770738, -0.7711766684974096, 0.6450477123222725, 0.7221650049496222, 0.0, 0.0, 0.0, 0.0], [1.3118745450101958, -0.8355399173655985, -0.24929115651442244, 0.0, 0.23251324399843099, 0.0, 0.0, 0.0, 0.0, 0.0], [0.07947527164261532, -0.9196876710700868, 0.29536845396422773, 0.05540406248024136, -0.12972237654906657, 0.418629700234662, 0.0, 0.0, 0.0, 0.0], [-0.4992203983789087, 0.0, 1.3975736287964378, -0.969655844037159, 0.20397233442816112, 0.1632537919409581, 0.0, 0.0, 0.0, 0.0], [1.147655277919267, 0.21928351648102637, 0.12165474230605017, -0.3173599361248918, 0.8421426177184425, 0.009210957736447043, 0.0, 0.0, 0.0, 0.0], [0.0, -0.07457040294561117, 0.9875874160319084, -0.8844591589359996, 0.03547253961449346, 0.668931622942906, 0.0, 0.0, 0.0, 0.0], [0.0, 0.0, 0.0, 0.0, 0.0, 0.4990262149479479, 0.32490800027364236, -0.12908922460826772, 0.028355907867034333, 0.0], [0.0, 0.0, 0.0, 0.0, 0.0, 0.0, 0.0, 0.7406752490193887, 0.5917635519131723, 0.0], [0.0, 0.0, 0.0, 0.0, 0.0, 0.3500059473345059, 0.29896386752198734, 0.44658887617264426, -0.18036280357285003, 0.0], [0.0, 0.0, 0.0, 0.0, 0.0, 0.0, 0.0, 0.0, 0.2709782274547813, 0.5595822485752888]]),
     np.array([4.4301285470943865, 3.269623628830179, 1.9154907209628098, 3.825913673859495, 5.692347460879763, 1.390345920720712, 1.7979808992315307, 1.987320024053021, 1.1353895972652848, 3.3172258296085584]),
     np.array([[0.8792786129974172, 0.0, 0.08830854137932229, -0.5975961201460965, -0.7037175427143757, 0.738315456875609, 0.0, 0.0, 0.0, 0.0], [0.07846734530928008, -0.009715678977987686, 0.26289731448581327, 0.0, 0.06468301096391331, 0.0, 0.0, 0.0, 0.0, 0.0], [0.1459349466311375, -0.5840268144729289, 0.7254457523601774, 0.02561335994597379, 0.43920350011565484, 0.24931856402182864, 0.0, 0.0, 0.0, 0.0], [-0.06376825572164782, 0.0, 0.044665546300003536, -0.21450489156357833, 0.12226516805762773, 0.20388928831730418, 0.0, 0.0, 0.0, 0.0], [1.3560072083691566, 0.07401846903584697, -0.037210064381216865, -0.7272504447802038, 0.5964433882140512, -0.5004907945957278, 0.0, 0.0, 0.0, 0.0], [0.0, -0.18524977083330482, 0.9222655490521874, -1.1080928207463339, -0.025868403063064746, 0.3446925676516511, 0.0, 0.0, 0.0, 0.0], [0.0, 0.0, 0.0, 0.0, 0.0, 0.5736525751008464, -0.45676756135796437, -0.24903281596394872, 0.01957085887778555, 0.0], [0.0, 0.0, 0.0, 0.0, 0.0, 0.0, 0.0, 0.4710706486731387, 0.33790234911749584, 0.0], [0.0, 0.0, 0.0, 0.0, 0.0, -0.003927313431359318, 0.017319919594920116, 0.045059182614845726, 0.182017058570695, 0.0], [0.0, 0.0, 0.0, 0.0, 0.0, 0.0, 0.0, 0.0, 0.8075487665884638, 0.6544555853825117]])),
    (np.array([1.0736947695303811, 1.361376742962103, 1.3240051227014444, 0.8198545673325487, 0.47270277854906045, 0.23801380151864301, 1.078037171649228, 1.0136152017547033, 0.3375793641963869, 1.4179577103730314]),
     np.array([[0.3413179443641428, 0.0, 0.06801583885239734, -0.9811553827540099, 0.7631210216922565, 0.7120924434597138, 0.0, 0.0, 0.0, 0.0], [1.0674388143520035, -0.47103835909307623, -0.3241422709722951, 0.0, 0.26538674571326165, 0.0, 0.0, 0.0, 0.0, 0.0], [0.17057313132393703, -0.9578364014544201, 0.870812301069271, -0.02039095617990385, -0.08120359482548463, 0.28582998995061776, 0.0, 0.0, 0.0, 0.0], [-0.4043167794451911, 0.0, 1.1406632788313558, -0.7846877862225253, 0.16671931421814865, 0.19997049240438977, 0.0, 0.0, 0.0, 0.0], [1.4045715787721436, 0.3928101234057705, 0.0041734989303369606, -0.3944787930845844, 0.5342043964269776, 0.32629603466731694, 0.0, 0.0, 0.0, 0.0], [0.0, -0.10707082622744075, 0.9324532651084517, -0.7219094730130892, 0.13073343390378955, 0.28300490114400373, 0.0, 0.0, 0.0, 0.0], [0.0, 0.0, 0.0, 0.0, 0.0, 0.42648787987053743, 0.2775143481918134, -0.236446594829422, 0.009735338447170354, 0.0], [0.0, 0.0, 0.0, 0.0, 0.0, 0.0, 0.0, 0.518237003282917, 0.46546454054874237, 0.0], [0.0, 0.0, 0.0, 0.0, 0.0, 0.27161335595546593, 0.34692005541186, 0.46540004731906776, -0.15372813007787875, 0.0], [0.0, 0.0, 0.0, 0.0, 0.0, 0.0, 0.0, 0.0, 0.357273493798642, 0.5243603952968736]]),
     np.array([6.160097659209779, 2.9055919274891537, 2.10922569985558, 3.0261839764668856, 7.882456737242077, 1.3805980399416387, 2.3048943296789544, 2.230015626399999, 1.8379118032703674, 2.015279804328759]),
     np.array([[0.9813587155412375, 0.0, 0.37036850580316005, -1.7263372733613334, 1.186664847728755, 0.9314748799399849, 0.0, 0.0, 0.0, 0.0], [-0.18712237698830028, -0.27917783466735846, -0.11953693575526629, 0.0, 0.10069700043399665, 0.0, 0.0, 0.0, 0.0, 0.0], [0.0069566471135850665, -0.9368031892887454, 0.5987651330656443, 0.05393871581822077, 0.02858726862580256, 0.2076323686937279, 0.0, 0.0, 0.0, 0.0], [-0.04329958514458637, 0.0, -0.00343728730803989, -0.044473381416870586, -0.2247407384328245, 0.0037773839559847536, 0.0, 0.0, 0.0, 0.0], [2.340357687202037, 0.38370752838388833, -0.09365188810799799, -0.045481141550165104, 0.7770345788786953, 0.20964075281842862, 0.0, 0.0, 0.0, 0.0], [0.0, -0.1656345690484767, 0.8850285879432919, -0.7444267072170074, 0.3002434404329913, 0.15946355012459026, 0.0, 0.0, 0.0, 0.0], [0.0, 0.0, 0.0, 0.0, 0.0, 0.021410493589901308, -0.26563354892166385, -0.24866649720850695, -0.24467240414381428, 0.0], [0.0, 0.0, 0.0, 0.0, 0.0, 0.0, 0.0, 0.5766949984975902, 0.5782835124541034, 0.0], [0.0, 0.0, 0.0, 0.0, 0.0, -0.017205710444121534, 0.0710057866436604, -0.02010003223819863, -0.11602844344376748, 0.0], [0.0, 0.0, 0.0, 0.0, 0.0, 0.0, 0.0, 0.0, 0.4552230195205923, 0.6219267551353709]])),
    (np.array([1.0282803000839547, 1.2579579144331021, 1.157237535700066, 0.8109040722354829, 0.40625125910658205, 0.3977723159176982, 0.9941873529343469, 0.9905532097850166, 0.2721123151574815, 1.5820668451182476]),
     np.array([[0.8093435317412433, 0.0, 0.3323315542310789, -0.792292521596171, 0.26242637168296096, 0.5669453444674176, 0.0, 0.0, 0.0, 0.0], [0.9482587372678557, -0.25395479206836025, -0.15510096869994014, 0.0, 0.19800115185104408, 0.0, 0.0, 0.0, 0.0, 0.0], [0.16556457785035536, -0.8433561313235534, 0.5096549286104133, 0.21331650229850635, -0.10087568884002517, 0.21433961509174848, 0.0, 0.0, 0.0, 0.0], [-0.44405569314430815, 0.0, 1.1486786835772418, -0.9854118044732262, 0.236662371844954, 0.2868085631214097, 0.0, 0.0, 0.0, 0.0], [1.2151381949975517, 0.2288947476512789, 0.2757666675740935, -0.30673100443886037, 0.7161332082495591, 0.10215568324441446, 0.0, 0.0, 0.0, 0.0], [0.0, -0.1628079472478712, 0.9728653353439939, -0.7609597512859797, 0.09926651247595908, 0.07520258586924176, 0.0, 0.0, 0.0, 0.0], [0.0, 0.0, 0.0, 0.0, 0.0, 0.40144483092023536, 0.18879303050950172, -0.1862615499641379, 0.07947092981301819, 0.0], [0.0, 0.0, 0.0, 0.0, 0.0, 0.0, 0.0, 0.4967724046766753, 0.5994951238805856, 0.0], [0.0, 0.0, 0.0, 0.0, 0.0, 0.36216673638455066, 0.24337908640473113, 0.5167237141119085, -0.012407546160287216, 0.0], [0.0, 0.0, 0.0, 0.0, 0.0, 0.0, 0.0, 0.0, 0.4683837314261353, 0.7374198413872769]]),
     np.array([5.595234284010218, 2.8305359855561565, 2.1306821785646832, 4.607325778711761, 5.7461494109366935, 1.2378418106054125, 1.7386473493036967, 2.6729072890374197, 1.6611992071456718, 2.5371400421177657]),
     np.array([[0.658085893129122, 0.0, 0.3355804028015802, -1.2524589286960763, -0.6226405019117579, 0.210957970562939, 0.0, 0.0, 0.0, 0.0], [0.025170324812937416, -0.4512146792567019, 0.05180820326826644, 0.0, 0.09817822916457702, 0.0, 0.0, 0.0, 0.0, 0.0], [0.0653586143449607, -0.8224022547484894, 0.9189134386850738, 0.3796577865352387, 0.06922394707518502, 0.02273083828436691, 0.0, 0.0, 0.0, 0.0], [0.22890416752003442, 0.0, -0.06736898790242206, -0.32617412309760385, 0.19616016130309832, -0.20157710428147077, 0.0, 0.0, 0.0, 0.0], [1.4576763056763264, 0.0949346823591715, 0.4032150086105385, -0.8661401378854492, 1.4255711740248922, -0.07458814045682714, 0.0, 0.0, 0.0, 0.0], [0.0, -0.17432136209355398, 0.8258463251907217, -0.632543224268429, 0.09917923227906102, 0.23251793104393495, 0.0, 0.0, 0.0, 0.0], [0.0, 0.0, 0.0, 0.0, 0.0, 0.42941544900927114, -0.16596012611160993, -0.33289483292696287, 0.04011693361580227, 0.0], [0.0, 0.0, 0.0, 0.0, 0.0, 0.0, 0.0, 0.7276706332579297, 0.6244192284274489, 0.0], [0.0, 0.0, 0.0, 0.0, 0.0, -0.13077288542370086, 0.06319516072112417, -0.041785069171708884, -0.011735201303994481, 0.0], [0.0, 0.0, 0.0, 0.0, 0.0, 0.0, 0.0, 0.0, 0.23881545420621425, 0.5862482814003265]])),
    (np.array([1.0117911448550057, 1.3316421725370338, 1.287662210209202, 0.7384565011907319, 0.43617277297785756, 0.3405055150214937, 0.9276747198301704, 0.8687588481360744, 0.29375645445149884, 1.6085856976705681]),
     np.array([[0.6762261943030704, 0.0, 0.2053862445067047, -0.5558608501973951, 0.47045404685992737, 0.8856045172822705, 0.0, 0.0, 0.0, 0.0], [0.9947221516831685, -0.6044389320485466, -0.299830816356785, 0.0, 0.08898120403918763, 0.0, 0.0, 0.0, 0.0, 0.0], [0.15045074387334004, -0.9077269668285876, 0.6566809996106835, -0.020303442944789966, -0.14871012142039244, 0.24779746757065885, 0.0, 0.0, 0.0, 0.0], [-0.3618778534774606, 0.0, 1.4552142574949056, -0.7608214133369536, 0.273211279038121, 0.058375422660393035, 0.0, 0.0, 0.0, 0.0], [1.0942852270001084, 0.24792281553716047, 0.19804350805529786, -0.29029742576007456, 0.4237537014605299, -0.04674718854078732, 0.0, 0.0, 0.0, 0.0], [0.0, -0.13655923052517008, 1.009607668606135, -0.8081492343183363, 0.06761793758071796, 0.37479146274306907, 0.0, 0.0, 0.0, 0.0], [0.0, 0.0, 0.0, 0.0, 0.0, 0.5191421429570724, 0.20459885954428358, -0.05369663525538797, -0.19052860455356746, 0.0], [0.0, 0.0, 0.0, 0.0, 0.0, 0.0, 0.0, 0.7004640858916792, 0.27964282246439837, 0.0], [0.0, 0.0, 0.0, 0.0, 0.0, 0.28700687942789965, 0.24978881345914294, 0.41025021144708385, -0.030308029537508982, 0.0], [0.0, 0.0, 0.0, 0.0, 0.0, 0.0, 0.0, 0.0, 0.46035743707538096, 0.6010589423893307]]),
     np.array([7.87313384971771, 2.7572250499488375, 2.2213525318832685, 4.274240967993736, 5.3293405581234214, 1.51300889150982, 1.9173377311998343, 1.4784807381707579, 1.3030119828069566, 3.211155408026762]),
     np.array([[0.11240086893592545, 0.0, -0.12194900308070625, -1.6450816527663183, 1.601917705069156, 0.4853811140848607, 0.0, 0.0, 0.0, 0.0], [0.2765959647994395, -0.4807674854511643, 0.12353638049164138, 0.0, 0.04072261991199994, 0.0, 0.0, 0.0, 0.0, 0.0], [0.12943111155432505, -0.7766283061494805, 0.5406561860228565, 0.4734467862294383, 0.14503332531171034, 0.21130798080790594, 0.0, 0.0, 0.0, 0.0], [-0.1440363766460805, 0.0, 0.013422584274105418, -0.44665864091560004, -0.20323625646387336, 0.2222567197997144, 0.0, 0.0, 0.0, 0.0], [1.2487684104994432, 0.130621326955319, -0.006063612313267309, 0.4039451235279738, 0.3344156921831826, 0.6648915566146347, 0.0, 0.0, 0.0, 0.0], [0.0, -0.05092499088604177, 0.9609768412168966, -1.3242672423749728, 0.22672142582201982, 0.36218081674404684, 0.0, 0.0, 0.0, 0.0], [0.0, 0.0, 0.0, 0.0, 0.0, 0.41843574777993564, -0.11437734820790932, -0.060492447081142826, -0.2281690715545224, 0.0], [0.0, 0.0, 0.0, 0.0, 0.0, 0.0, 0.0, 0.39351519722410444, 0.24048286805080593, 0.0], [0.0, 0.0, 0.0, 0.0, 0.0, 0.029525680988959534, -0.01831817542828892, 0.02098643633515568, -0.08125968839561815, 0.0], [0.0, 0.0, 0.0, 0.0, 0.0, 0.0, 0.0, 0.0, 0.7968829285757287, 0.5851697826006198]])),
    (np.array([0.9503642071986053, 1.3382557696845263, 1.153639392695592, 0.8191902333537149, 0.4050895448632739, 0.31364498593614915, 1.0874516503436622, 0.8802394367751166, 0.1920984479348763, 1.3496033891704393]),
     np.array([[0.28423126898071077, 0.0, 0.2999514326559591, -0.6040139518433736, 0.35782982006115904, 0.09695194778888128, 0.0, 0.0, 0.0, 0.0], [1.4176254382650235, -0.5643960688562795, -0.43774595086226437, 0.0, 0.002103212832905137, 0.0, 0.0, 0.0, 0.0, 0.0], [0.17531587064199497, -0.8770589027133324, 0.7911847392507673, 0.0333124805879313, -0.0017779853253278989, 0.2659585196560873, 0.0, 0.0, 0.0, 0.0], [-0.42730944905961926, 0.0, 1.3042237151620517, -0.8049854676982795, 0.22972963108084848, 0.09327783346194238, 0.0, 0.0, 0.0, 0.0], [1.2941683582251593, 0.2939226425050024, 0.0961620459283199, -0.19167008388661622, 0.810683170625221, 0.3191115848411147, 0.0, 0.0, 0.0, 0.0], [0.0, -0.12820320031661162, 0.979245498909844, -0.8276722141292958, 0.1346912145915212, 0.09930529519344684, 0.0, 0.0, 0.0, 0.0], [0.0, 0.0, 0.0, 0.0, 0.0, 0.5377736830526431, -0.08326789156308165, -0.1374878423426055, -0.2014456918727017, 0.0], [0.0, 0.0, 0.0, 0.0, 0.0, 0.0, 0.0, 0.5968249234330486, 0.5493733749663221, 0.0], [0.0, 0.0, 0.0, 0.0, 0.0, 0.19387075274662827, 0.2506797227896203, 0.4829708082716852, 0.07975295982557461, 0.0], [0.0, 0.0, 0.0, 0.0, 0.0, 0.0, 0.0, 0.0, 0.3551528741813995, 0.5671849716472018]]),
     np.array([4.580783426085087, 5.419770831147922, 2.2982334944186698, 4.017232116873319, 6.059830792252689, 1.496107929392508, 2.326921118949438, 1.6485309964697994, 1.1197418910992298, 1.8044902299754566]),
     np.array([[-0.10762000088235993, 0.0, 0.018996926885427316, -0.241032376072096, 0.990212149076773, 0.5461365353902732, 0.0, 0.0, 0.0, 0.0], [-0.1080284540962924, -0.6340714205075411, -0.41729150027939527, 0.0, -0.05501548944042259, 0.0, 0.0, 0.0, 0.0, 0.0], [0.08421110037207019, -1.0340829304969748, 0.5547133075132259, -0.15761424264340157, -0.021949720838525442, 0.642393349387274, 0.0, 0.0, 0.0, 0.0], [-0.6579077460510766, 0.0, 0.04191777922210023, -0.44295975561471546, 0.1685899100160572, 0.19387239453203317, 0.0, 0.0, 0.0, 0.0], [1.6669318354419476, 0.7899861627870952, -0.11625888169061391, 0.07276896256752823, 0.5978926069222017, -1.0888688008442247, 0.0, 0.0, 0.0, 0.0], [0.0, -0.11286113832328525, 1.3120208308457646, -0.714754828580127, 0.061932564095297835, -0.16346525402484324, 0.0, 0.0, 0.0, 0.0], [0.0, 0.0, 0.0, 0.0, 0.0, 0.2914821817335841, -0.1790352391990274, 0.03316942004427059, 0.005076889584439576, 0.0], [0.0, 0.0, 0.0, 0.0, 0.0, 0.0, 0.0, 0.3510719983313821, 0.5529513576002286, 0.0], [0.0, 0.0, 0.0, 0.0, 0.0, 0.002229093206180574, -0.012277473938531198, -0.028186522397911265, 0.04792276107068755, 0.0], [0.0, 0.0, 0.0, 0.0, 0.0, 0.0, 0.0, 0.0, 0.38266628782521767, 0.46617104111966357]])),
    (np.array([0.9562791719205594, 1.31619729866598, 1.0806514520731973, 0.8017384381806634, 0.4894297335382871, 0.321914450266793, 1.1203680912791947, 0.9821916803816442, 0.26004701083784965, 1.6655875541558]),
     np.array([[0.5048959730073957, 0.0, 0.2689729741843325, -0.6184967718475342, 0.6405790813633208, 0.4374626629179933, 0.0, 0.0, 0.0, 0.0], [0.7318896997571549, -0.3693994301866049, -0.1612625995466365, 0.0, 0.3029619608721854, 0.0, 0.0, 0.0, 0.0, 0.0], [0.23130945157335028, -0.8617712067631251, 0.8857875794953263, 0.09342572393513977, 0.024024333253845898, 0.38814068364444565, 0.0, 0.0, 0.0, 0.0], [-0.4334342487954387, 0.0, 1.3946694841771987, -0.876119219960605, 0.15391954544917164, 0.10270922357847609, 0.0, 0.0, 0.0, 0.0], [1.168865145592129, 0.24460164321061356, 0.18948748853844308, -0.3211081824611988, 0.9072240999974809, -0.04330590588829235, 0.0, 0.0, 0.0, 0.0], [0.0, -0.14565254408943118, 0.9660115327583891, -0.6931552350494302, 0.08449310863291327, 0.04682528483834102, 0.0, 0.0, 0.0, 0.0], [0.0, 0.0, 0.0, 0.0, 0.0, 0.5845145721001986, -0.11947513586631454, -0.24467952280057714, -0.034634851653368666, 0.0], [0.0, 0.0, 0.0, 0.0, 0.0, 0.0, 0.0, 0.5963659859666415, 0.43266009065447186, 0.0], [0.0, 0.0, 0.0, 0.0, 0.0, 0.34684839049375177, 0.2592829159336868, 0.4567866225824297, -0.04684217602516635, 0.0], [0.0, 0.0, 0.0, 0.0, 0.0, 0.0, 0.0, 0.0, 0.5576168971537016, 0.5773052454021829]]),
     np.array([4.237662007743685, 1.8859755533847031, 2.095055975244061, 4.000112679274626, 7.452588006340111, 1.5354252930313448, 2.5319928808211496, 1.8619807956768406, 1.3062410744198683, 3.0718675143579137]),
     np.array([[0.19546608312808497, 0.0, 0.4789702837538077, -0.9707870275725128, -0.02553598126025849, 0.8690251694402416, 0.0, 0.0, 0.0, 0.0], [0.08785580476300425, -0.1690347738163563, -0.06226697386233187, 0.0, -0.21504100277702987, 0.0, 0.0, 0.0, 0.0, 0.0], [0.2521921533433678, -0.9705986199742151, 0.7115847307710939, 0.3966551701381658, -0.07986929122985016, 0.3550378192076073, 0.0, 0.0, 0.0, 0.0], [-0.07467266001616399, 0.0, 0.14034775796365556, -0.5555550432293317, -0.17327022058309574, -0.04917920988027473, 0.0, 0.0, 0.0, 0.0], [1.7199593447575465, 1.1313096914689114, -0.1859571380861753, 0.4092579542321385, 0.7305186810582429, -0.9905722081770292, 0.0, 0.0, 0.0, 0.0], [0.0, 0.22691792436957722, 0.8866912071742743, -0.8028299179483315, 0.04494516976379024, 0.3545217034653907, 0.0, 0.0, 0.0, 0.0], [0.0, 0.0, 0.0, 0.0, 0.0, 0.3750950042210762, 0.1135989045530569, -0.4140013737754808, 0.08698357875916159, 0.0], [0.0, 0.0, 0.0, 0.0, 0.0, 0.0, 0.0, 0.38111414623083456, 0.8013872321755204, 0.0], [0.0, 0.0, 0.0, 0.0, 0.0, -0.055068782761951485, 0.0035614906062360493, 0.05858587706274598, -0.05769028880755436, 0.0], [0.0, 0.0, 0.0, 0.0, 0.0, 0.0, 0.0, 0.0, 0.2355642734359932, 0.6562336071807899]])),
    (np.array([1.0083908119221994, 1.286005906152749, 1.278966914846726, 0.8284404230760396, 0.445684037803176, 0.30074807419185273, 1.1385753711753197, 1.043203720020081, 0.3127204868443159, 1.369960621166562]),
     np.array([[0.6152093687106137, 0.0, 0.20017293061759642, -0.8128301279590119, 0.6648586449730862, 0.7880357343577993, 0.0, 0.0, 0.0, 0.0], [1.028416001517987, -0.6390895422566162, -0.19110030868294442, 0.0, 0.024071450230860082, 0.0, 0.0, 0.0, 0.0, 0.0], [0.20013468446958252, -0.8687674083965609, 0.5771259131954382, -0.026402822462466703, -0.1626523639034898, 0.3741133662052555, 0.0, 0.0, 0.0, 0.0], [-0.49167117873014404, 0.0, 1.2815356395721504, -0.8581933892410692, 0.14199036163434683, 0.3337615567322109, 0.0, 0.0, 0.0, 0.0], [1.092603508117059, 0.184331085223363, 0.1031530141351305, -0.22766316603676962, 0.19528961384384483, 0.11981474488588782, 0.0, 0.0, 0.0, 0.0], [0.0, -0.1442475163092407, 1.114192459950176, -0.8454925641774043, 0.12564084965775046, 0.3163796667770375, 0.0, 0.0, 0.0, 0.0], [0.0, 0.0, 0.0, 0.0, 0.0, 0.4998058542008499, -0.41551008767154174, -0.25836298250377593, -0.030975119739373967, 0.0], [0.0, 0.0, 0.0, 0.0, 0.0, 0.0, 0.0, 0.782415247440628, 0.6921556278899306, 0.0], [0.0, 0.0, 0.0, 0.0, 0.0, 0.43787616991368505, 0.281862221811926, 0.6349297805381121, -0.17142964424227092, 0.0], [0.0, 0.0, 0.0, 0.0, 0.0, 0.0, 0.0, 0.0, 0.4914966114663532, 0.6113310365482183]]),
     np.array([5.16486411497582, 2.6216085191702625, 2.0238134529978202, 4.036720496667784, 4.5518526674408175, 1.3990718775470485, 3.0225061723477964, 2.656327828978472, 2.291697757376656, 2.466146492935312]),
     np.array([[0.49867560216510415, 0.0, -0.059578341274140655, -1.0816160889750446, 0.46884159132865033, 0.9205875812090845, 0.0, 0.0, 0.0, 0.0], [-0.1288905313069664, 0.08237224979963836, 0.13839317898597142, 0.0, 0.09152888076294875, 0.0, 0.0, 0.0, 0.0, 0.0], [0.0053461386386742405, -1.0632753036947846, 0.603339508640195, 0.24652001926881356, 0.25320073077227623, 0.21235824868134992, 0.0, 0.0, 0.0, 0.0], [-0.03173768377745399, 0.0, 0.11863233464580633, -1.316508207714366, 0.3470061550219378, -0.09997909137619666, 0.0, 0.0, 0.0, 0.0], [1.21877655069281, 0.6068258333325558, 0.293434120176358, -0.12299277405010071, 0.5836985716615933, 0.1054224520610325, 0.0, 0.0, 0.0, 0.0], [0.0, -0.06887147498229793, 0.9484197314198145, -0.8345347974698439, -0.04926210050785253, 0.33139235950754425, 0.0, 0.0, 0.0, 0.0], [0.0, 0.0, 0.0, 0.0, 0.0, 0.6523687907332351, 0.022674289058713826, -0.2542187707547554, -0.38233879789028613, 0.0], [0.0, 0.0, 0.0, 0.0, 0.0, 0.0, 0.0, 0.3128061828610097, 0.7232641490514822, 0.0], [0.0, 0.0, 0.0, 0.0, 0.0, -0.07127294528341653, 0.02290202754792244, 0.15999060916155708, -0.23035574611640197, 0.0], [0.0, 0.0, 0.0, 0.0, 0.0, 0.0, 0.0, 0.0, 0.9949658773642621, 0.7699936318430972]])),
    (np.array([0.9754511818204277, 1.324829092076311, 1.0653606595881462, 0.8182037482531436, 0.3999114019044464, 0.3969419721078017, 1.0417306365253356, 0.9422982833092585, 0.25362285934778583, 1.4336937103003469]),
     np.array([[0.7127392361163523, 0.0, 0.3199287509379989, -0.870711283563272, 0.5463021986853244, 0.43120589208779275, 0.0, 0.0, 0.0, 0.0], [0.9226396873948541, -0.6163339017655566, -0.08180475990736849, 0.0, 0.153268391617171, 0.0, 0.0, 0.0, 0.0, 0.0], [0.18028583810857782, -0.9154858611341732, 1.1454905026410076, 0.21272465992246264, -0.025109943268661224, 0.439881485345467, 0.0, 0.0, 0.0, 0.0], [-0.39747409662673217, 0.0, 1.2094649701778901, -0.9510053825155801, 0.29165568532695485, -0.02942350685968671, 0.0, 0.0, 0.0, 0.0], [1.1634063339517267, 0.21283879254306465, 0.08929042768691173, -0.26542152355111126, 0.8111085930670332, 0.0479143516585665, 0.0, 0.0, 0.0, 0.0], [0.0, -0.12897340537370644, 0.9596877600492834, -0.7368103203485336, 0.030311304595102746, 0.4012727174210397, 0.0, 0.0, 0.0, 0.0], [0.0, 0.0, 0.0, 0.0, 0.0, 0.5324042273049365, 0.052075878642139244, -0.2071509547496244, -0.005126157000376963, 0.0], [0.0, 0.0, 0.0, 0.0, 0.0, 0.0, 0.0, 0.3661351672271212, 0.45142051750256273, 0.0], [0.0, 0.0, 0.0, 0.0, 0.0, 0.24453451809150195, 0.34417584834827236, 0.44352830612692545, 0.028077479795618508, 0.0], [0.0, 0.0, 0.0, 0.0, 0.0, 0.0, 0.0, 0.0, 0.4966681091022612, 0.734519277116676]]),
     np.array([5.476311721347078, 3.0753749968146624, 2.3107139160535333, 3.330785636365881, 4.7086750964838435, 1.2740890169794579, 3.20725588604041, 1.9374209798896198, 1.4669137309517624, 2.634204940321974]),
     np.array([[-0.197301169373418, 0.0, 0.8752690346322437, -0.40247485891224183, 0.8853716018966908, 0.8033319618202645, 0.0, 0.0, 0.0, 0.0], [0.11822289973635858, -0.06011161720387397, 0.06578970775493982, 0.0, 0.1455293698921743, 0.0, 0.0, 0.0, 0.0, 0.0], [0.4186185111210488, -1.330500508523178, 0.4183553866790953, 0.14765715800627674, -0.0682414304796911, 0.33329638599043593, 0.0, 0.0, 0.0, 0.0], [-0.02902844249949149, 0.0, 0.06575216374799887, 0.07794236368595635, 0.047609003025473544, -0.0016242162053055887, 0.0, 0.0, 0.0, 0.0], [0.5194173332587423, 0.67896236898921, 0.14454003506326316, -0.2296299857955571, 0.5847764624533536, -0.4790949477716251, 0.0, 0.0, 0.0, 0.0], [0.0, -0.2651341867924199, 1.0983868817077462, -1.1652748888211204, 0.2300868753730208, -0.08242337880693672, 0.0, 0.0, 0.0, 0.0], [0.0, 0.0, 0.0, 0.0, 0.0, 0.49465233475384335, -0.18937338475016982, -0.1371793035047006, -0.5787686016120149, 0.0], [0.0, 0.0, 0.0, 0.0, 0.0, 0.0, 0.0, 0.3941381771395908, 0.918071361265762, 0.0], [0.0, 0.0, 0.0, 0.0, 0.0, -0.09142305702594569, -0.05797589171399454, 0.02991394349637361, -0.1425082168176766, 0.0], [0.0, 0.0, 0.0, 0.0, 0.0, 0.0, 0.0, 0.0, 0.3577275107538466, 0.7554467832279764]])),
    (np.array([0.9592044808048156, 1.2788735786623693, 1.1055316387095984, 0.7804662010739122, 0.5052376317574091, 0.22133614455270262, 1.08168618685869, 1.0848017682213997, 0.3618791435859306, 1.469426709246607]),
     np.array([[0.5983119953933179, 0.0, 0.2893809353871119, -0.8234071624050454, 0.5315697973817416, 0.6431837046804479, 0.0, 0.0, 0.0, 0.0], [0.8750648945272541, -0.31617702977495094, -0.23785776394598435, 0.0, 0.0950760811209116, 0.0, 0.0, 0.0, 0.0, 0.0], [0.2632128702715995, -0.9999790334434447, 1.010410644263342, 0.21584658403322088, -0.10636510722700261, 0.44753055723249585, 0.0, 0.0, 0.0, 0.0], [-0.32997768631629365, 0.0, 1.1581811064804044, -0.8235361744046465, 0.20886307840693935, 0.16718749415756073, 0.0, 0.0, 0.0, 0.0], [1.2837571494286761, 0.31486795659564354, 0.0016723929951633673, -0.32872410083046205, 0.9049473541512296, 0.14414551388112629, 0.0, 0.0, 0.0, 0.0], [0.0, -0.02750530951347286, 0.9357952166928424, -0.8232860781620707, 0.15243038979404724, 0.43858522852653403, 0.0, 0.0, 0.0, 0.0], [0.0, 0.0, 0.0, 0.0, 0.0, 0.6988493662382599, -0.22324346935193665, -0.20963989790100065, -0.2821426015496254, 0.0], [0.0, 0.0, 0.0, 0.0, 0.0, 0.0, 0.0, 0.3674620500984946, 0.5330705450714409, 0.0], [0.0, 0.0, 0.0, 0.0, 0.0, 0.2475620620225047, 0.18478214217960326, 0.5054985512752, -0.28627261444304203, 0.0], [0.0, 0.0, 0.0, 0.0, 0.0, 0.0, 0.0, 0.0, 0.10510755937960677, 0.5985500549870656]]),
     np.array([6.252822332510292, 2.7560307458357864, 2.486572074628159, 3.5976746439428107, 6.6840316204673424, 1.4433767367673989, 2.75690703783306, 1.9400973579233753, 1.6630740601420297, 1.9249100624811346]),
     np.array([[0.7937799143750488, 0.0, 0.7210183336069595, -0.88066274984536, 0.6683467090097277, -0.05414701210254289, 0.0, 0.0, 0.0, 0.0], [0.10739085007421233, -0.41317260059571503, 0.00039746371715064234, 0.0, 0.19094179938611278, 0.0, 0.0, 0.0, 0.0, 0.0], [0.12617597767967076, -1.2190617277141746, 0.5993921236952415, 0.18741762212653562, 0.039610080323904596, 0.22395428188754496, 0.0, 0.0, 0.0, 0.0], [-0.29496795832128875, 0.0, 0.14104949629040447, -0.48672966380195753, 0.08425624866168595, 0.15923196214239027, 0.0, 0.0, 0.0, 0.0], [0.8909547538132763, -0.662884652004361, 0.3646748715877558, 0.6362517426790615, 1.031777045637194, -0.47070135991514916, 0.0, 0.0, 0.0, 0.0], [0.0, -0.19568048375252242, 1.0038748759413059, -1.0321695440086633, 0.16046705204286604, 0.2339065115700428, 0.0, 0.0, 0.0, 0.0], [0.0, 0.0, 0.0, 0.0, 0.0, 0.5462833835774245, 0.1306121202717536, -0.36298006232500046, 0.22828675539458412, 0.0], [0.0, 0.0, 0.0, 0.0, 0.0, 0.0, 0.0, 0.4238079766340401, 0.6145716802539571, 0.0], [0.0, 0.0, 0.0, 0.0, 0.0, 0.07513992673087795, 0.0850156173055339, -0.02697936517273329, 0.05773654670018497, 0.0], [0.0, 0.0, 0.0, 0.0, 0.0, 0.0, 0.0, 0.0, 0.471225369078793, 0.479181344032002]])),
    (np.array([0.9892240823544352, 1.2757569185409212, 1.307144405883398, 0.851371045046842, 0.3835236532406142, 0.3687654916307537, 1.0054564642936312, 0.963335943578474, 0.1796343932981338, 1.6080530802151412]),
     np.array([[0.17059731523392646, 0.0, 0.14980351519626792, -0.811773949469956, 0.3901530035981096, 0.5235490535485654, 0.0, 0.0, 0.0, 0.0], [0.9987148666996257, -0.32411919772963693, -0.23179063873571942, 0.0, 0.24440820437295777, 0.0, 0.0, 0.0, 0.0, 0.0], [0.1573933333676819, -0.8889868846416717, 0.798777655276877, -0.06735800608798474, -0.098509611604719, 0.23454895757881797, 0.0, 0.0, 0.0, 0.0], [-0.38141587492978424, 0.0, 1.1763383287993636, -0.7817782705155761, 0.12864123222538906, 0.11274417803214004, 0.0, 0.0, 0.0, 0.0], [0.9160761677297987, 0.252352544349532, 0.1603624227379677, -0.21226490602715217, 0.2281876204465897, 0.09362000917948189, 0.0, 0.0, 0.0, 0.0], [0.0, -0.14616411929146658, 1.0817461392772083, -0.9131426371508291, 0.08199999713344569, 0.2448010916229812, 0.0, 0.0, 0.0, 0.0], [0.0, 0.0, 0.0, 0.0, 0.0, 0.5132213701396972, 0.37185631301969574, -0.1125408933453236, -0.17336075042565108, 0.0], [0.0, 0.0, 0.0, 0.0, 0.0, 0.0, 0.0, 0.5754540583560999, 0.4922510830052182, 0.0], [0.0, 0.0, 0.0, 0.0, 0.0, 0.23313906664610864, 0.34672142536266815, 0.44559716807556116, 0.11126484961901216, 0.0], [0.0, 0.0, 0.0, 0.0, 0.0, 0.0, 0.0, 0.0, 0.15875529275036188, 0.5352783315652156]]),
     np.array([3.8781200148035735, 2.987599019314246, 1.9913351881283345, 3.407109701964661, 4.1950303288013115, 1.402730271307531, 2.2993575773036703, 2.2272088656913525, 1.2924102008897767, 2.7951476215784496]),
     np.array([[-0.02219821884448878, 0.0, 0.8470822315847871, -0.527868226788756, 0.8170294405386067, -0.00965756681242453, 0.0, 0.0, 0.0, 0.0], [-0.01955194324391178, -0.32431897329479414, -0.02068232275913606, 0.0, -0.055107386102359095, 0.0, 0.0, 0.0, 0.0, 0.0], [-0.07343264308678658, -0.6206688304518394, 0.8758312888722364, -0.23134981574711078, -0.3710895754805516, 0.12041674269016035, 0.0, 0.0, 0.0, 0.0], [-0.0510511425383884, 0.0, 0.019472225372418436, -0.4664127407082771, 0.19155077320300254, -0.00769246507722868, 0.0, 0.0, 0.0, 0.0], [1.0812319975219813, 0.585853653347342, 0.4933735817271374, -0.28406448058489286, 0.2842484076556456, 0.4420828229854144, 0.0, 0.0, 0.0, 0.0], [0.0, -0.3103333386121188, 1.0847421766410905, -0.8850957303040343, 0.1330501302216065, 0.153028318675622, 0.0, 0.0, 0.0, 0.0], [0.0, 0.0, 0.0, 0.0, 0.0, 0.6090560764008974, -0.3557507974363844, -0.31324741717542326, -0.3060492120759214, 0.0], [0.0, 0.0, 0.0, 0.0, 0.0, 0.0, 0.0, 0.638327242316301, 0.6688021580626331, 0.0], [0.0, 0.0, 0.0, 0.0, 0.0, 0.08437322771793201, 0.022670282587460303, -0.0918842292534643, -0.03181573618102448, 0.0], [0.0, 0.0, 0.0, 0.0, 0.0, 0.0, 0.0, 0.0, 0.5407058680054025, 0.6552531261549808]])),
    (np.array([1.031402528193688, 1.2152352295278994, 1.2307919593523045, 0.8392675572997071, 0.39693559168267745, 0.2780054472952654, 1.2321514849735322, 0.9439089823590939, 0.24996970492086737, 1.4557592862220412]),
     np.array([[0.5148602720764452, 0.0, 0.40354802312842614, -0.9707751823281529, 0.3963578116091482, 0.6150267317259209, 0.0, 0.0, 0.0, 0.0], [0.9915611276892288, -0.11386482761330027, -0.12701145223745802, 0.0, 0.404662869983345, 0.0, 0.0, 0.0, 0.0, 0.0], [0.1883557818907858, -0.8600455725157644, 0.6196934562001419, 0.11936925584423788, -0.23566234658792362, 0.21247152412849482, 0.0, 0.0, 0.0, 0.0], [-0.4108517077920555, 0.0, 1.1322627119178652, -0.8616036724936957, 0.13810070118584505, 0.26123895334446084, 0.0, 0.0, 0.0, 0.0], [1.1993028084369097, 0.308850452467968, 0.08283115525862586, -0.2126563858452499, 0.976278292219747, 0.3830418947293398, 0.0, 0.0, 0.0, 0.0], [0.0, -0.12512648255939157, 1.1394305426964395, -0.874961601471196, 0.12246727606972609, 0.4743979421071954, 0.0, 0.0, 0.0, 0.0], [0.0, 0.0, 0.0, 0.0, 0.0, 0.40616446092220204, -0.46396229485329143, -0.20352948326076695, -0.15843923398484142, 0.0], [0.0, 0.0, 0.0, 0.0, 0.0, 0.0, 0.0, 0.35281337015321995, 0.3373746174639755, 0.0], [0.0, 0.0, 0.0, 0.0, 0.0, 0.2575228361701302, 0.33901527953342364, 0.537256057658296, -0.21047991426589288, 0.0], [0.0, 0.0, 0.0, 0.0, 0.0, 0.0, 0.0, 0.0, 0.46390745012869233, 0.5435534027447271]]),
     np.array([4.449517050042569, 3.2664125820224585, 2.0912298918048875, 3.3988513588829394, 6.155006715558061, 1.651396437443235, 1.3995710498543166, 1.5414766754531928, 2.0668337631733724, 2.0156396792146687]),
     np.array([[0.006417169794607641, 0.0, 0.1258393301180862, -1.817735452300799, 1.1451903371964303, 1.3220575175933231, 0.0, 0.0, 0.0, 0.0], [-0.13855359860740937, -0.2457805853688973, -0.07525267010476147, 0.0, -0.08018801616759072, 0.0, 0.0, 0.0, 0.0, 0.0], [0.15559471271318007, -1.050509106600177, 0.7662371366398897, 0.21185996622823894, 0.05745611294018507, 0.28880185177445516, 0.0, 0.0, 0.0, 0.0], [-0.19615237753334183, 0.0, 0.015711131437319333, 0.05165301960443992, -0.13029900334638195, 0.034350394777075036, 0.0, 0.0, 0.0, 0.0], [1.294377116068586, -0.2400170826986463, -0.8239176435315502, -0.45350577921842444, 1.0651023068645584, 0.2646782512007322, 0.0, 0.0, 0.0, 0.0], [0.0, -0.010953956360425161, 1.1028170757950535, -0.9126523271061819, -0.05905819676851976, 0.25928549154821817, 0.0, 0.0, 0.0, 0.0], [0.0, 0.0, 0.0, 0.0, 0.0, 0.1981697263411319, -0.019122569912655422, 0.0842521478995097, -0.07032358939518155, 0.0], [0.0, 0.0, 0.0, 0.0, 0.0, 0.0, 0.0, 0.4873822913381192, 0.4927788547416271, 0.0], [0.0, 0.0, 0.0, 0.0, 0.0, 0.08007716951505071, 0.08918696142424065, 0.0036896571825664123, 0.11568696483531686, 0.0], [0.0, 0.0, 0.0, 0.0, 0.0, 0.0, 0.0, 0.0, 0.2807782414600526, 0.5103939513120532]])),
    (np.array([0.9600887032110214, 1.1281703352071872, 1.3281572675333129, 0.7744824660338694, 0.33753428287724924, 0.3408224118884589, 1.1321864447310293, 0.9526506542408483, 0.23068443417621518, 1.3681505475245184]),
     np.array([[0.5473313804944631, 0.0, 0.22301574537501004, -0.8426393905583484, 0.3574146376552999, 0.8842812728122692, 0.0, 0.0, 0.0, 0.0], [1.400531728502031, -0.5628552691412588, -0.24832727913231903, 0.0, 0.46168983494910537, 0.0, 0.0, 0.0, 0.0, 0.0], [0.1775899003041388, -0.9214040222356485, 0.5528291868950747, -0.07731046186374416, -0.13005655680867267, 0.4012722142177002, 0.0, 0.0, 0.0, 0.0], [-0.34432303827662625, 0.0, 0.9034145055289848, -0.7779238426791693, 0.28107366734617134, 0.17054303920254105, 0.0, 0.0, 0.0, 0.0], [1.1065141474679752, 0.25448378675733224, -0.03450656372493441, 0.028055849752357788, 0.8092654116591913, 0.14401677895995751, 0.0, 0.0, 0.0, 0.0], [0.0, -0.17055385201758566, 1.0876242273979126, -0.8155558573579672, 0.13675046022969697, 0.1585950168256961, 0.0, 0.0, 0.0, 0.0], [0.0, 0.0, 0.0, 0.0, 0.0, 0.6924652379107114, 0.07264608162651424, -0.2746560083333475, -0.34081759603885514, 0.0], [0.0, 0.0, 0.0, 0.0, 0.0, 0.0, 0.0, 0.9182818476359147, 0.6776495396276555, 0.0], [0.0, 0.0, 0.0, 0.0, 0.0, 0.38970193291581856, 0.24720504358933806, 0.4299372478881964, -0.04788279198051413, 0.0], [0.0, 0.0, 0.0, 0.0, 0.0, 0.0, 0.0, 0.0, 0.6059553279920533, 0.8378595059666848]]),
     np.array([5.581005647250037, 5.092493363571275, 2.0237381675721355, 3.264098097045207, 4.548725649169998, 1.129903571701448, 4.172091353895295, 2.13578451886896, 1.275561582271277, 2.462166368373242]),
     np.array([[0.02899645957874619, 0.0, 0.49781313228789814, -0.41491581525825555, 1.2585421289410943, -0.28568180276053107, 0.0, 0.0, 0.0, 0.0], [-0.031525802561377374, -0.38570350977069723, 0.21808803342636102, 0.0, 0.2420549897939796, 0.0, 0.0, 0.0, 0.0, 0.0], [0.2204977290998698, -0.8522812141135012, 0.8164928833336619, -0.30712277513937764, -0.12865857289541582, 0.25010563073793557, 0.0, 0.0, 0.0, 0.0], [-0.038299301792060855, 0.0, 0.006698594635043599, -0.1021597641200684, 0.11465217201189036, -0.10979832115419255, 0.0, 0.0, 0.0, 0.0], [0.8061800984509133, 0.8324302867785031, 0.4029662519977756, -0.5761627608370966, 0.16252165667226146, 0.10934827254829786, 0.0, 0.0, 0.0, 0.0], [0.0, -0.14132063591137412, 0.9483197675019447, -1.0645173549305609, 0.06545971249026136, 0.20964034085635072, 0.0, 0.0, 0.0, 0.0], [0.0, 0.0, 0.0, 0.0, 0.0, 0.8734440643067198, -0.2275647619419918, -0.49275617950487516, -0.749168221918851, 0.0], [0.0, 0.0, 0.0, 0.0, 0.0, 0.0, 0.0, 0.25282109674066683, 0.39996710857911927, 0.0], [0.0, 0.0, 0.0, 0.0, 0.0, -0.15540020134903978, 0.11535814849318789, 0.02053332800736621, 0.06515920059064728, 0.0], [0.0, 0.0, 0.0, 0.0, 0.0, 0.0, 0.0, 0.0, 0.8487213847742663, 0.6231653162331526]])),
    (np.array([1.008127594754235, 1.2007654648648092, 1.071107795705602, 0.7932028122927105, 0.38106790344908587, 0.3072491314139778, 1.1181953107098337, 0.7261015396051969, 0.3924905757198394, 1.365219397830149]),
     np.array([[0.8831074891218387, 0.0, 0.29417896492536494, -1.0258273842145877, 0.5352063351405739, 0.928850340783421, 0.0, 0.0, 0.0, 0.0], [0.9971067358621023, -0.5058018097952303, -0.021189027156890874, 0.0, 0.5238133560392345, 0.0, 0.0, 0.0, 0.0, 0.0], [0.23947166034838108, -0.8727691233617784, 0.8358604043902902, 0.07317739068536018, -0.009058659618958628, 0.358601825262779, 0.0, 0.0, 0.0, 0.0], [-0.40973813701584205, 0.0, 1.5530987991517446, -0.797142198354907, 0.1331554709124294, 0.09628235688687801, 0.0, 0.0, 0.0, 0.0], [1.0314785642301743, 0.18518071465462613, 0.18155764533798374, -0.3151124479695034, 1.1665018319638856, 0.06695004273961976, 0.0, 0.0, 0.0, 0.0], [0.0, -0.088944125749897, 0.9744320292537069, -0.8511966002732222, 0.15009792919051584, 0.6370429107615337, 0.0, 0.0, 0.0, 0.0], [0.0, 0.0, 0.0, 0.0, 0.0, 0.5911935090826647, -0.029213775597275875, -0.16078547909363897, -0.177974520887086, 0.0], [0.0, 0.0, 0.0, 0.0, 0.0, 0.0, 0.0, 0.4145061574107201, 0.5755203416044564, 0.0], [0.0, 0.0, 0.0, 0.0, 0.0, 0.34444450177401004, 0.3864252507946417, 0.49982239740191675, -0.16491580687903765, 0.0], [0.0, 0.0, 0.0, 0.0, 0.0, 0.0, 0.0, 0.0, 0.46925247767530703, 0.678231979629321]]),
     np.array([7.558290807869493, 3.6014598918520258, 2.0379409956340706, 4.288724056960796, 4.680765813950564, 1.338245976731472, 3.4392929004734794, 1.0692461740789463, 2.23264143589542, 2.129526419612673]),
     np.array([[0.9914537314812937, 0.0, 0.4171335938253975, -1.7592756201923483, 0.5182631712745118, 1.7522457047799587, 0.0, 0.0, 0.0, 0.0], [-0.15800100375991308, -0.23295390816402203, -0.026387636694547353, 0.0, 0.11761815207579927, 0.0, 0.0, 0.0, 0.0, 0.0], [0.24185298159552474, -0.8293982139904635, 0.4014808040465825, 0.21430482432009804, -0.16461498398909508, 0.4430989883729354, 0.0, 0.0, 0.0, 0.0], [-0.10747583250849559, 0.0, -0.12555227680364836, -0.3410030415664313, 0.18333923078685568, 0.02100390760379108, 0.0, 0.0, 0.0, 0.0], [0.7086420761853837, -0.14941155127808525, -0.44559544080231384, -0.8894929582771598, 0.17094085658268177, 0.38513930344587877, 0.0, 0.0, 0.0, 0.0], [0.0, -0.24918657406308722, 1.1925397287395567, -1.2931897276677489, -0.05881166563374795, -0.03169015067424472, 0.0, 0.0, 0.0, 0.0], [0.0, 0.0, 0.0, 0.0, 0.0, 0.43793708085215416, -0.3489244291645275, -0.14473986410514236, -0.20164855994108152, 0.0], [0.0, 0.0, 0.0, 0.0, 0.0, 0.0, 0.0, 0.41740982004555616, 0.2041436683691648, 0.0], [0.0, 0.0, 0.0, 0.0, 0.0, 0.1447221054159022, -0.04257895389788219, -0.016952923597276036, -0.14233097927580557, 0.0], [0.0, 0.0, 0.0, 0.0, 0.0, 0.0, 0.0, 0.0, 0.6353744916294051, 0.5883605784065381]])),
    (np.array([0.9890001061870033, 1.2563921078314935, 1.1680616583985668, 0.8363032260568083, 0.4645345064801152, 0.29348425665042743, 1.101064185074368, 1.0997527486697096, 0.3924905556366641, 1.8169182729094777]),
     np.array([[0.18424600197857188, 0.0, 0.2662553576023973, -0.8704995011834181, 0.4732166376080125, 0.3390235602119059, 0.0, 0.0, 0.0, 0.0], [0.9650730436813241, -0.44461320577185426, -0.10450525342001471, 0.0, 0.37310033138145493, 0.0, 0.0, 0.0, 0.0, 0.0], [0.22261039799778418, -0.8735832808574416, 0.7161028557427749, 0.06175310564406114, -0.12539406229866884, 0.34199692478764127, 0.0, 0.0, 0.0, 0.0], [-0.3859968914160846, 0.0, 1.3121377352874382, -0.812746527104897, 0.11943270177163329, 0.005122385832417684, 0.0, 0.0, 0.0, 0.0], [1.3738525575660114, 0.22725829254465127, 0.027886464333333822, -0.32247225588326556, 0.8994011791048856, 0.147009175343103, 0.0, 0.0, 0.0, 0.0], [0.0, -0.06346891452058054, 1.0157326711547119, -0.7542178355355463, 0.08231096619736843, -0.006599755244167761, 0.0, 0.0, 0.0, 0.0], [0.0, 0.0, 0.0, 0.0, 0.0, 0.43541301067442345, -0.24576108632929727, -0.27645992550654763, 0.01700023481047866, 0.0], [0.0, 0.0, 0.0, 0.0, 0.0, 0.0, 0.0, 0.6385471199411591, 0.7221613048448823, 0.0], [0.0, 0.0, 0.0, 0.0, 0.0, 0.2690812907800628, 0.38669243844454, 0.5623559420803348, -0.27228358125585905, 0.0], [0.0, 0.0, 0.0, 0.0, 0.0, 0.0, 0.0, 0.0, 0.27468431215050304, 0.5776615950174999]]),
     np.array([4.014614049384368, 2.347712540875329, 2.4504030702728405, 3.3318513819192144, 7.420659023345731, 1.4756965728993485, 2.5549104268466034, 3.0259533748415572, 1.9242209003606037, 4.791471897428875]),
     np.array([[0.4068293032650046, 0.0, 0.6379175238751961, -0.30820123892604656, 0.8653916307141841, 0.7612825260139434, 0.0, 0.0, 0.0, 0.0], [0.10250551218182714, -0.2762121080112801, -0.09175392671188642, 0.0, -0.009502497997469302, 0.0, 0.0, 0.0, 0.0, 0.0], [0.09193326519904732, -0.8256689084656229, 0.6998232174022708, 0.319604105411747, 0.05135040279362271, 0.21361316310923073, 0.0, 0.0, 0.0, 0.0], [0.016092529756853283, 0.0, 0.035758320355970895, -0.08374036206126398, -0.11353353604648674, -0.1004498325089795, 0.0, 0.0, 0.0, 0.0], [1.050550046854213, -0.005422787272414412, -0.11284803280408891, 0.017298391888443922, 0.4818960221478536, 0.06927866506520251, 0.0, 0.0, 0.0, 0.0], [0.0, 0.05512169475696323, 0.9506699434826903, -0.7543920798832676, 0.06184264004600795, 0.2907323414501157, 0.0, 0.0, 0.0, 0.0], [0.0, 0.0, 0.0, 0.0, 0.0, 0.40962667614094744, 0.16418599960901836, -0.1627098246634008, -0.013430381926876643, 0.0], [0.0, 0.0, 0.0, 0.0, 0.0, 0.0, 0.0, 0.7772937635919371, 0.9322350242904796, 0.0], [0.0, 0.0, 0.0, 0.0, 0.0, 0.06393219826127318, -0.03302402215446307, 0.004182179810256763, 0.013538153505383607, 0.0], [0.0, 0.0, 0.0, 0.0, 0.0, 0.0, 0.0, 0.0, -0.2280042823116203, 0.6743136554276726]])),
    (np.array([1.0573379025997531, 1.3849046434142749, 1.3741899538435036, 0.8473098798390343, 0.4684713595109289, 0.3253418610658273, 1.059831308437679, 1.1032368622963906, 0.2926039305103196, 1.5099504598743239]),
     np.array([[0.24273178848847227, 0.0, 0.2298299686382897, -0.9617148500229451, 0.6419284378061179, 0.83075622040997, 0.0, 0.0, 0.0, 0.0], [1.2355355076738108, -0.36397911989716225, -0.22020865800719028, 0.0, -0.02940961924454618, 0.0, 0.0, 0.0, 0.0, 0.0], [0.20650641106510573, -0.9651920865564727, 0.9390207758021638, -0.0518676804377248, -0.22689284384983435, 0.29076696288751613, 0.0, 0.0, 0.0, 0.0], [-0.4083568645569458, 0.0, 1.1774334411307812, -0.7787524106888759, 0.2083894151001539, -0.011363623440350573, 0.0, 0.0, 0.0, 0.0], [1.3652998723062337, 0.30257303300874294, -0.1618377988515686, -0.19507112624984546, 0.501441320270831, 0.09849454543423107, 0.0, 0.0, 0.0, 0.0], [0.0, -0.1702437847615426, 1.058096465780153, -0.8225422669139273, 0.13072333643749892, 0.18853272849218716, 0.0, 0.0, 0.0, 0.0], [0.0, 0.0, 0.0, 0.0, 0.0, 0.45910838564321826, -0.05260980226602335, -0.2693210959177156, -0.161290422758012, 0.0], [0.0, 0.0, 0.0, 0.0, 0.0, 0.0, 0.0, 0.2612287694432773, 0.6821213231182046, 0.0], [0.0, 0.0, 0.0, 0.0, 0.0, 0.32867794398979033, 0.32682960718879056, 0.588867183539335, -0.009287818402392279, 0.0], [0.0, 0.0, 0.0, 0.0, 0.0, 0.0, 0.0, 0.0, 0.3979537822125781, 0.4387103393144891]]),
     np.array([7.695760248807538, 3.0218415437614143, 1.9191441206666395, 3.0650964676038255, 5.343011832717867, 1.52603294442538, 3.399970322707102, 2.3759792261158132, 1.5265299937452779, 1.8456195971013256]),
     np.array([[0.17339739741701865, 0.0, 1.3459444450402864, -2.3784212013020194, 1.0966329289056842, 0.5348483677539733, 0.0, 0.0, 0.0, 0.0], [-0.04223707985006563, -0.740826297759198, -0.034613530402261235, 0.0, -0.1280626599908674, 0.0, 0.0, 0.0, 0.0, 0.0], [-0.17448671865044982, -0.7760421698415626, 0.765707779239125, -0.09370363647780741, 0.0018124809602211825, -0.007248448064309134, 0.0, 0.0, 0.0, 0.0], [0.2781738559414138, 0.0, 0.15499272203187642, -0.2994377072180705, -0.29403284119878953, -0.10027363793792961, 0.0, 0.0, 0.0, 0.0], [1.3555733302688988, 0.3881605258556078, 0.41824791895113445, -0.515923323748374, 1.407410833276127, -0.11064108873837529, 0.0, 0.0, 0.0, 0.0], [0.0, -0.1955269338216677, 1.2339167852800934, -0.9809872375281716, 0.37740180098598713, 0.07412035776904269, 0.0, 0.0, 0.0, 0.0], [0.0, 0.0, 0.0, 0.0, 0.0, 1.0671390273712, -0.2918397417809943, -0.307580089298787, -0.18920401247433805, 0.0], [0.0, 0.0, 0.0, 0.0, 0.0, 0.0, 0.0, 0.6071238556393531, 0.7233222742610975, 0.0], [0.0, 0.0, 0.0, 0.0, 0.0, 0.011714949124521295, -0.045788046648938714, -0.0006604917323046662, -0.2005743021068053, 0.0], [0.0, 0.0, 0.0, 0.0, 0.0, 0.0, 0.0, 0.0, 0.3702954157555965, 0.4100497336847093]])),
    (np.array([0.9806212755242456, 1.5149157817347831, 1.236780214295842, 0.8245680091056821, 0.3691179647009408, 0.40686878970242407, 1.0592483493191442, 0.9041082380268296, 0.30293780643494356, 1.4131802683656067]),
     np.array([[1.0900883226926263, 0.0, 0.18954587689915267, -0.8194763210991396, 0.6340301570182134, 1.2080689230966872, 0.0, 0.0, 0.0, 0.0], [0.7193589054804387, -0.7394864139659372, -0.254859144831292, 0.0, 0.2718516267803464, 0.0, 0.0, 0.0, 0.0, 0.0], [0.12437497937003608, -0.9773115360412128, 0.7320007741617467, 0.1466169680772318, -0.08931698392899187, 0.22537723085893926, 0.0, 0.0, 0.0, 0.0], [-0.49354145281771133, 0.0, 1.1827370721436758, -0.8915301353539997, 0.2759002198666694, 0.34403305899198194, 0.0, 0.0, 0.0, 0.0], [0.8451077557643283, 0.22742511102024987, 0.08732059524049349, -0.20909218700414162, 0.46509923547994575, 0.20265145004334734, 0.0, 0.0, 0.0, 0.0], [0.0, -0.0947809464997947, 1.090280485877693, -0.8680561926767709, 0.044637335122319675, -0.027216406081738743, 0.0, 0.0, 0.0, 0.0], [0.0, 0.0, 0.0, 0.0, 0.0, 0.4807283606282245, 0.08588097793048376, -0.20682991595914008, 0.06144869281275534, 0.0], [0.0, 0.0, 0.0, 0.0, 0.0, 0.0, 0.0, 0.5772622383589561, 0.6208224317748011, 0.0], [0.0, 0.0, 0.0, 0.0, 0.0, 0.3756377774704421, 0.3162699124881618, 0.5756525859114058, -0.034056030452139556, 0.0], [0.0, 0.0, 0.0, 0.0, 0.0, 0.0, 0.0, 0.0, 0.0888976065043846, 0.7521072791658844]]),
     np.array([9.825982302805501, 1.8723004422714447, 2.408053868989336, 3.6945354274206585, 4.035994674492518, 1.4321116926481776, 3.4726629165465663, 1.8581573116697936, 2.027729137661114, 1.7286446096175134]),
     np.array([[0.9025353473078667, 0.0, -0.17381476059273235, -1.2048203297707674, -0.15384538838384298, 1.1624800510085598, 0.0, 0.0, 0.0, 0.0], [0.14972928346946204, -0.14751997478312714, 0.12262611015208215, 0.0, -0.16435662396633235, 0.0, 0.0, 0.0, 0.0, 0.0], [0.4710992600073111, -1.339794352625581, 0.5882927214286106, 0.14401628851150688, -0.20502216735292786, 0.3511839967356079, 0.0, 0.0, 0.0, 0.0], [-0.04201343960546397, 0.0, 0.06950351709483057, 0.05656458073407973, -0.14812643278503745, -0.03903286519838415, 0.0, 0.0, 0.0, 0.0], [0.8728685570758786, 0.49497839490666723, 0.6294564688872885, -0.6719235587259489, 0.27836737183467114, -0.07547123050086815, 0.0, 0.0, 0.0, 0.0], [0.0, 0.005724232204223513, 1.1258797982580047, -1.0236169815688638, -0.007975872243659518, 0.2224958765679465, 0.0, 0.0, 0.0, 0.0], [0.0, 0.0, 0.0, 0.0, 0.0, 0.9549284736010827, -0.392019854260812, -0.34185876416501887, 0.19311881735666409, 0.0], [0.0, 0.0, 0.0, 0.0, 0.0, 0.0, 0.0, 0.3724409490278547, 0.6420851214826813, 0.0], [0.0, 0.0, 0.0, 0.0, 0.0, -0.056907635291906594, -0.023668866617266526, 0.02204649837495371, -0.22266499472107126, 0.0], [0.0, 0.0, 0.0, 0.0, 0.0, 0.0, 0.0, 0.0, -0.08866318874512667, 0.4782046604727793]])),
    (np.array([0.9965810118114854, 1.421970134322017, 1.252526004021941, 0.850740009065943, 0.428473930303097, 0.20601674376634982, 1.1268146564091435, 0.8944499221685048, 0.20387886597658134, 1.4529296694789113]),
     np.array([[0.5656612773384911, 0.0, 0.0759858645234435, -0.9248052021259365, 0.5193108271164324, 1.2291828675215957, 0.0, 0.0, 0.0, 0.0], [0.8853970641884974, -0.765474674536513, -0.1899381545540532, 0.0, 0.12186843638320334, 0.0, 0.0, 0.0, 0.0, 0.0], [0.19438759426358734, -0.9562261911397717, 0.4969976836949609, 0.12357304209124695, -0.10537079631336999, 0.32992421634122865, 0.0, 0.0, 0.0, 0.0], [-0.4340010363039551, 0.0, 1.0359832531130666, -0.796383795915857, 0.26572008396599583, 0.3257803840219485, 0.0, 0.0, 0.0, 0.0], [1.0983228409366612, 0.1811429189092927, 0.23383164600746456, -0.26590789254436886, 0.8960959146434783, 0.06218682997863702, 0.0, 0.0, 0.0, 0.0], [0.0, -0.048808759483037006, 1.0823314217299678, -0.7883255660454545, 0.07010247327161952, 0.02639919376329258, 0.0, 0.0, 0.0, 0.0], [0.0, 0.0, 0.0, 0.0, 0.0, 0.8475501925258313, 0.11337751820509735, -0.34838650215664174, -0.3289573009319783, 0.0], [0.0, 0.0, 0.0, 0.0, 0.0, 0.0, 0.0, 0.35472711868240697, 0.2548718101971539, 0.0], [0.0, 0.0, 0.0, 0.0, 0.0, 0.2114961358300775, 0.34020732191325387, 0.51634054109347, 0.22642154815687998, 0.0], [0.0, 0.0, 0.0, 0.0, 0.0, 0.0, 0.0, 0.0, 0.23062118276994276, 0.5134217485931353]]),
     np.array([9.381755706504249, 2.200277406712765, 2.178945215029092, 3.3938707104825374, 5.758091440559421, 1.3971103025074287, 4.670265231988873, 0.8041726452865358, 1.3627313105195256, 1.9723597245921036]),
     np.array([[1.1950364788595966, 0.0, 0.9787105878774787, -0.6348907167329699, -1.403680818721345, 1.8003391827997843, 0.0, 0.0, 0.0, 0.0], [0.27662852712228075, -0.3544400593708476, 0.1304724940355384, 0.0, 0.0678450764223111, 0.0, 0.0, 0.0, 0.0, 0.0], [0.5257120372373046, -1.1057491694278936, 0.5998549694441679, 0.10725171183276583, -0.03888771379325193, 0.5226787251846783, 0.0, 0.0, 0.0, 0.0], [-0.19129817117211878, 0.0, -0.14520139202217708, -0.5986655229560838, -0.02392661606816126, 0.22979393985343402, 0.0, 0.0, 0.0, 0.0], [1.3741971955888865, 0.13277929590226936, 0.3272086421266892, -1.2628340741952797, 0.8560130048326277, 0.48845275577358555, 0.0, 0.0, 0.0, 0.0], [0.0, 0.013806633291769815, 0.9540410737413697, -0.7556329710623894, 0.12647411504038608, 0.26069751589611706, 0.0, 0.0, 0.0, 0.0], [0.0, 0.0, 0.0, 0.0, 0.0, 1.069310783120415, -0.5388621061001332, -0.9052089820379153, -0.05422125726777374, 0.0], [0.0, 0.0, 0.0, 0.0, 0.0, 0.0, 0.0, 0.164782780672284, 0.16906746690098717, 0.0], [0.0, 0.0, 0.0, 0.0, 0.0, -0.03691899783439225, -0.06534029150046962, -0.056949616510670334, -0.1611217601420629, 0.0], [0.0, 0.0, 0.0, 0.0, 0.0, 0.0, 0.0, 0.0, 0.3847513981973592, 0.42503538287720244]])),
    (np.array([0.9269051259401787, 1.2591567776363994, 1.2906660692482794, 0.7176832737575982, 0.4319525045616402, 0.31111732450350543, 1.1525308722137093, 1.016212069521964, 0.3284900632519115, 1.3347216201330463]),
     np.array([[0.6861806127506325, 0.0, 0.2275138678973547, -0.6764385141043749, 0.4410037116720386, 0.7821314360657377, 0.0, 0.0, 0.0, 0.0], [1.5182785628985076, -0.26014091716885995, -0.29703805412377793, 0.0, 0.2345736115568147, 0.0, 0.0, 0.0, 0.0, 0.0], [0.1876258619194375, -0.9560220176383855, 0.22511675489605082, 0.12468090469332489, -0.0978167631004346, 0.33926455194934957, 0.0, 0.0, 0.0, 0.0], [-0.3954151916625933, 0.0, 1.3770298296135324, -0.8458706957197476, 0.16832995025164413, 0.29284961037112633, 0.0, 0.0, 0.0, 0.0], [1.193465140123159, 0.4461093929918817, 0.09379687189731968, -0.35640220266614747, 0.7726866853946578, 0.1082423218392991, 0.0, 0.0, 0.0, 0.0], [0.0, -0.14087134104128377, 0.9224683792431295, -0.6786987184626596, 0.14897327151802786, 0.051671645471815, 0.0, 0.0, 0.0, 0.0], [0.0, 0.0, 0.0, 0.0, 0.0, 0.4188344023816604, -0.13349685187638008, -0.16093040050978852, -0.19374880442945533, 0.0], [0.0, 0.0, 0.0, 0.0, 0.0, 0.0, 0.0, 0.6766640514208013, 0.5992408003084098, 0.0], [0.0, 0.0, 0.0, 0.0, 0.0, 0.41148091056075436, 0.26892165488490305, 0.6485415469613124, -0.1406317142519317, 0.0], [0.0, 0.0, 0.0, 0.0, 0.0, 0.0, 0.0, 0.0, 0.3471449389858075, 0.5529673539179042]]),
     np.array([5.465118381922918, 4.264533726304225, 2.1447619348514317, 4.230929980698111, 6.51777107229921, 1.3559050609331056, 2.25978527296403, 2.1010223028900525, 2.328828452446307, 1.7703715929258184]),
     np.array([[-0.32076332122465967, 0.0, 0.5808710876677888, -0.2573739462500245, 0.4889068597212349, 0.5946690918110209, 0.0, 0.0, 0.0, 0.0], [-0.05721233080163182, -0.7792182550569707, -0.0019504675460097914, 0.0, 0.026334217754718562, 0.0, 0.0, 0.0, 0.0, 0.0], [0.15542809058546148, -0.6681966836836015, 0.8455559544248538, 0.06592201112931467, 0.02873947476863274, 0.2176290967417015, 0.0, 0.0, 0.0, 0.0], [0.26489329716608684, 0.0, 0.08069427482666357, -0.2617141202921566, -0.44519321371656007, 0.08649163589741043, 0.0, 0.0, 0.0, 0.0], [0.6020989142576871, 0.9026692601256033, 1.301857579968047, 1.4678991024399615, 1.3455185105295908, -1.1648989626005288, 0.0, 0.0, 0.0, 0.0], [0.0, 0.07185838386627003, 1.0840028641871788, -1.1879223574293047, 0.07791454404946226, 0.2552073838776025, 0.0, 0.0, 0.0, 0.0], [0.0, 0.0, 0.0, 0.0, 0.0, 0.5037275249723996, 0.09085820972044568, -0.2589917253944663, -0.06857112197461533, 0.0], [0.0, 0.0, 0.0, 0.0, 0.0, 0.0, 0.0, 0.3894815839903844, 0.622402186363499, 0.0], [0.0, 0.0, 0.0, 0.0, 0.0, -0.026733528853515688, -0.03146259752694708, 0.047854307782245364, -0.23567778241857193, 0.0], [0.0, 0.0, 0.0, 0.0, 0.0, 0.0, 0.0, 0.0, 0.2837234314613175, 0.5205640948742132]])),
    (np.array([1.1203407049262961, 1.385619809845609, 1.0856094594672943, 0.7242579222956154, 0.450601997306539, 0.2282468529412352, 1.2492131500281936, 1.0591745908116785, 0.28098830291957827, 1.4152336923236397]),
     np.array([[0.30710984066574215, 0.0, 0.06185936489341734, -0.8866329085640259, 0.4983006066284125, 0.7701853037179808, 0.0, 0.0, 0.0, 0.0], [1.1608986488982407, -0.5053199661937223, -0.32614578310395786, 0.0, 0.29542497573994453, 0.0, 0.0, 0.0, 0.0, 0.0], [0.09728271382490429, -0.9795707540658541, 1.2238880401425711, 0.18143279997075945, -0.017236777266985363, 0.665672827704135, 0.0, 0.0, 0.0, 0.0], [-0.4251218169407003, 0.0, 1.3339910914699362, -0.7853071495702693, 0.2847806042431185, 0.3149003617993419, 0.0, 0.0, 0.0, 0.0], [1.2624376882977069, 0.1372253233290132, 0.12578456311866393, -0.2743958674096528, 0.6287147352930031, 0.16966353614943014, 0.0, 0.0, 0.0, 0.0], [0.0, -0.05995665029843948, 0.9971328545489816, -0.900498231865757, 0.15895277131165206, 0.27975925786759065, 0.0, 0.0, 0.0, 0.0], [0.0, 0.0, 0.0, 0.0, 0.0, 0.34526962363025776, -0.23601664705654496, -0.2424549308426036, -0.1514063178271065, 0.0], [0.0, 0.0, 0.0, 0.0, 0.0, 0.0, 0.0, 0.7047240577163264, 0.4576435651256305, 0.0], [0.0, 0.0, 0.0, 0.0, 0.0, 0.20166528698771302, 0.33586685358440627, 0.41783949031479506, -0.03988473015663652, 0.0], [0.0, 0.0, 0.0, 0.0, 0.0, 0.0, 0.0, 0.0, 0.3148120779456381, 0.5705241530981854]]),
     np.array([5.403258508766586, 4.24633846773335, 2.48839654097496, 4.180377057139071, 6.015622640004558, 1.5066796939109781, 1.683005098647282, 2.4080065843973295, 1.2367453242394197, 1.72090254111308]),
     np.array([[0.4662668272277311, 0.0, -0.10583123334084452, -0.9809446877445778, 0.41142539154062385, 0.35121355508228075, 0.0, 0.0, 0.0, 0.0], [0.16539717728502384, -0.7257543684223556, -0.06797924554546768, 0.0, -0.09890574102003526, 0.0, 0.0, 0.0, 0.0, 0.0], [-0.10299452555177244, -0.8901015115906922, 0.7258611836686161, -0.14772548372091834, -0.24592385370186093, 0.4518255560640997, 0.0, 0.0, 0.0, 0.0], [-0.16452433876304773, 0.0, -0.01318298081564753, 0.0029523872260277784, 0.09534782540595371, 0.10809608722935922, 0.0, 0.0, 0.0, 0.0], [1.4637885055399944, 0.539505140792006, 0.5778463419774804, -0.1455007153790549, 0.8712939617892815, -0.1258006614459357, 0.0, 0.0, 0.0, 0.0], [0.0, -0.14319417811521565, 1.294437866439793, -1.1442571697070885, 0.0657211741025354, 0.1799281293669415, 0.0, 0.0, 0.0, 0.0], [0.0, 0.0, 0.0, 0.0, 0.0, 0.37213295770650534, -0.25635384846100073, -0.12415551691157124, -0.061331356662104014, 0.0], [0.0, 0.0, 0.0, 0.0, 0.0, 0.0, 0.0, 0.44572196838285294, 0.6286445464795256, 0.0], [0.0, 0.0, 0.0, 0.0, 0.0, 0.019067901127936413, 0.06653029340048996, 0.033897616618563255, -0.12908874473586207, 0.0], [0.0, 0.0, 0.0, 0.0, 0.0, 0.0, 0.0, 0.0, 0.5138783396278342, 0.4661081984190386]])),
    (np.array([1.0790920343993862, 1.19351021150281, 1.163083443387333, 0.8515863883790438, 0.3594120498652914, 0.2828998087174878, 0.983122108774752, 0.9997681861246338, 0.25463537763082533, 1.5481837467223165]),
     np.array([[0.34218542446304523, 0.0, 0.2095377915890563, -0.9264609094467218, 0.38909192248605684, 0.6167415144218104, 0.0, 0.0, 0.0, 0.0], [1.195222311206059, -0.3007603704324725, -0.0961524528283714, 0.0, 0.22334798743041614, 0.0, 0.0, 0.0, 0.0, 0.0], [0.18482117310644885, -0.8512740490283464, 1.1798551887981474, -0.041299241258985764, -0.1985101001563497, 0.4028219608806949, 0.0, 0.0, 0.0, 0.0], [-0.4671724672045499, 0.0, 1.1027856135238976, -0.9137488051735096, 0.2916697108366264, 0.465338079019374, 0.0, 0.0, 0.0, 0.0], [1.150860587890201, 0.14724009911084612, 0.20020977542500717, -0.22008918132645844, 0.8227217387816116, -0.013755305403294919, 0.0, 0.0, 0.0, 0.0], [0.0, -0.0819656052006494, 1.1365339914417332, -0.8907752065463977, 0.08134881985473472, -0.2510926508888531, 0.0, 0.0, 0.0, 0.0], [0.0, 0.0, 0.0, 0.0, 0.0, 0.46766333520148506, -0.0577265570286636, -0.1448522503199882, -0.10688072764590191, 0.0], [0.0, 0.0, 0.0, 0.0, 0.0, 0.0, 0.0, 0.36676216765477093, 0.5257353640905775, 0.0], [0.0, 0.0, 0.0, 0.0, 0.0, 0.30013922372327345, 0.3222830382586553, 0.482189635031714, -0.022602059473283774, 0.0], [0.0, 0.0, 0.0, 0.0, 0.0, 0.0, 0.0, 0.0, 0.139179774853934, 0.6666307417849243]]),
     np.array([4.803744469790238, 3.0342911995611717, 2.198871338346847, 3.4231288355795253, 5.1996948732894985, 1.3493941943502756, 2.3702635508416243, 1.941078584174077, 1.3884331239171004, 1.9938486001955336]),
     np.array([[-0.00626363783800741, 0.0, 0.2588567279807912, -1.2085837277255862, -0.1545558774418587, 0.4220678166041263, 0.0, 0.0, 0.0, 0.0], [0.14970991683486695, -0.15284051236555135, -0.1257829990460656, 0.0, 0.04467877804224782, 0.0, 0.0, 0.0, 0.0, 0.0], [0.01945179646293759, -1.172347890131045, 0.5463736670956859, -0.15885726832412891, 0.2833547804139887, 0.25362632690881076, 0.0, 0.0, 0.0, 0.0], [0.09789634753308954, 0.0, 0.06186800390672624, 0.17353106623737677, -0.018160891719557072, -0.12893394703225872, 0.0, 0.0, 0.0, 0.0], [1.468048271138849, 0.551208993782665, -0.4491007878951429, -0.7634535200213612, 0.6583528761354033, 0.1290828206007642, 0.0, 0.0, 0.0, 0.0], [0.0, 0.10175109681139644, 1.1122363292233899, -0.8224451703294556, 0.2112357629722499, 0.32210091938540353, 0.0, 0.0, 0.0, 0.0], [0.0, 0.0, 0.0, 0.0, 0.0, 0.6393575845050493, -0.18077958413331865, -0.11294319572788981, 0.001960531527228921, 0.0], [0.0, 0.0, 0.0, 0.0, 0.0, 0.0, 0.0, 0.3635114461770921, 0.5796902492339737, 0.0], [0.0, 0.0, 0.0, 0.0, 0.0, -0.1290671293239455, 0.20272203475673936, -0.025084691795623205, -0.15146617569522902, 0.0], [0.0, 0.0, 0.0, 0.0, 0.0, 0.0, 0.0, 0.0, 0.14744614572660245, 0.4284763640898122]])),
    (np.array([1.01436277344372, 1.4693270057497227, 1.0826156041123762, 0.7618873512881572, 0.3751216008707389, 0.23408905793617757, 1.199908097810141, 1.098390777159495, 0.29406870661800993, 1.4913742579661526]),
     np.array([[0.6077995311042682, 0.0, 0.24755895626915558, -0.6091732656985991, 0.5672152431287909, 0.7963966567743566, 0.0, 0.0, 0.0, 0.0], [1.0084194842514786, -0.6310084756441177, -0.39012803602230595, 0.0, 0.13291029143709795, 0.0, 0.0, 0.0, 0.0, 0.0], [0.2109426639130312, -0.8436259082078318, 0.6034386325091574, 0.13621297551756056, -0.021623037820068313, 0.3219750146758008, 0.0, 0.0, 0.0, 0.0], [-0.2656288214535582, 0.0, 1.4442248346847215, -0.9009690186214054, 0.10904388330078817, 0.1942407967279929, 0.0, 0.0, 0.0, 0.0], [1.0585215770219494, 0.28919089135029286, 0.2656948946442259, -0.42409690057647137, 0.5342556450592919, 0.43190288963453893, 0.0, 0.0, 0.0, 0.0], [0.0, -0.07567957501517901, 1.1685483300697594, -0.8674833563719888, 0.11009681027009165, 0.2689602525326797, 0.0, 0.0, 0.0, 0.0], [0.0, 0.0, 0.0, 0.0, 0.0, 0.5717772630343924, 0.16653462187683357, -0.28857789267284867, -0.11589568007154205, 0.0], [0.0, 0.0, 0.0, 0.0, 0.0, 0.0, 0.0, 0.21443585798811854, 0.5661218961315791, 0.0], [0.0, 0.0, 0.0, 0.0, 0.0, 0.2553654824517282, 0.37026756031640706, 0.5511359493930647, -0.09089040955873044, 0.0], [0.0, 0.0, 0.0, 0.0, 0.0, 0.0, 0.0, 0.0, 0.3289521058388474, 0.9855744889734062]]),
     np.array([7.352755259343896, 2.7839595313616723, 2.150136772791558, 3.499615414612876, 5.276499363274194, 1.6494751903773834, 2.4496841810934695, 2.1009439750884273, 1.8410361554094996, 2.7901135029838904]),
     np.array([[1.3051774160278111, 0.0, -0.35560635921593053, -0.3699862635208877, 1.165543713078597, 1.316480175291408, 0.0, 0.0, 0.0, 0.0], [0.21281196633573393, -0.47255250204096744, 0.03635596863776791, 0.0, 0.2563241380740147, 0.0, 0.0, 0.0, 0.0, 0.0], [0.005804182995634965, -0.7062674460874451, 0.6090549980388948, 0.15063797249445796, -0.05255226533247623, 0.27347108483123594, 0.0, 0.0, 0.0, 0.0], [-0.012441399632885547, 0.0, 0.1112949769893025, -0.1977343822639174, 0.08898935246599077, -0.10638719513655659, 0.0, 0.0, 0.0, 0.0], [1.2834871156156655, 0.5450289292136897, 0.2340163354983084, 0.1853991976563569, 0.9526914528862452, -0.3638120720258082, 0.0, 0.0, 0.0, 0.0], [0.0, -0.14270638890345258, 1.19038240967295, -0.9013837093228144, -0.010969389119426111, 0.31701748507695043, 0.0, 0.0, 0.0, 0.0], [0.0, 0.0, 0.0, 0.0, 0.0, 0.3238310513447806, -0.44676577525343136, 0.03023608692453787, -0.7328924268926431, 0.0], [0.0, 0.0, 0.0, 0.0, 0.0, 0.0, 0.0, 0.4924780795525383, 0.6394709105076939, 0.0], [0.0, 0.0, 0.0, 0.0, 0.0, 0.03749221259045653, 0.01732247557775522, -0.0017372676744895582, -0.2986204794519131, 0.0], [0.0, 0.0, 0.0, 0.0, 0.0, 0.0, 0.0, 0.0, 0.406121299814754, 0.6324420168255718]])),
    (np.array([0.9681788499290919, 1.4616765766674988, 1.229985515386792, 0.7880778394849127, 0.4470687757674501, 0.3572277409558027, 1.2336392755040173, 1.0095328081866715, 0.3672113652596302, 1.7470465695607242]),
     np.array([[0.6911549601056719, 0.0, 0.256198403250163, -0.8318013869507058, 0.6919287551519869, 0.6398518102853991, 0.0, 0.0, 0.0, 0.0], [0.980912520711429, -0.4155259422412246, -0.35147572098678415, 0.0, 0.2037820625806244, 0.0, 0.0, 0.0, 0.0, 0.0], [0.2206312315543895, -0.9387646335682258, 0.6475965296090345, 0.015004359969253875, -0.05668627448790664, 0.26306148065769924, 0.0, 0.0, 0.0, 0.0], [-0.41508495978934373, 0.0, 1.3685008600729573, -0.8961045742441475, 0.16077298206141713, 0.15532774736783514, 0.0, 0.0, 0.0, 0.0], [1.2336964323465567, 0.27114351244617274, 0.07304542742060342, 0.0017589756336821572, 1.197438989901251, -0.017076565542298992, 0.0, 0.0, 0.0, 0.0], [0.0, -0.15630219405854565, 1.11056749099418, -0.8743953596694254, 0.1511602030605971, 0.1399391531439401, 0.0, 0.0, 0.0, 0.0], [0.0, 0.0, 0.0, 0.0, 0.0, 0.2718211239036412, -0.1855929358707414, -0.14917928121146717, -0.14502551951752843, 0.0], [0.0, 0.0, 0.0, 0.0, 0.0, 0.0, 0.0, 0.18118615484515851, 0.5247620377190676, 0.0], [0.0, 0.0, 0.0, 0.0, 0.0, 0.2630608489049047, 0.24272957487066002, 0.5278409406948715, -0.24006579430717487, 0.0], [0.0, 0.0, 0.0, 0.0, 0.0, 0.0, 0.0, 0.0, 0.1780265259677212, 0.34578986667926837]]),
     np.array([6.2103427958811634, 3.612259773042693, 2.1425073392910385, 3.658942554759054, 6.298052675208782, 1.5404593904786152, 1.2107736757533476, 1.728262282287532, 1.6282442165824444, 3.268151559380521]),
     np.array([[0.12594383795200847, 0.0, -0.10179177833888405, -0.49889054099404373, 0.3412357998554672, 0.6188074954128867, 0.0, 0.0, 0.0, 0.0], [-0.13905610593870446, -0.5232027190411548, -0.1496695964937448, 0.0, -0.3578928482478596, 0.0, 0.0, 0.0, 0.0, 0.0], [0.3333616176551374, -0.7075609099102107, 0.46229509401018454, -0.2670254432919804, -0.2045198567371997, 0.6606351714631838, 0.0, 0.0, 0.0, 0.0], [0.14992563184085608, 0.0, 0.0037989379787716623, 0.14506876084730402, 0.13260049859305273, -0.023163434396219526, 0.0, 0.0, 0.0, 0.0], [0.890814906167488, -0.052469338265708196, -0.7859824289321983, -0.5484038622259422, 0.7528803552984604, 0.4008468321551963, 0.0, 0.0, 0.0, 0.0], [0.0, -0.18886776920376122, 1.0190213369858157, -0.8213270850998461, 0.19256771950328197, 0.3042801897373464, 0.0, 0.0, 0.0, 0.0], [0.0, 0.0, 0.0, 0.0, 0.0, 0.22619135979424201, -0.08308888353145409, -0.22422414823430614, 0.13733067277888047, 0.0], [0.0, 0.0, 0.0, 0.0, 0.0, 0.0, 0.0, 0.5765343634104704, 0.4456632941572465, 0.0], [0.0, 0.0, 0.0, 0.0, 0.0, 0.0305937996263828, -0.13704448711568895, 0.12019256248122157, 0.012009743418828078, 0.0], [0.0, 0.0, 0.0, 0.0, 0.0, 0.0, 0.0, 0.0, 0.6320234324260692, 0.5127003326325151]])),
    (np.array([1.0370322076205323, 1.326652699003092, 1.0888357006096931, 0.8750778637813745, 0.4883016208282773, 0.24125068613531936, 1.1285398314584425, 1.1081819975579965, 0.12917250532793376, 1.178777713087853]),
     np.array([[0.8071263536855954, 0.0, -0.039409284990573966, -0.6779913427622257, 0.568444360189034, 0.9447526694352829, 0.0, 0.0, 0.0, 0.0], [0.9600295484544635, -0.4643933368922451, -0.21542248807003292, 0.0, 0.25164888796214957, 0.0, 0.0, 0.0, 0.0, 0.0], [0.19783055444211026, -0.9238667380363127, 1.1475022064974219, -0.0012718763249835506, -0.14294020661005077, 0.6773474989305087, 0.0, 0.0, 0.0, 0.0], [-0.43715438283093894, 0.0, 0.8883781099448043, -0.9410450609969443, 0.13415248179632824, 0.25432692071848606, 0.0, 0.0, 0.0, 0.0], [0.6712199473605602, 0.1282656363785095, 0.03154056396929628, -0.38777309291299933, 0.5124680499869607, -0.0305982340853923, 0.0, 0.0, 0.0, 0.0], [0.0, -0.08832723048184817, 1.0538889438522285, -0.7797761657963469, 0.10678100221129076, 0.12190204455672791, 0.0, 0.0, 0.0, 0.0], [0.0, 0.0, 0.0, 0.0, 0.0, 0.7092946032185128, -0.1812819503549058, -0.3516808251616562, -0.0008690704359055676, 0.0], [0.0, 0.0, 0.0, 0.0, 0.0, 0.0, 0.0, 0.258321551020586, 0.3156882965311451, 0.0], [0.0, 0.0, 0.0, 0.0, 0.0, 0.3187302893373159, 0.2856294795586514, 0.5324529565373931, 0.04279294836227532, 0.0], [0.0, 0.0, 0.0, 0.0, 0.0, 0.0, 0.0, 0.0, 0.6412693022595704, 1.0617406207961886]]),
     np.array([5.904616005865221, 3.1759168760154286, 2.546553530463248, 3.81776853359246, 3.2879966181788705, 1.4134394155714942, 4.385869294965165, 2.0435123466235363, 1.1868991956717605, 1.6912755449891748]),
     np.array([[0.8218622001124929, 0.0, -0.26251454624070236, -1.5231457555484624, 0.1295776981148738, 0.32203147830751994, 0.0, 0.0, 0.0, 0.0], [-0.15693220733994814, -0.277295433268826, 0.1940978149416077, 0.0, 0.035689324308695015, 0.0, 0.0, 0.0, 0.0, 0.0], [0.33303276642089064, -1.3720600101493885, 0.5898905459998557, 0.24987177914050757, -0.4853648437245069, 0.23961765262696713, 0.0, 0.0, 0.0, 0.0], [0.38714949736527776, 0.0, -0.054264145046998356, -0.20245930163158224, -0.0006716302305221667, -0.10453164878926614, 0.0, 0.0, 0.0, 0.0], [0.7209169371043938, -0.03877078061616437, 0.3049456497464457, 0.05749068903950202, -0.03809248591270242, -0.04364447585955248, 0.0, 0.0, 0.0, 0.0], [0.0, -0.027930437115093586, 0.9843288413499351, -0.757105459959345, -0.06064121982565768, 0.32139196304189155, 0.0, 0.0, 0.0, 0.0], [0.0, 0.0, 0.0, 0.0, 0.0, 0.8197060001887732, -0.4029718722871624, -0.3395021087961167, 0.04077119964325591, 0.0], [0.0, 0.0, 0.0, 0.0, 0.0, 0.0, 0.0, 0.6584707258604203, 0.7314901920960547, 0.0], [0.0, 0.0, 0.0, 0.0, 0.0, 0.017428035651564807, 0.04573192788755012, 0.018411487499102448, 0.06788633338096411, 0.0], [0.0, 0.0, 0.0, 0.0, 0.0, 0.0, 0.0, 0.0, 0.39646988936535554, 0.3434083040305978]])),
]

gvm_gvm_estimations_step5 = [
    (np.array([1.0437744855028936, 1.3216021662923783, 1.1375503248453471, 0.7994679822794043, 0.4966870509139493, 0.3082417977349505, 1.0504314409646949, 1.1300425986290523, 0.22069759729621669, 1.5595281073833593]),
     np.array([[0.4211151321265896, 0.0, 0.17454820864407672, -0.7265429290000861, 0.34630172199548, 0.6860701815239514, 0.0, 0.0, 0.0, 0.0], [1.12503632589497, -0.47626228165316586, -0.14340144834938445, 0.0, 0.13030953634975465, 0.0, 0.0, 0.0, 0.0, 0.0], [0.15794972958697748, -0.9408214422419636, 0.7730694758813339, 0.30113771907946096, -0.05079439452836078, 0.27058941613071297, 0.0, 0.0, 0.0, 0.0], [-0.41278622520950703, 0.0, 1.0158880881343544, -0.8240131479862494, 0.31032661538118667, 0.27902559985735775, 0.0, 0.0, 0.0, 0.0], [1.1834477582466403, 0.3940951804133344, 0.06138751279015323, -0.40805473656116115, 0.4710574421213428, 0.1995807345248069, 0.0, 0.0, 0.0, 0.0], [0.0, -0.12718097988207366, 1.0827924700489646, -0.7693406092824274, 0.07104242422509484, 0.3021213253487331, 0.0, 0.0, 0.0, 0.0], [0.0, 0.0, 0.0, 0.0, 0.0, 0.5215956396894157, -0.15354715461208895, -0.2252869779993424, 0.058397430982711045, 0.0], [0.0, 0.0, 0.0, 0.0, 0.0, 0.0, 0.0, 0.6621608587116199, 0.8920348224757376, 0.0], [0.0, 0.0, 0.0, 0.0, 0.0, 0.26553283151734164, 0.3267746790324524, 0.5205215052307582, 0.0033670840889186817, 0.0], [0.0, 0.0, 0.0, 0.0, 0.0, 0.0, 0.0, 0.0, 0.49694915627395525, 0.7699582113177895]]),
     np.array([6.0462737299633815, 3.4638242140122615, 2.2492464512643187, 3.532214974094226, 5.740156974598731, 1.5359529428750611, 2.982230376913039, 3.744418544854955, 1.309584745815449, 3.528844571227842]),
     np.array([[0.4211151321265896, 0.0, 0.17454820864407672, -0.7265429290000861, 0.34630172199548, 0.6860701815239514, 0.0, 0.0, 0.0, 0.0], [0.0, -0.47626228165316586, 0.0, 0.0, 0.0, 0.0, 0.0, 0.0, 0.0, 0.0], [0.15794972958697748, -0.9408214422419636, 0.7730694758813339, 0.30113771907946096, -0.05079439452836078, 0.27058941613071297, 0.0, 0.0, 0.0, 0.0], [0.0, 0.0, 0.0, -0.24298426465005926, 0.0, 0.0, 0.0, 0.0, 0.0, 0.0], [1.1834477582466403, 0.3940951804133344, 0.06138751279015323, -0.40805473656116115, 0.4710574421213428, 0.1995807345248069, 0.0, 0.0, 0.0, 0.0], [0.0, -0.12718097988207366, 1.0827924700489646, -0.7008149554082216, 0.07104242422509484, 0.3021213253487331, 0.0, 0.0, 0.0, 0.0], [0.0, 0.0, 0.0, 0.0, 0.0, 0.5215956396894157, -0.15354715461208895, -0.2252869779993424, 0.058397430982711045, 0.0], [0.0, 0.0, 0.0, 0.0, 0.0, 0.0, 0.0, 0.6621608587116199, 0.8920348224757376, 0.0], [0.0, 0.0, 0.0, 0.0, 0.0, 0.0, 0.0, 0.0, 0.0033670840889186817, 0.0], [0.0, 0.0, 0.0, 0.0, 0.0, 0.0, 0.0, 0.0, 0.49694915627395525, 0.7699582113177895]])),
    (np.array([0.9751868059433005, 1.425387563243147, 1.2448959390534355, 0.7878279895966025, 0.5202400072755008, 0.3217349681174612, 1.0660648169240825, 1.1406693351036334, 0.27760567130623376, 1.605600192170286]),
     np.array([[0.658729860247938, 0.0, 0.0694454155964296, -0.9422259000691975, 0.5447012612614314, 0.9484660293329115, 0.0, 0.0, 0.0, 0.0], [0.9597410557397175, -0.3999094026663171, -0.28208119166267587, 0.0, -0.022486513723804797, 0.0, 0.0, 0.0, 0.0, 0.0], [0.1347026620227369, -0.839484255442806, 0.5995762324321161, 0.0017181664098000267, -0.03586215154128285, 0.3092946020005475, 0.0, 0.0, 0.0, 0.0], [-0.38083843008862023, 0.0, 1.0741912610736284, -0.732052649493057, 0.28280984818112803, 0.2264849234398316, 0.0, 0.0, 0.0, 0.0], [1.1982473425164202, 0.3376008146906919, 0.27231401100018543, -0.5118956997028554, 0.5387841696028528, -0.0923190631466539, 0.0, 0.0, 0.0, 0.0], [0.0, -0.16061256616260847, 1.0144802755480982, -0.8319032580796681, 0.13845586531580348, 0.2467482259435282, 0.0, 0.0, 0.0, 0.0], [0.0, 0.0, 0.0, 0.0, 0.0, 0.4820472502889895, -0.09047479887601853, -0.15894944764518362, -0.22878718583990554, 0.0], [0.0, 0.0, 0.0, 0.0, 0.0, 0.0, 0.0, 0.3468154077138943, 0.8750602173404401, 0.0], [0.0, 0.0, 0.0, 0.0, 0.0, 0.3135817027915977, 0.35459613840193466, 0.5977597045300318, -0.02127917521863782, 0.0], [0.0, 0.0, 0.0, 0.0, 0.0, 0.0, 0.0, 0.0, 0.5872662990731655, 0.6828024182878208]]),
     np.array([7.357135278906935, 2.5672909878839425, 1.9255392241310105, 3.30299948475821, 6.356950782977323, 1.5413776466813907, 2.6880067423626253, 3.1331369087538206, 1.7744398653167548, 2.820358798305512]),
     np.array([[0.658729860247938, 0.0, 0.0694454155964296, -0.9422259000691975, 0.5447012612614314, 0.9484660293329115, 0.0, 0.0, 0.0, 0.0], [0.0, -0.3999094026663171, 0.0, 0.0, 0.0, 0.0, 0.0, 0.0, 0.0, 0.0], [0.1347026620227369, -0.839484255442806, 0.5995762324321161, 0.0017181664098000267, -0.03586215154128285, 0.3092946020005475, 0.0, 0.0, 0.0, 0.0], [0.0, 0.0, 0.0, -0.31384232369953075, 0.0, 0.0, 0.0, 0.0, 0.0, 0.0], [1.1982473425164202, 0.3376008146906919, 0.27231401100018543, -0.5118956997028554, 0.5387841696028528, -0.0923190631466539, 0.0, 0.0, 0.0, 0.0], [0.0, -0.16061256616260847, 1.0144802755480982, -0.8580348570305099, 0.13845586531580348, 0.2467482259435282, 0.0, 0.0, 0.0, 0.0], [0.0, 0.0, 0.0, 0.0, 0.0, 0.4820472502889895, -0.09047479887601853, -0.15894944764518362, -0.22878718583990554, 0.0], [0.0, 0.0, 0.0, 0.0, 0.0, 0.0, 0.0, 0.3468154077138943, 0.8750602173404401, 0.0], [0.0, 0.0, 0.0, 0.0, 0.0, 0.0, 0.0, 0.0, -0.02127917521863782, 0.0], [0.0, 0.0, 0.0, 0.0, 0.0, 0.0, 0.0, 0.0, 0.5872662990731655, 0.6828024182878208]])),
    (np.array([1.0745572094464702, 1.3495089294013118, 1.2139782979680565, 0.8509325536321387, 0.4478988838051276, 0.30691829139668914, 1.020897267040243, 0.9463157706829672, 0.12932135539438042, 1.5771631943232889]),
     np.array([[0.3484265961271334, 0.0, 0.14725199267595546, -0.7944524993811297, 0.4704811706957676, 0.7742098968951305, 0.0, 0.0, 0.0, 0.0], [1.3139707897822837, -0.35862057537923864, -0.20884397199925653, 0.0, 0.25886801520600844, 0.0, 0.0, 0.0, 0.0, 0.0], [0.10308112156056483, -0.8870219342649324, 0.7345662077144598, 0.058552234466491326, -0.06769015692059312, 0.3888622852825734, 0.0, 0.0, 0.0, 0.0], [-0.5025907705791082, 0.0, 1.4103544196909545, -0.8740347759820278, 0.23918965314778737, 0.21051394858412714, 0.0, 0.0, 0.0, 0.0], [1.172809286424806, 0.21133226592300033, 0.1149941066194582, -0.31820595897670223, 0.6809723396845819, -0.0002402780182978039, 0.0, 0.0, 0.0, 0.0], [0.0, -0.08349101181285046, 0.9789284269699835, -0.8810059464192637, 0.03020515798773505, 0.39450179492697846, 0.0, 0.0, 0.0, 0.0], [0.0, 0.0, 0.0, 0.0, 0.0, 0.5109165122702217, -0.09596624329633084, -0.15107403212419035, 0.013992852087966206, 0.0], [0.0, 0.0, 0.0, 0.0, 0.0, 0.0, 0.0, 0.572368117735901, 0.5651741479733634, 0.0], [0.0, 0.0, 0.0, 0.0, 0.0, 0.3309465641312455, 0.29121091040057395, 0.4286158823477502, 0.09512338183485404, 0.0], [0.0, 0.0, 0.0, 0.0, 0.0, 0.0, 0.0, 0.0, 0.37228434977874547, 0.6623093148811543]]),
     np.array([4.903556691920655, 3.102991455872643, 1.963832252412397, 3.92209642376843, 5.781061582416588, 1.412216886705035, 1.7915040652677034, 2.205436564865888, 0.9390465680458484, 3.255813683131367]),
     np.array([[0.3484265961271334, 0.0, 0.14725199267595546, -0.7944524993811297, 0.4704811706957676, 0.7742098968951305, 0.0, 0.0, 0.0, 0.0], [0.0, -0.35862057537923864, 0.0, 0.0, 0.0, 0.0, 0.0, 0.0, 0.0, 0.0], [0.10308112156056483, -0.8870219342649324, 0.7345662077144598, 0.058552234466491326, -0.06769015692059312, 0.3888622852825734, 0.0, 0.0, 0.0, 0.0], [0.0, 0.0, 0.0, -0.17776379928654296, 0.0, 0.0, 0.0, 0.0, 0.0, 0.0], [1.172809286424806, 0.21133226592300033, 0.1149941066194582, -0.31820595897670223, 0.6809723396845819, -0.0002402780182978039, 0.0, 0.0, 0.0, 0.0], [0.0, -0.08349101181285046, 0.9789284269699835, -1.1113829788672918, 0.03020515798773505, 0.39450179492697846, 0.0, 0.0, 0.0, 0.0], [0.0, 0.0, 0.0, 0.0, 0.0, 0.5109165122702217, -0.09596624329633084, -0.15107403212419035, 0.013992852087966206, 0.0], [0.0, 0.0, 0.0, 0.0, 0.0, 0.0, 0.0, 0.572368117735901, 0.5651741479733634, 0.0], [0.0, 0.0, 0.0, 0.0, 0.0, 0.0, 0.0, 0.0, 0.09512338183485404, 0.0], [0.0, 0.0, 0.0, 0.0, 0.0, 0.0, 0.0, 0.0, 0.37228434977874547, 0.6623093148811543]])),
    (np.array([1.058597424686152, 1.3293779512143866, 1.3465206823405567, 0.82373847907324, 0.4594538532582628, 0.24908747817747104, 1.1142228055082792, 0.9975141366151896, 0.3411183650158691, 1.3940764199273554]),
     np.array([[0.5504497485733583, 0.0, 0.08127868394043074, -0.9686233982338911, 0.7983597764128372, 0.7185853037925276, 0.0, 0.0, 0.0, 0.0], [1.12169365249293, -0.4742469082085439, -0.33064288527458124, 0.0, 0.25129721674393873, 0.0, 0.0, 0.0, 0.0, 0.0], [0.15271860571060458, -0.9485324906935122, 0.6991092721150294, -0.01681236010575631, -0.07237585718695941, 0.24761235113424737, 0.0, 0.0, 0.0, 0.0], [-0.3973684267391019, 0.0, 1.1161932841994007, -0.8399683487974741, 0.16065811461696905, 0.1818995743665085, 0.0, 0.0, 0.0, 0.0], [1.4277248824057105, 0.39003651843497245, 0.009584502699531396, -0.3834538528867646, 0.7165550601223415, 0.31290910520986315, 0.0, 0.0, 0.0, 0.0], [0.0, -0.11629517375235537, 0.9264726437385497, -0.7199453033384863, 0.14991939911957475, 0.21704520372716532, 0.0, 0.0, 0.0, 0.0], [0.0, 0.0, 0.0, 0.0, 0.0, 0.393152434608, -0.0909379682480451, -0.27826035578310915, -0.03343896586924121, 0.0], [0.0, 0.0, 0.0, 0.0, 0.0, 0.0, 0.0, 0.5574112415774444, 0.4799480244248225, 0.0], [0.0, 0.0, 0.0, 0.0, 0.0, 0.2772789902507797, 0.36115721795148226, 0.47592525327438806, -0.14148120985589804, 0.0], [0.0, 0.0, 0.0, 0.0, 0.0, 0.0, 0.0, 0.0, 0.3790112250694786, 0.5947667595124273]]),
     np.array([5.898787337297675, 3.1584378563794426, 2.0700725027367453, 2.88513536295625, 7.471740654513452, 1.4041778186103282, 3.05962048876004, 2.1572151688579124, 1.9378647911756983, 1.975284660811351]),
     np.array([[0.5504497485733583, 0.0, 0.08127868394043074, -0.9686233982338911, 0.7983597764128372, 0.7185853037925276, 0.0, 0.0, 0.0, 0.0], [0.0, -0.4742469082085439, 0.0, 0.0, 0.0, 0.0, 0.0, 0.0, 0.0, 0.0], [0.15271860571060458, -0.9485324906935122, 0.6991092721150294, -0.01681236010575631, -0.07237585718695941, 0.24761235113424737, 0.0, 0.0, 0.0, 0.0], [0.0, 0.0, 0.0, -0.0006981892699892681, 0.0, 0.0, 0.0, 0.0, 0.0, 0.0], [1.4277248824057105, 0.39003651843497245, 0.009584502699531396, -0.3834538528867646, 0.7165550601223415, 0.31290910520986315, 0.0, 0.0, 0.0, 0.0], [0.0, -0.11629517375235537, 0.9264726437385497, -0.738123843677168, 0.14991939911957475, 0.21704520372716532, 0.0, 0.0, 0.0, 0.0], [0.0, 0.0, 0.0, 0.0, 0.0, 0.393152434608, -0.0909379682480451, -0.27826035578310915, -0.03343896586924121, 0.0], [0.0, 0.0, 0.0, 0.0, 0.0, 0.0, 0.0, 0.5574112415774444, 0.4799480244248225, 0.0], [0.0, 0.0, 0.0, 0.0, 0.0, 0.0, 0.0, 0.0, -0.14148120985589804, 0.0], [0.0, 0.0, 0.0, 0.0, 0.0, 0.0, 0.0, 0.0, 0.3790112250694786, 0.5947667595124273]])),
    (np.array([1.0490486587192351, 1.2758037925136863, 1.1269960254551032, 0.8084631278923397, 0.40111897193333323, 0.3794177660442028, 1.0469377822659023, 0.9685502485850612, 0.2696193160756813, 1.6117747585340332]),
     np.array([[0.5935254740949923, 0.0, 0.33678763286111235, -0.8291098569696276, 0.19500871210191065, 0.5557876608824072, 0.0, 0.0, 0.0, 0.0], [0.9907142887950509, -0.32765735492329856, -0.16687031011638562, 0.0, 0.22458878051969303, 0.0, 0.0, 0.0, 0.0, 0.0], [0.15319949576971453, -0.8361853737807383, 0.7357328848308367, 0.23454007662498713, -0.08417730398447518, 0.19496845737137544, 0.0, 0.0, 0.0, 0.0], [-0.4293101456634289, 0.0, 1.1198497860519403, -0.8834799816889253, 0.22607384804249678, 0.27150320833628644, 0.0, 0.0, 0.0, 0.0], [1.216228574734987, 0.2131965537330553, 0.2683693966424707, -0.3099807461613681, 0.8471819739592363, 0.10129709196416742, 0.0, 0.0, 0.0, 0.0], [0.0, -0.16214882429459582, 0.9325127050927721, -0.7228403672952307, 0.09765898446133253, 0.1508585616065703, 0.0, 0.0, 0.0, 0.0], [0.0, 0.0, 0.0, 0.0, 0.0, 0.38359782576013685, -0.061367196570148067, -0.19645765450645422, 0.05685198689877844, 0.0], [0.0, 0.0, 0.0, 0.0, 0.0, 0.0, 0.0, 0.6021830981235108, 0.5983115246255389, 0.0], [0.0, 0.0, 0.0, 0.0, 0.0, 0.3411147298455456, 0.25643389686835294, 0.527848649026604, -0.06634649135792174, 0.0], [0.0, 0.0, 0.0, 0.0, 0.0, 0.0, 0.0, 0.0, 0.4115519078071771, 0.624743554765164]]),
     np.array([5.985216237757387, 3.253611716541402, 2.1462507643976427, 4.398462153007817, 5.612865026282798, 1.2625040072186158, 1.5865753802211797, 2.5783189562072444, 1.703183954352643, 2.5819580121305443]),
     np.array([[0.5935254740949923, 0.0, 0.33678763286111235, -0.8291098569696276, 0.19500871210191065, 0.5557876608824072, 0.0, 0.0, 0.0, 0.0], [0.0, -0.32765735492329856, 0.0, 0.0, 0.0, 0.0, 0.0, 0.0, 0.0, 0.0], [0.15319949576971453, -0.8361853737807383, 0.7357328848308367, 0.23454007662498713, -0.08417730398447518, 0.19496845737137544, 0.0, 0.0, 0.0, 0.0], [0.0, 0.0, 0.0, -0.4866116067055721, 0.0, 0.0, 0.0, 0.0, 0.0, 0.0], [1.216228574734987, 0.2131965537330553, 0.2683693966424707, -0.3099807461613681, 0.8471819739592363, 0.10129709196416742, 0.0, 0.0, 0.0, 0.0], [0.0, -0.16214882429459582, 0.9325127050927721, -0.7610021453992083, 0.09765898446133253, 0.1508585616065703, 0.0, 0.0, 0.0, 0.0], [0.0, 0.0, 0.0, 0.0, 0.0, 0.38359782576013685, -0.061367196570148067, -0.19645765450645422, 0.05685198689877844, 0.0], [0.0, 0.0, 0.0, 0.0, 0.0, 0.0, 0.0, 0.6021830981235108, 0.5983115246255389, 0.0], [0.0, 0.0, 0.0, 0.0, 0.0, 0.0, 0.0, 0.0, -0.06634649135792174, 0.0], [0.0, 0.0, 0.0, 0.0, 0.0, 0.0, 0.0, 0.0, 0.4115519078071771, 0.624743554765164]])),
    (np.array([1.0090853403472526, 1.3307766875151565, 1.2712745139833075, 0.732533424802488, 0.43071497982502327, 0.3340380840512263, 0.9583571305558293, 0.9389105757649412, 0.3046257458196893, 1.5918050830465094]),
     np.array([[0.46233320459472604, 0.0, 0.1636738797621616, -0.5458710300813618, 0.5244986924826108, 0.7740548788478494, 0.0, 0.0, 0.0, 0.0], [1.0106384686848147, -0.4387360060678747, -0.30936670778354786, 0.0, 0.11894854600798, 0.0, 0.0, 0.0, 0.0, 0.0], [0.14348198689831657, -0.9130331797152794, 0.7627751564553691, 0.04597783012214115, -0.12280728669853251, 0.24929232348104408, 0.0, 0.0, 0.0, 0.0], [-0.36358174112928565, 0.0, 1.4609928702650037, -0.7418148339442278, 0.2678838255094997, 0.08397105612456021, 0.0, 0.0, 0.0, 0.0], [1.116670088172069, 0.24184792080160286, 0.19681216579439786, -0.2714358501525689, 0.5561585806884182, -0.021328642809151876, 0.0, 0.0, 0.0, 0.0], [0.0, -0.131208547956485, 1.0052560310091196, -0.8147256479768462, 0.08909127679983665, 0.4215949511515888, 0.0, 0.0, 0.0, 0.0], [0.0, 0.0, 0.0, 0.0, 0.0, 0.5244883126374374, 0.021491559432914472, -0.05821891148391426, -0.20837445759818649, 0.0], [0.0, 0.0, 0.0, 0.0, 0.0, 0.0, 0.0, 0.5265431447388677, 0.291434210684491, 0.0], [0.0, 0.0, 0.0, 0.0, 0.0, 0.2949772917463691, 0.24812333707613496, 0.41560180875742486, -0.03536193685319299, 0.0], [0.0, 0.0, 0.0, 0.0, 0.0, 0.0, 0.0, 0.0, 0.5190014174867004, 0.6143632721483961]]),
     np.array([6.940945059676041, 2.987699084575999, 2.257330784520122, 4.340046302815465, 5.374811571562909, 1.5281152623287693, 2.1586335857179413, 1.6711391410576446, 1.346929949100561, 3.0831952833544483]),
     np.array([[0.46233320459472604, 0.0, 0.1636738797621616, -0.5458710300813618, 0.5244986924826108, 0.7740548788478494, 0.0, 0.0, 0.0, 0.0], [0.0, -0.4387360060678747, 0.0, 0.0, 0.0, 0.0, 0.0, 0.0, 0.0, 0.0], [0.14348198689831657, -0.9130331797152794, 0.7627751564553691, 0.04597783012214115, -0.12280728669853251, 0.24929232348104408, 0.0, 0.0, 0.0, 0.0], [0.0, 0.0, 0.0, -0.5006623728191557, 0.0, 0.0, 0.0, 0.0, 0.0, 0.0], [1.116670088172069, 0.24184792080160286, 0.19681216579439786, -0.2714358501525689, 0.5561585806884182, -0.021328642809151876, 0.0, 0.0, 0.0, 0.0], [0.0, -0.131208547956485, 1.0052560310091196, -1.3395563789059117, 0.08909127679983665, 0.4215949511515888, 0.0, 0.0, 0.0, 0.0], [0.0, 0.0, 0.0, 0.0, 0.0, 0.5244883126374374, 0.021491559432914472, -0.05821891148391426, -0.20837445759818649, 0.0], [0.0, 0.0, 0.0, 0.0, 0.0, 0.0, 0.0, 0.5265431447388677, 0.291434210684491, 0.0], [0.0, 0.0, 0.0, 0.0, 0.0, 0.0, 0.0, 0.0, -0.03536193685319299, 0.0], [0.0, 0.0, 0.0, 0.0, 0.0, 0.0, 0.0, 0.0, 0.5190014174867004, 0.6143632721483961]])),
    (np.array([0.9414358617354925, 1.3356982874834442, 1.169145330689566, 0.8079439547839156, 0.4002916539302982, 0.329568982437287, 1.0797868662662902, 0.9325406187608465, 0.19509943407371655, 1.3747152618453942]),
     np.array([[0.32796590264143816, 0.0, 0.28354099383856946, -0.5963804938935532, 0.45014301689204933, 0.1588587622777964, 0.0, 0.0, 0.0, 0.0], [1.4089871408846963, -0.6533094442540602, -0.44584702299068063, 0.0, 0.009143778752515335, 0.0, 0.0, 0.0, 0.0, 0.0], [0.16380055560289153, -0.8758735398935374, 0.6379057024595668, 0.008638723029973443, -0.010524848859072294, 0.3292783118778903, 0.0, 0.0, 0.0, 0.0], [-0.3966016732615029, 0.0, 1.250646044809857, -0.7667037637794134, 0.2340437725661535, 0.07925206625821006, 0.0, 0.0, 0.0, 0.0], [1.309122546877071, 0.3159270667527267, 0.09727598430886994, -0.19222254825184829, 0.7466592224567855, 0.21913713662667303, 0.0, 0.0, 0.0, 0.0], [0.0, -0.13480363332043419, 1.0248936716421297, -0.8433041181340631, 0.12975414433267826, 0.053422269747777994, 0.0, 0.0, 0.0, 0.0], [0.0, 0.0, 0.0, 0.0, 0.0, 0.47842899602209926, -0.06352553725850021, -0.11042553538431345, -0.18192994142110083, 0.0], [0.0, 0.0, 0.0, 0.0, 0.0, 0.0, 0.0, 0.4613392744134518, 0.5753010426009251, 0.0], [0.0, 0.0, 0.0, 0.0, 0.0, 0.19116767460592513, 0.2511805067773871, 0.4830963518615069, 0.027401242130203184, 0.0], [0.0, 0.0, 0.0, 0.0, 0.0, 0.0, 0.0, 0.0, 0.37337391836913814, 0.5106245065203571]]),
     np.array([4.901477419743702, 5.341821855352249, 2.2549770783701355, 3.7466406871756424, 5.876278917951752, 1.4441619621403645, 2.4220225353048064, 1.7958343744953413, 1.1229768041513974, 1.8718645984266171]),
     np.array([[0.32796590264143816, 0.0, 0.28354099383856946, -0.5963804938935532, 0.45014301689204933, 0.1588587622777964, 0.0, 0.0, 0.0, 0.0], [0.0, -0.6533094442540602, 0.0, 0.0, 0.0, 0.0, 0.0, 0.0, 0.0, 0.0], [0.16380055560289153, -0.8758735398935374, 0.6379057024595668, 0.008638723029973443, -0.010524848859072294, 0.3292783118778903, 0.0, 0.0, 0.0, 0.0], [0.0, 0.0, 0.0, -0.2484576880359813, 0.0, 0.0, 0.0, 0.0, 0.0, 0.0], [1.309122546877071, 0.3159270667527267, 0.09727598430886994, -0.19222254825184829, 0.7466592224567855, 0.21913713662667303, 0.0, 0.0, 0.0, 0.0], [0.0, -0.13480363332043419, 1.0248936716421297, -0.5361175340739692, 0.12975414433267826, 0.053422269747777994, 0.0, 0.0, 0.0, 0.0], [0.0, 0.0, 0.0, 0.0, 0.0, 0.47842899602209926, -0.06352553725850021, -0.11042553538431345, -0.18192994142110083, 0.0], [0.0, 0.0, 0.0, 0.0, 0.0, 0.0, 0.0, 0.4613392744134518, 0.5753010426009251, 0.0], [0.0, 0.0, 0.0, 0.0, 0.0, 0.0, 0.0, 0.0, 0.027401242130203184, 0.0], [0.0, 0.0, 0.0, 0.0, 0.0, 0.0, 0.0, 0.0, 0.37337391836913814, 0.5106245065203571]])),
    (np.array([0.9584105913206267, 1.2738480772174297, 1.0944962800044824, 0.7992286733408336, 0.48019087581841363, 0.3017043571490197, 1.1153182933597259, 1.0142704987400877, 0.257376221029343, 1.6694940185877565]),
     np.array([[0.3875101995193115, 0.0, 0.29794997888197655, -0.6274769740025342, 0.5138163608978451, 0.5347193931537381, 0.0, 0.0, 0.0, 0.0], [0.7349641909071808, -0.28647675429652864, -0.15349512634083776, 0.0, 0.2979433484741434, 0.0, 0.0, 0.0, 0.0, 0.0], [0.2260132803833007, -0.8608143789624002, 0.8042060748645721, 0.12442046622502194, 0.013036452999035228, 0.3533077384132148, 0.0, 0.0, 0.0, 0.0], [-0.42750390252343984, 0.0, 1.4070159374719413, -0.8643860556629728, 0.13457005647717382, 0.09828276073104782, 0.0, 0.0, 0.0, 0.0], [1.1666106603270028, 0.2596431715831892, 0.1698363097792735, -0.30111112558893827, 0.9823853785492984, -0.05786915307374216, 0.0, 0.0, 0.0, 0.0], [0.0, -0.12878093159849938, 0.9523909912959139, -0.6793874507189986, 0.08477886665336759, 0.3408600830819364, 0.0, 0.0, 0.0, 0.0], [0.0, 0.0, 0.0, 0.0, 0.0, 0.5179416025447374, -0.09156489680571163, -0.2527439629716178, -0.018945155111992483, 0.0], [0.0, 0.0, 0.0, 0.0, 0.0, 0.0, 0.0, 0.550889371174361, 0.5500012347661869, 0.0], [0.0, 0.0, 0.0, 0.0, 0.0, 0.3231603475593047, 0.2424492846870857, 0.45091164053745475, -0.012713712346519183, 0.0], [0.0, 0.0, 0.0, 0.0, 0.0, 0.0, 0.0, 0.0, 0.48146648543858106, 0.5937258190025485]]),
     np.array([4.276004481230443, 1.8247026757801972, 2.063179922199282, 4.027162873824104, 7.072080716598862, 1.5835726238075012, 2.580574261339745, 2.0416688799577423, 1.2246692550574465, 3.109954774969535]),
     np.array([[0.3875101995193115, 0.0, 0.29794997888197655, -0.6274769740025342, 0.5138163608978451, 0.5347193931537381, 0.0, 0.0, 0.0, 0.0], [0.0, -0.28647675429652864, 0.0, 0.0, 0.0, 0.0, 0.0, 0.0, 0.0, 0.0], [0.2260132803833007, -0.8608143789624002, 0.8042060748645721, 0.12442046622502194, 0.013036452999035228, 0.3533077384132148, 0.0, 0.0, 0.0, 0.0], [0.0, 0.0, 0.0, -0.3678039620937418, 0.0, 0.0, 0.0, 0.0, 0.0, 0.0], [1.1666106603270028, 0.2596431715831892, 0.1698363097792735, -0.30111112558893827, 0.9823853785492984, -0.05786915307374216, 0.0, 0.0, 0.0, 0.0], [0.0, -0.12878093159849938, 0.9523909912959139, -0.8974100952322688, 0.08477886665336759, 0.3408600830819364, 0.0, 0.0, 0.0, 0.0], [0.0, 0.0, 0.0, 0.0, 0.0, 0.5179416025447374, -0.09156489680571163, -0.2527439629716178, -0.018945155111992483, 0.0], [0.0, 0.0, 0.0, 0.0, 0.0, 0.0, 0.0, 0.550889371174361, 0.5500012347661869, 0.0], [0.0, 0.0, 0.0, 0.0, 0.0, 0.0, 0.0, 0.0, -0.012713712346519183, 0.0], [0.0, 0.0, 0.0, 0.0, 0.0, 0.0, 0.0, 0.0, 0.48146648543858106, 0.5937258190025485]])),
    (np.array([1.0197803958457052, 1.188686639362291, 1.2635730418137534, 0.8324127870628093, 0.4263108401768984, 0.3172464451332572, 1.1345992010054975, 1.0846605433670915, 0.3038506656781138, 1.3278579554066783]),
     np.array([[0.504765598925583, 0.0, 0.18346124898441205, -0.8323972012502695, 0.66556680152127, 0.8085476146940002, 0.0, 0.0, 0.0, 0.0], [1.0731078368804112, -0.27577196003589743, -0.1458125481131992, 0.0, 0.03373882786843795, 0.0, 0.0, 0.0, 0.0, 0.0], [0.17797410351342727, -0.8869525273025155, 0.6038465428240927, 0.034599969441454645, -0.12544274545988812, 0.33291489679484754, 0.0, 0.0, 0.0, 0.0], [-0.4874413133415854, 0.0, 1.2493867557960863, -0.7840962906110565, 0.13926105447405557, 0.3256902386477437, 0.0, 0.0, 0.0, 0.0], [1.0990765777511848, 0.20489129583520124, 0.10978615610232983, -0.21562983310370692, 0.46383764551337164, 0.11650457569442635, 0.0, 0.0, 0.0, 0.0], [0.0, -0.14960024817539336, 1.0913771373711771, -0.8377890627906349, 0.09975966975588973, 0.272664317205302, 0.0, 0.0, 0.0, 0.0], [0.0, 0.0, 0.0, 0.0, 0.0, 0.5167760226784623, -0.2843264155705926, -0.2542093935677231, -0.0773844624619986, 0.0], [0.0, 0.0, 0.0, 0.0, 0.0, 0.0, 0.0, 0.5643653339910052, 0.7005479598806058, 0.0], [0.0, 0.0, 0.0, 0.0, 0.0, 0.42490137071985534, 0.26913215242170835, 0.6277411558796507, -0.054001995670934166, 0.0], [0.0, 0.0, 0.0, 0.0, 0.0, 0.0, 0.0, 0.0, 0.6065647825424745, 0.7594764998922229]]),
     np.array([5.356978189344294, 2.769689785733134, 2.0769605066664605, 3.85035125346043, 4.412286949763714, 1.4556074860500772, 2.783574279296678, 2.7969667699316134, 2.218550910006009, 2.4104977814851893]),
     np.array([[0.504765598925583, 0.0, 0.18346124898441205, -0.8323972012502695, 0.66556680152127, 0.8085476146940002, 0.0, 0.0, 0.0, 0.0], [0.0, -0.27577196003589743, 0.0, 0.0, 0.0, 0.0, 0.0, 0.0, 0.0, 0.0], [0.17797410351342727, -0.8869525273025155, 0.6038465428240927, 0.034599969441454645, -0.12544274545988812, 0.33291489679484754, 0.0, 0.0, 0.0, 0.0], [0.0, 0.0, 0.0, -0.7228222402983773, 0.0, 0.0, 0.0, 0.0, 0.0, 0.0], [1.0990765777511848, 0.20489129583520124, 0.10978615610232983, -0.21562983310370692, 0.46383764551337164, 0.11650457569442635, 0.0, 0.0, 0.0, 0.0], [0.0, -0.14960024817539336, 1.0913771373711771, -0.9545873106092724, 0.09975966975588973, 0.272664317205302, 0.0, 0.0, 0.0, 0.0], [0.0, 0.0, 0.0, 0.0, 0.0, 0.5167760226784623, -0.2843264155705926, -0.2542093935677231, -0.0773844624619986, 0.0], [0.0, 0.0, 0.0, 0.0, 0.0, 0.0, 0.0, 0.5643653339910052, 0.7005479598806058, 0.0], [0.0, 0.0, 0.0, 0.0, 0.0, 0.0, 0.0, 0.0, -0.054001995670934166, 0.0], [0.0, 0.0, 0.0, 0.0, 0.0, 0.0, 0.0, 0.0, 0.6065647825424745, 0.7594764998922229]])),
    (np.array([0.9740969613847661, 1.2837283187116928, 1.1238062597984242, 0.8092189924994587, 0.4250923522746505, 0.41797752630807805, 1.0612413594681895, 0.898484513257879, 0.24043667657501636, 1.4355868154626783]),
     np.array([[0.6541796351686248, 0.0, 0.3655461458218588, -0.8732090422214064, 0.593331668155437, 0.5040212249158462, 0.0, 0.0, 0.0, 0.0], [1.039034918560631, -0.37172196187679557, -0.06834078454964204, 0.0, 0.2410913715129941, 0.0, 0.0, 0.0, 0.0, 0.0], [0.21131645845863561, -0.9472614170593818, 0.7095632805193062, 0.1782526222493797, -0.04466046434395862, 0.38443443038364644, 0.0, 0.0, 0.0, 0.0], [-0.39325529986928454, 0.0, 1.2083596085048938, -0.8969442195867348, 0.2982368327353286, -0.014435653636648005, 0.0, 0.0, 0.0, 0.0], [1.1610049912938716, 0.22368755809293162, 0.08256751702037415, -0.27300295509551686, 0.6989375122611684, 0.030905381223274946, 0.0, 0.0, 0.0, 0.0], [0.0, -0.1329905333373404, 0.9973447725342698, -0.7735778824696214, 0.04425081175927876, 0.10521569764522633, 0.0, 0.0, 0.0, 0.0], [0.0, 0.0, 0.0, 0.0, 0.0, 0.5466895740778877, -0.10468379843581695, -0.21308823370873686, -0.07789642251991444, 0.0], [0.0, 0.0, 0.0, 0.0, 0.0, 0.0, 0.0, 0.42359593537589424, 0.5327658155837064, 0.0], [0.0, 0.0, 0.0, 0.0, 0.0, 0.2291403358003812, 0.3203808008600502, 0.4195042343949859, -0.04591295489086262, 0.0], [0.0, 0.0, 0.0, 0.0, 0.0, 0.0, 0.0, 0.0, 0.46404384686479866, 0.7341190622093136]]),
     np.array([5.582725920412685, 3.9990114045614744, 2.2921657646642397, 3.330398053953414, 5.162132016574462, 1.2829649104648047, 3.472826910228325, 1.7449734412620879, 1.298945323113705, 2.6398712599074594]),
     np.array([[0.6541796351686248, 0.0, 0.3655461458218588, -0.8732090422214064, 0.593331668155437, 0.5040212249158462, 0.0, 0.0, 0.0, 0.0], [0.0, -0.37172196187679557, 0.0, 0.0, 0.0, 0.0, 0.0, 0.0, 0.0, 0.0], [0.21131645845863561, -0.9472614170593818, 0.7095632805193062, 0.1782526222493797, -0.04466046434395862, 0.38443443038364644, 0.0, 0.0, 0.0, 0.0], [0.0, 0.0, 0.0, 0.13664572624029317, 0.0, 0.0, 0.0, 0.0, 0.0, 0.0], [1.1610049912938716, 0.22368755809293162, 0.08256751702037415, -0.27300295509551686, 0.6989375122611684, 0.030905381223274946, 0.0, 0.0, 0.0, 0.0], [0.0, -0.1329905333373404, 0.9973447725342698, -0.8847479861160509, 0.04425081175927876, 0.10521569764522633, 0.0, 0.0, 0.0, 0.0], [0.0, 0.0, 0.0, 0.0, 0.0, 0.5466895740778877, -0.10468379843581695, -0.21308823370873686, -0.07789642251991444, 0.0], [0.0, 0.0, 0.0, 0.0, 0.0, 0.0, 0.0, 0.42359593537589424, 0.5327658155837064, 0.0], [0.0, 0.0, 0.0, 0.0, 0.0, 0.0, 0.0, 0.0, -0.04591295489086262, 0.0], [0.0, 0.0, 0.0, 0.0, 0.0, 0.0, 0.0, 0.0, 0.46404384686479866, 0.7341190622093136]])),
    (np.array([0.9565517792692242, 1.2924348265899448, 1.1270200284324425, 0.7668511970953847, 0.5144127624181595, 0.24220478031406584, 1.064031562741098, 1.0682884352222854, 0.2807805457134395, 1.5175854376871538]),
     np.array([[0.6502615975481567, 0.0, 0.31919371307336725, -0.8206903107108912, 0.5277401475454858, 0.5742324418415543, 0.0, 0.0, 0.0, 0.0], [0.8408159341412631, -0.2691560341049759, -0.22295158504769036, 0.0, 0.09077884981489964, 0.0, 0.0, 0.0, 0.0, 0.0], [0.257652978077446, -1.0073047259698924, 0.7157138121632703, 0.2273139206613051, -0.10343702515573049, 0.38597787418472346, 0.0, 0.0, 0.0, 0.0], [-0.31319624192887474, 0.0, 1.1569255774361447, -0.7578009778015323, 0.19836095098952203, 0.18404204756682527, 0.0, 0.0, 0.0, 0.0], [1.2649086603220294, 0.27970951169054287, 0.011425419727035148, -0.31754222266939464, 0.78013995763008, 0.1317176991377895, 0.0, 0.0, 0.0, 0.0], [0.0, -0.0430765427937892, 0.9507663933641688, -0.8346797672283798, 0.1458669964028506, 0.27469671431970544, 0.0, 0.0, 0.0, 0.0], [0.0, 0.0, 0.0, 0.0, 0.0, 0.6770459010845549, -0.08220694249875872, -0.2305283436704072, -0.2354258771592488, 0.0], [0.0, 0.0, 0.0, 0.0, 0.0, 0.0, 0.0, 0.40723762228445887, 0.5451724620178292, 0.0], [0.0, 0.0, 0.0, 0.0, 0.0, 0.24728159569123823, 0.19277273992236138, 0.48229292501309423, -0.04527590689023816, 0.0], [0.0, 0.0, 0.0, 0.0, 0.0, 0.0, 0.0, 0.0, 0.19566834443273456, 0.6069582152096771]]),
     np.array([6.191759189457826, 2.4901948546407446, 2.509509692968828, 3.637832689172768, 6.929608656930622, 1.427943584308337, 2.812353433541785, 1.8834295350877606, 1.3739754508320479, 2.206196422260114]),
     np.array([[0.6502615975481567, 0.0, 0.31919371307336725, -0.8206903107108912, 0.5277401475454858, 0.5742324418415543, 0.0, 0.0, 0.0, 0.0], [0.0, -0.2691560341049759, 0.0, 0.0, 0.0, 0.0, 0.0, 0.0, 0.0, 0.0], [0.257652978077446, -1.0073047259698924, 0.7157138121632703, 0.2273139206613051, -0.10343702515573049, 0.38597787418472346, 0.0, 0.0, 0.0, 0.0], [0.0, 0.0, 0.0, -0.11405176651283064, 0.0, 0.0, 0.0, 0.0, 0.0, 0.0], [1.2649086603220294, 0.27970951169054287, 0.011425419727035148, -0.31754222266939464, 0.78013995763008, 0.1317176991377895, 0.0, 0.0, 0.0, 0.0], [0.0, -0.0430765427937892, 0.9507663933641688, -0.9745148265302485, 0.1458669964028506, 0.27469671431970544, 0.0, 0.0, 0.0, 0.0], [0.0, 0.0, 0.0, 0.0, 0.0, 0.6770459010845549, -0.08220694249875872, -0.2305283436704072, -0.2354258771592488, 0.0], [0.0, 0.0, 0.0, 0.0, 0.0, 0.0, 0.0, 0.40723762228445887, 0.5451724620178292, 0.0], [0.0, 0.0, 0.0, 0.0, 0.0, 0.0, 0.0, 0.0, -0.04527590689023816, 0.0], [0.0, 0.0, 0.0, 0.0, 0.0, 0.0, 0.0, 0.0, 0.19566834443273456, 0.6069582152096771]])),
    (np.array([0.9665984538275542, 1.2744444285002814, 1.3070107501419512, 0.8521381817505143, 0.36519774383631176, 0.3801602899944081, 1.0711525842653113, 0.9474077886427617, 0.2079185082448192, 1.5894237578175623]),
     np.array([[0.34046532465714036, 0.0, 0.24286949892967422, -0.8598238777307565, 0.5169194598726661, 0.569132710227634, 0.0, 0.0, 0.0, 0.0], [1.0032432110449594, -0.3480683871034616, -0.23322527851202784, 0.0, 0.2413980453691536, 0.0, 0.0, 0.0, 0.0, 0.0], [0.1275243477918409, -0.8772629925662594, 0.7547648620375473, -0.0951689518713068, -0.1296158257565567, 0.22379266549849686, 0.0, 0.0, 0.0, 0.0], [-0.37792995807073004, 0.0, 1.1542507793468288, -0.7170433467135148, 0.12449778117107083, 0.11429014004184408, 0.0, 0.0, 0.0, 0.0], [0.9323984628981512, 0.26832716703087195, 0.1775450862016491, -0.20432873759773856, 0.4951131410544464, 0.12993216916405725, 0.0, 0.0, 0.0, 0.0], [0.0, -0.15892531115653769, 1.07457740027376, -0.9016132249560329, 0.08283872835976425, 0.14096496997577293, 0.0, 0.0, 0.0, 0.0], [0.0, 0.0, 0.0, 0.0, 0.0, 0.48505992652212077, -0.039510806633132695, -0.13285205600745012, -0.18076901453007282, 0.0], [0.0, 0.0, 0.0, 0.0, 0.0, 0.0, 0.0, 0.6280140989424776, 0.5233772063562762, 0.0], [0.0, 0.0, 0.0, 0.0, 0.0, 0.2504224616976582, 0.36478002565604983, 0.43721942850780177, 0.008799038358869922, 0.0], [0.0, 0.0, 0.0, 0.0, 0.0, 0.0, 0.0, 0.0, 0.23423313424861145, 0.6503056613141539]]),
     np.array([4.82394428738346, 3.0110117194272257, 2.052494531810047, 3.2874213847019025, 4.164629418901936, 1.3925105137822933, 1.9894361507323368, 2.1762758138586005, 1.3880381437723808, 2.8176809085406966]),
     np.array([[0.34046532465714036, 0.0, 0.24286949892967422, -0.8598238777307565, 0.5169194598726661, 0.569132710227634, 0.0, 0.0, 0.0, 0.0], [0.0, -0.3480683871034616, 0.0, 0.0, 0.0, 0.0, 0.0, 0.0, 0.0, 0.0], [0.1275243477918409, -0.8772629925662594, 0.7547648620375473, -0.0951689518713068, -0.1296158257565567, 0.22379266549849686, 0.0, 0.0, 0.0, 0.0], [0.0, 0.0, 0.0, -0.4522647313737046, 0.0, 0.0, 0.0, 0.0, 0.0, 0.0], [0.9323984628981512, 0.26832716703087195, 0.1775450862016491, -0.20432873759773856, 0.4951131410544464, 0.12993216916405725, 0.0, 0.0, 0.0, 0.0], [0.0, -0.15892531115653769, 1.07457740027376, -0.8485812177369968, 0.08283872835976425, 0.14096496997577293, 0.0, 0.0, 0.0, 0.0], [0.0, 0.0, 0.0, 0.0, 0.0, 0.48505992652212077, -0.039510806633132695, -0.13285205600745012, -0.18076901453007282, 0.0], [0.0, 0.0, 0.0, 0.0, 0.0, 0.0, 0.0, 0.6280140989424776, 0.5233772063562762, 0.0], [0.0, 0.0, 0.0, 0.0, 0.0, 0.0, 0.0, 0.0, 0.008799038358869922, 0.0], [0.0, 0.0, 0.0, 0.0, 0.0, 0.0, 0.0, 0.0, 0.23423313424861145, 0.6503056613141539]])),
    (np.array([1.0309429409696482, 1.2273289755765113, 1.2149231531220581, 0.8302968318907188, 0.4057352543377053, 0.2767925727129088, 1.1280851420359654, 0.9063388839903866, 0.2149713402850609, 1.4712292401410696]),
     np.array([[0.38455494071725677, 0.0, 0.3399025925110988, -0.9616041541722875, 0.46583887036875055, 0.6625783934207085, 0.0, 0.0, 0.0, 0.0], [1.0019337232851275, -0.26071446894292516, -0.13948583833967618, 0.0, 0.3981797655711084, 0.0, 0.0, 0.0, 0.0, 0.0], [0.18954520750494333, -0.8767619622190095, 0.7171935212314513, 0.14725293913018303, -0.21601597263377892, 0.24556608082645348, 0.0, 0.0, 0.0, 0.0], [-0.40175790471018696, 0.0, 1.130247156341593, -0.9036768818408281, 0.1319490335188519, 0.2598315438020854, 0.0, 0.0, 0.0, 0.0], [1.2017442352082774, 0.28433947843911284, 0.0505470221831852, -0.21238212633273185, 0.7488438122107026, 0.36095158916639314, 0.0, 0.0, 0.0, 0.0], [0.0, -0.11438915100148046, 1.1247125371291424, -0.8629907691933572, 0.10394023429707147, 0.3328312088171048, 0.0, 0.0, 0.0, 0.0], [0.0, 0.0, 0.0, 0.0, 0.0, 0.38269461295458873, -0.1134231011106123, -0.17216595457077474, -0.1309347518217661, 0.0], [0.0, 0.0, 0.0, 0.0, 0.0, 0.0, 0.0, 0.45176098573429496, 0.3792884827180631, 0.0], [0.0, 0.0, 0.0, 0.0, 0.0, 0.2618697152417678, 0.3406159319999703, 0.5291121814485462, -0.011742235004474414, 0.0], [0.0, 0.0, 0.0, 0.0, 0.0, 0.0, 0.0, 0.0, 0.4056136055436688, 0.5036785424479227]]),
     np.array([4.0826177052671175, 3.3811493089187086, 2.086243805510003, 3.37929243390621, 6.170983562241648, 1.6534171654095473, 1.8121417768113186, 1.475859987688755, 1.9375117702615674, 2.0309945815191712]),
     np.array([[0.38455494071725677, 0.0, 0.3399025925110988, -0.9616041541722875, 0.46583887036875055, 0.6625783934207085, 0.0, 0.0, 0.0, 0.0], [0.0, -0.26071446894292516, 0.0, 0.0, 0.0, 0.0, 0.0, 0.0, 0.0, 0.0], [0.18954520750494333, -0.8767619622190095, 0.7171935212314513, 0.14725293913018303, -0.21601597263377892, 0.24556608082645348, 0.0, 0.0, 0.0, 0.0], [0.0, 0.0, 0.0, 0.1393176916927893, 0.0, 0.0, 0.0, 0.0, 0.0, 0.0], [1.2017442352082774, 0.28433947843911284, 0.0505470221831852, -0.21238212633273185, 0.7488438122107026, 0.36095158916639314, 0.0, 0.0, 0.0, 0.0], [0.0, -0.11438915100148046, 1.1247125371291424, -0.8545281775844085, 0.10394023429707147, 0.3328312088171048, 0.0, 0.0, 0.0, 0.0], [0.0, 0.0, 0.0, 0.0, 0.0, 0.38269461295458873, -0.1134231011106123, -0.17216595457077474, -0.1309347518217661, 0.0], [0.0, 0.0, 0.0, 0.0, 0.0, 0.0, 0.0, 0.45176098573429496, 0.3792884827180631, 0.0], [0.0, 0.0, 0.0, 0.0, 0.0, 0.0, 0.0, 0.0, -0.011742235004474414, 0.0], [0.0, 0.0, 0.0, 0.0, 0.0, 0.0, 0.0, 0.0, 0.4056136055436688, 0.5036785424479227]])),
    (np.array([0.9752202082700626, 1.1235690268110978, 1.3099862367032513, 0.7757748645137194, 0.3545102230691483, 0.3331720964346924, 1.147877589593172, 1.055523314585732, 0.20886590344755537, 1.4030988543536584]),
     np.array([[0.4781821473942133, 0.0, 0.24899455058247916, -0.8773878519147615, 0.5033793526752667, 0.8015918210854128, 0.0, 0.0, 0.0, 0.0], [1.3925136167799284, -0.43435030822035736, -0.24414707180950734, 0.0, 0.4554238222627575, 0.0, 0.0, 0.0, 0.0, 0.0], [0.179795698281243, -0.9061753595590417, 0.6495474112888746, -0.1015794126426977, -0.13017414960963508, 0.37847310039658993, 0.0, 0.0, 0.0, 0.0], [-0.3429860954421155, 0.0, 0.8975396184683351, -0.8118664938109669, 0.275178221815692, 0.17676017404271052, 0.0, 0.0, 0.0, 0.0], [1.1512352641585115, 0.29669060803649455, -0.029983248557760456, 0.029732732828733534, 0.746038535732801, 0.1661279421045441, 0.0, 0.0, 0.0, 0.0], [0.0, -0.15904976478150273, 1.0438236377438848, -0.7933918519069219, 0.11865056926218086, 0.15974018461470413, 0.0, 0.0, 0.0, 0.0], [0.0, 0.0, 0.0, 0.0, 0.0, 0.6513119629360931, -0.09133471768022221, -0.2593815106847461, -0.328021895172388, 0.0], [0.0, 0.0, 0.0, 0.0, 0.0, 0.0, 0.0, 0.5488251416789498, 0.6480564764941354, 0.0], [0.0, 0.0, 0.0, 0.0, 0.0, 0.35643562700083353, 0.22757145927834233, 0.4091220124025271, 0.015207556927617015, 0.0], [0.0, 0.0, 0.0, 0.0, 0.0, 0.0, 0.0, 0.0, 0.6897881071942354, 0.7517825859452405]]),
     np.array([6.505770807485231, 4.968614934103607, 2.029650080512631, 3.27491469191885, 5.020186090748338, 1.1447787080324952, 3.509245136744751, 2.503704091625258, 1.1173201696626136, 2.5966740253045244]),
     np.array([[0.4781821473942133, 0.0, 0.24899455058247916, -0.8773878519147615, 0.5033793526752667, 0.8015918210854128, 0.0, 0.0, 0.0, 0.0], [0.0, -0.43435030822035736, 0.0, 0.0, 0.0, 0.0, 0.0, 0.0, 0.0, 0.0], [0.179795698281243, -0.9061753595590417, 0.6495474112888746, -0.1015794126426977, -0.13017414960963508, 0.37847310039658993, 0.0, 0.0, 0.0, 0.0], [0.0, 0.0, 0.0, -0.004569751438320647, 0.0, 0.0, 0.0, 0.0, 0.0, 0.0], [1.1512352641585115, 0.29669060803649455, -0.029983248557760456, 0.029732732828733534, 0.746038535732801, 0.1661279421045441, 0.0, 0.0, 0.0, 0.0], [0.0, -0.15904976478150273, 1.0438236377438848, -1.1631069991115504, 0.11865056926218086, 0.15974018461470413, 0.0, 0.0, 0.0, 0.0], [0.0, 0.0, 0.0, 0.0, 0.0, 0.6513119629360931, -0.09133471768022221, -0.2593815106847461, -0.328021895172388, 0.0], [0.0, 0.0, 0.0, 0.0, 0.0, 0.0, 0.0, 0.5488251416789498, 0.6480564764941354, 0.0], [0.0, 0.0, 0.0, 0.0, 0.0, 0.0, 0.0, 0.0, 0.015207556927617015, 0.0], [0.0, 0.0, 0.0, 0.0, 0.0, 0.0, 0.0, 0.0, 0.6897881071942354, 0.7517825859452405]])),
    (np.array([1.0002654999233578, 1.1787536046983054, 1.0907770542292068, 0.7927588760181029, 0.4024035383268518, 0.34509710662405113, 1.1296271126682855, 0.7504512173446414, 0.3797658100307764, 1.3793338190287798]),
     np.array([[0.932669500814423, 0.0, 0.29347829663469827, -1.0180747339834098, 0.5126550254451663, 0.972862980683931, 0.0, 0.0, 0.0, 0.0], [1.0143782556610135, -0.4394755636251399, -0.014325374195783749, 0.0, 0.5324308428855443, 0.0, 0.0, 0.0, 0.0, 0.0], [0.23874594803398444, -0.8741269723193559, 0.6429872497029676, 0.08725499485537322, -0.022510115682590665, 0.3610770481995764, 0.0, 0.0, 0.0, 0.0], [-0.41381300412672783, 0.0, 1.5611725247291874, -0.8350542892676357, 0.13500349134794193, 0.09425721745854516, 0.0, 0.0, 0.0, 0.0], [1.0052087229250188, 0.1750279239610272, 0.15357373647794398, -0.32459991006121663, 0.6129134931309298, 0.08408801343743683, 0.0, 0.0, 0.0, 0.0], [0.0, -0.10135614438564594, 1.0090122316888372, -0.87121514225563, 0.12312575144206717, 0.16627344341280825, 0.0, 0.0, 0.0, 0.0], [0.0, 0.0, 0.0, 0.0, 0.0, 0.5918894634061869, -0.16754061989365784, -0.17005192513463332, -0.18512668734504312, 0.0], [0.0, 0.0, 0.0, 0.0, 0.0, 0.0, 0.0, 0.3575426479094719, 0.4221581428312984, 0.0], [0.0, 0.0, 0.0, 0.0, 0.0, 0.36799406120407907, 0.40930532042454176, 0.5073448324134152, -0.1279725790334131, 0.0], [0.0, 0.0, 0.0, 0.0, 0.0, 0.0, 0.0, 0.0, 0.5219040469179065, 0.6449914385051255]]),
     np.array([7.199107092063765, 3.7127584350071783, 2.0602354123449684, 4.379005959049959, 4.794383229920347, 1.3173715242249862, 3.818881006247068, 1.0647428395271497, 2.289103825069534, 2.1752581790395866]),
     np.array([[0.932669500814423, 0.0, 0.29347829663469827, -1.0180747339834098, 0.5126550254451663, 0.972862980683931, 0.0, 0.0, 0.0, 0.0], [0.0, -0.4394755636251399, 0.0, 0.0, 0.0, 0.0, 0.0, 0.0, 0.0, 0.0], [0.23874594803398444, -0.8741269723193559, 0.6429872497029676, 0.08725499485537322, -0.022510115682590665, 0.3610770481995764, 0.0, 0.0, 0.0, 0.0], [0.0, 0.0, 0.0, -0.37494637526434854, 0.0, 0.0, 0.0, 0.0, 0.0, 0.0], [1.0052087229250188, 0.1750279239610272, 0.15357373647794398, -0.32459991006121663, 0.6129134931309298, 0.08408801343743683, 0.0, 0.0, 0.0, 0.0], [0.0, -0.10135614438564594, 1.0090122316888372, -0.9927105596746008, 0.12312575144206717, 0.16627344341280825, 0.0, 0.0, 0.0, 0.0], [0.0, 0.0, 0.0, 0.0, 0.0, 0.5918894634061869, -0.16754061989365784, -0.17005192513463332, -0.18512668734504312, 0.0], [0.0, 0.0, 0.0, 0.0, 0.0, 0.0, 0.0, 0.3575426479094719, 0.4221581428312984, 0.0], [0.0, 0.0, 0.0, 0.0, 0.0, 0.0, 0.0, 0.0, -0.1279725790334131, 0.0], [0.0, 0.0, 0.0, 0.0, 0.0, 0.0, 0.0, 0.0, 0.5219040469179065, 0.6449914385051255]])),
    (np.array([0.9527641150616872, 1.2379746851224116, 1.1711023018779008, 0.8396550116369055, 0.47333182311985533, 0.2817395744709489, 1.0696431462082545, 1.076946425412709, 0.33513069223997416, 1.7963814362776283]),
     np.array([[0.5283491627094412, 0.0, 0.32337570482062233, -0.85072550228692, 0.5418561278815229, 0.4151407025545623, 0.0, 0.0, 0.0, 0.0], [0.9919511802004799, -0.37027303977203213, -0.10670517352509665, 0.0, 0.38860068746352694, 0.0, 0.0, 0.0, 0.0, 0.0], [0.20019171774211061, -0.8738078734653191, 0.7424801990096764, 0.08718243208281987, -0.1029814693744494, 0.3021717429826861, 0.0, 0.0, 0.0, 0.0], [-0.38282487232799034, 0.0, 1.3002287775852979, -0.8164613424659787, 0.10346992899397861, -0.009654014726100401, 0.0, 0.0, 0.0, 0.0], [1.3857097416669868, 0.22873075642599017, 0.029377610387228855, -0.3292498794077987, 0.757475309750478, 0.14711146001384137, 0.0, 0.0, 0.0, 0.0], [0.0, -0.05799267195338728, 0.9973972226404846, -0.7425157767435693, 0.07959913996590597, 0.20349851581438624, 0.0, 0.0, 0.0, 0.0], [0.0, 0.0, 0.0, 0.0, 0.0, 0.42961444928267667, -0.04925662701326475, -0.25729916664382796, 0.0234479402850418, 0.0], [0.0, 0.0, 0.0, 0.0, 0.0, 0.0, 0.0, 0.7182846012042217, 0.7410761447076334, 0.0], [0.0, 0.0, 0.0, 0.0, 0.0, 0.2761540231099874, 0.3920682183704633, 0.561598902478104, -0.10826579459637078, 0.0], [0.0, 0.0, 0.0, 0.0, 0.0, 0.0, 0.0, 0.0, 0.18335034748893517, 0.5267954364621541]]),
     np.array([4.101596124277412, 2.486665647565631, 2.4354949816364533, 3.235919357170224, 7.812263115774019, 1.4864607462461572, 2.513368558855926, 2.89664281219396, 1.7924726922736811, 4.0737971636650006]),
     np.array([[0.5283491627094412, 0.0, 0.32337570482062233, -0.85072550228692, 0.5418561278815229, 0.4151407025545623, 0.0, 0.0, 0.0, 0.0], [0.0, -0.37027303977203213, 0.0, 0.0, 0.0, 0.0, 0.0, 0.0, 0.0, 0.0], [0.20019171774211061, -0.8738078734653191, 0.7424801990096764, 0.08718243208281987, -0.1029814693744494, 0.3021717429826861, 0.0, 0.0, 0.0, 0.0], [0.0, 0.0, 0.0, -0.10280179493326953, 0.0, 0.0, 0.0, 0.0, 0.0, 0.0], [1.3857097416669868, 0.22873075642599017, 0.029377610387228855, -0.3292498794077987, 0.757475309750478, 0.14711146001384137, 0.0, 0.0, 0.0, 0.0], [0.0, -0.05799267195338728, 0.9973972226404846, -0.8642355591309511, 0.07959913996590597, 0.20349851581438624, 0.0, 0.0, 0.0, 0.0], [0.0, 0.0, 0.0, 0.0, 0.0, 0.42961444928267667, -0.04925662701326475, -0.25729916664382796, 0.0234479402850418, 0.0], [0.0, 0.0, 0.0, 0.0, 0.0, 0.0, 0.0, 0.7182846012042217, 0.7410761447076334, 0.0], [0.0, 0.0, 0.0, 0.0, 0.0, 0.0, 0.0, 0.0, -0.10826579459637078, 0.0], [0.0, 0.0, 0.0, 0.0, 0.0, 0.0, 0.0, 0.0, 0.18335034748893517, 0.5267954364621541]])),
    (np.array([1.0439889021330118, 1.44486942612543, 1.3663500767464356, 0.8376984681037283, 0.45573075259244145, 0.30367777031092524, 1.0539294790096239, 1.0354819869360146, 0.31612996137994165, 1.521747743151672]),
     np.array([[0.2924465030139821, 0.0, 0.29211537585582903, -0.9350966656231575, 0.6637284320759453, 0.7894263114795728, 0.0, 0.0, 0.0, 0.0], [1.1828553490829377, -0.586340050897546, -0.23518633715164336, 0.0, -0.05209080721428716, 0.0, 0.0, 0.0, 0.0, 0.0], [0.1523323436699358, -0.9511652040023937, 0.7943816809827019, -0.05674778339629309, -0.19318603710447113, 0.21320249514314799, 0.0, 0.0, 0.0, 0.0], [-0.39141369781730456, 0.0, 1.129378302255466, -0.6752165116963413, 0.2001193488775016, 0.011699512760093612, 0.0, 0.0, 0.0, 0.0], [1.3482579806567325, 0.3012351821270833, -0.1479891103280082, -0.19244347220659047, 0.7851306493005623, 0.09888522795173697, 0.0, 0.0, 0.0, 0.0], [0.0, -0.15992271697258564, 1.0722846211446881, -0.8134890011811068, 0.16533608517260678, 0.2211966114085945, 0.0, 0.0, 0.0, 0.0], [0.0, 0.0, 0.0, 0.0, 0.0, 0.5569877406823751, -0.04947951988906412, -0.255582855081833, -0.16030070992721762, 0.0], [0.0, 0.0, 0.0, 0.0, 0.0, 0.0, 0.0, 0.4207149791519477, 0.6594369195046437, 0.0], [0.0, 0.0, 0.0, 0.0, 0.0, 0.3324067985028196, 0.3253414529690665, 0.5911062953997568, -0.1173093005064023, 0.0], [0.0, 0.0, 0.0, 0.0, 0.0, 0.0, 0.0, 0.0, 0.39197782001841375, 0.4194374159623767]]),
     np.array([7.258122608748909, 2.8275710668263843, 2.0360992061462837, 2.7835393373925905, 5.259096183049485, 1.502212911317346, 3.07206983114898, 2.0669055261697147, 1.5753765655414855, 1.8794487119850602]),
     np.array([[0.2924465030139821, 0.0, 0.29211537585582903, -0.9350966656231575, 0.6637284320759453, 0.7894263114795728, 0.0, 0.0, 0.0, 0.0], [0.0, -0.586340050897546, 0.0, 0.0, 0.0, 0.0, 0.0, 0.0, 0.0, 0.0], [0.1523323436699358, -0.9511652040023937, 0.7943816809827019, -0.05674778339629309, -0.19318603710447113, 0.21320249514314799, 0.0, 0.0, 0.0, 0.0], [0.0, 0.0, 0.0, -0.08540728346501007, 0.0, 0.0, 0.0, 0.0, 0.0, 0.0], [1.3482579806567325, 0.3012351821270833, -0.1479891103280082, -0.19244347220659047, 0.7851306493005623, 0.09888522795173697, 0.0, 0.0, 0.0, 0.0], [0.0, -0.15992271697258564, 1.0722846211446881, -0.7603411741497232, 0.16533608517260678, 0.2211966114085945, 0.0, 0.0, 0.0, 0.0], [0.0, 0.0, 0.0, 0.0, 0.0, 0.5569877406823751, -0.04947951988906412, -0.255582855081833, -0.16030070992721762, 0.0], [0.0, 0.0, 0.0, 0.0, 0.0, 0.0, 0.0, 0.4207149791519477, 0.6594369195046437, 0.0], [0.0, 0.0, 0.0, 0.0, 0.0, 0.0, 0.0, 0.0, -0.1173093005064023, 0.0], [0.0, 0.0, 0.0, 0.0, 0.0, 0.0, 0.0, 0.0, 0.39197782001841375, 0.4194374159623767]])),
    (np.array([0.9874722926597619, 1.3992894964027496, 1.2380532247438394, 0.8202443652970075, 0.36656468264590647, 0.3856788971431957, 1.0785515222389122, 0.9316177057451087, 0.323962937268183, 1.4893200968560154]),
     np.array([[0.9432513864273492, 0.0, 0.17277294967807708, -0.8266246656418198, 0.5870745778437823, 1.215809710443552, 0.0, 0.0, 0.0, 0.0], [0.7785428552967182, -0.3627679138471958, -0.23116634053583413, 0.0, 0.3181906562212303, 0.0, 0.0, 0.0, 0.0, 0.0], [0.16146454293659385, -0.9960441783826811, 0.6718978831648983, 0.14087633943491457, -0.0864263911669525, 0.2552037810767955, 0.0, 0.0, 0.0, 0.0], [-0.4962539359097984, 0.0, 1.188072479402651, -0.917020495846217, 0.27733030105916145, 0.3565492598163345, 0.0, 0.0, 0.0, 0.0], [0.8760175359781434, 0.2461385338567538, 0.10678623147564473, -0.2160965365494744, 0.49362317002580525, 0.19872719612449072, 0.0, 0.0, 0.0, 0.0], [0.0, -0.08465476530395091, 1.0774113455044232, -0.8450408161634496, 0.03597742795849869, 0.1718024438997699, 0.0, 0.0, 0.0, 0.0], [0.0, 0.0, 0.0, 0.0, 0.0, 0.48959754496334035, -0.030424196308880123, -0.210798130642932, 0.06636405338583272, 0.0], [0.0, 0.0, 0.0, 0.0, 0.0, 0.0, 0.0, 0.4634070512537287, 0.6349179389712512, 0.0], [0.0, 0.0, 0.0, 0.0, 0.0, 0.37596667229997544, 0.31818028908675994, 0.5905467536913017, -0.1280322282968311, 0.0], [0.0, 0.0, 0.0, 0.0, 0.0, 0.0, 0.0, 0.0, 0.05313327574542648, 0.5660550120366973]]),
     np.array([10.045009533190363, 2.1757631413849383, 2.406885813532362, 3.7232670735029862, 4.11575262777378, 1.4122543329461645, 2.7762854891615185, 1.9131732712755731, 2.1493706273747817, 1.906025323009208]),
     np.array([[0.9432513864273492, 0.0, 0.17277294967807708, -0.8266246656418198, 0.5870745778437823, 1.215809710443552, 0.0, 0.0, 0.0, 0.0], [0.0, -0.3627679138471958, 0.0, 0.0, 0.0, 0.0, 0.0, 0.0, 0.0, 0.0], [0.16146454293659385, -0.9960441783826811, 0.6718978831648983, 0.14087633943491457, -0.0864263911669525, 0.2552037810767955, 0.0, 0.0, 0.0, 0.0], [0.0, 0.0, 0.0, 0.14418602654980886, 0.0, 0.0, 0.0, 0.0, 0.0, 0.0], [0.8760175359781434, 0.2461385338567538, 0.10678623147564473, -0.2160965365494744, 0.49362317002580525, 0.19872719612449072, 0.0, 0.0, 0.0, 0.0], [0.0, -0.08465476530395091, 1.0774113455044232, -1.0346835286483855, 0.03597742795849869, 0.1718024438997699, 0.0, 0.0, 0.0, 0.0], [0.0, 0.0, 0.0, 0.0, 0.0, 0.48959754496334035, -0.030424196308880123, -0.210798130642932, 0.06636405338583272, 0.0], [0.0, 0.0, 0.0, 0.0, 0.0, 0.0, 0.0, 0.4634070512537287, 0.6349179389712512, 0.0], [0.0, 0.0, 0.0, 0.0, 0.0, 0.0, 0.0, 0.0, -0.1280322282968311, 0.0], [0.0, 0.0, 0.0, 0.0, 0.0, 0.0, 0.0, 0.0, 0.05313327574542648, 0.5660550120366973]])),
    (np.array([0.9771007140583114, 1.355354646114339, 1.2251461512822177, 0.8439544534550016, 0.42450964886114645, 0.19535389528216746, 1.1475025559224055, 0.9818484527027272, 0.2659297999492516, 1.4762709918785628]),
     np.array([[0.6854325152800095, 0.0, 0.14243814212125647, -0.8541753582650131, 0.36633434489099087, 1.1777667241859813, 0.0, 0.0, 0.0, 0.0], [0.9528506922390704, -0.41794046197330975, -0.16449611883609408, 0.0, 0.17236565725851685, 0.0, 0.0, 0.0, 0.0, 0.0], [0.24622798082026784, -0.9653601117746642, 0.6476989406464926, 0.1019103806788965, -0.08747441619739144, 0.3951568616087686, 0.0, 0.0, 0.0, 0.0], [-0.4060678823233057, 0.0, 0.9961833836654527, -0.8361623918179534, 0.2576677759742261, 0.318251075373334, 0.0, 0.0, 0.0, 0.0], [1.1163635341924738, 0.17217965059616674, 0.22762169003664184, -0.27763291082461145, 0.8756641935199274, 0.08644575388800964, 0.0, 0.0, 0.0, 0.0], [0.0, -0.0479745353732366, 1.0391071178563558, -0.7614558697406149, 0.07641038652217197, 0.18826084316238292, 0.0, 0.0, 0.0, 0.0], [0.0, 0.0, 0.0, 0.0, 0.0, 0.8614778738705614, -0.13108624438178598, -0.3798389660811823, -0.27877459325376025, 0.0], [0.0, 0.0, 0.0, 0.0, 0.0, 0.0, 0.0, 0.20234633505299143, 0.2323682455976719, 0.0], [0.0, 0.0, 0.0, 0.0, 0.0, 0.20773426797513173, 0.33395249930759346, 0.521934881823906, -0.07254731072044852, 0.0], [0.0, 0.0, 0.0, 0.0, 0.0, 0.0, 0.0, 0.0, 0.28021576276774157, 0.4913931673800315]]),
     np.array([8.300216466858458, 2.545849486409494, 2.1869589294274037, 3.193394369136209, 5.630157391931273, 1.3984377742317156, 4.286203304563399, 0.9108046460552447, 1.500322064038248, 2.106296170419263]),
     np.array([[0.6854325152800095, 0.0, 0.14243814212125647, -0.8541753582650131, 0.36633434489099087, 1.1777667241859813, 0.0, 0.0, 0.0, 0.0], [0.0, -0.41794046197330975, 0.0, 0.0, 0.0, 0.0, 0.0, 0.0, 0.0, 0.0], [0.24622798082026784, -0.9653601117746642, 0.6476989406464926, 0.1019103806788965, -0.08747441619739144, 0.3951568616087686, 0.0, 0.0, 0.0, 0.0], [0.0, 0.0, 0.0, -0.32236172415721726, 0.0, 0.0, 0.0, 0.0, 0.0, 0.0], [1.1163635341924738, 0.17217965059616674, 0.22762169003664184, -0.27763291082461145, 0.8756641935199274, 0.08644575388800964, 0.0, 0.0, 0.0, 0.0], [0.0, -0.0479745353732366, 1.0391071178563558, -0.8898247248178756, 0.07641038652217197, 0.18826084316238292, 0.0, 0.0, 0.0, 0.0], [0.0, 0.0, 0.0, 0.0, 0.0, 0.8614778738705614, -0.13108624438178598, -0.3798389660811823, -0.27877459325376025, 0.0], [0.0, 0.0, 0.0, 0.0, 0.0, 0.0, 0.0, 0.20234633505299143, 0.2323682455976719, 0.0], [0.0, 0.0, 0.0, 0.0, 0.0, 0.0, 0.0, 0.0, -0.07254731072044852, 0.0], [0.0, 0.0, 0.0, 0.0, 0.0, 0.0, 0.0, 0.0, 0.28021576276774157, 0.4913931673800315]])),
    (np.array([0.9339709886152835, 1.283712017494217, 1.2388030461668746, 0.7163377055100775, 0.4239664625740829, 0.28568124652623406, 1.1395728890594727, 1.055690342743563, 0.33664068878019815, 1.3451780365354844]),
     np.array([[0.5242319605917412, 0.0, 0.2634488708843546, -0.6594373255959183, 0.4664068296872609, 0.7937565959939336, 0.0, 0.0, 0.0, 0.0], [1.4739753892761291, -0.42756984359744443, -0.30447632030190813, 0.0, 0.22405745421243936, 0.0, 0.0, 0.0, 0.0, 0.0], [0.18516129506009563, -0.9345768264148115, 0.6074662426988796, 0.12324421286354337, -0.08921437094237314, 0.3314085244604165, 0.0, 0.0, 0.0, 0.0], [-0.3885817800814861, 0.0, 1.33844198309513, -0.7176012210992585, 0.16234963415112502, 0.247746934222734, 0.0, 0.0, 0.0, 0.0], [1.138696046271214, 0.45915740296438945, 0.12143092901983393, -0.343143652974355, 1.046464386026326, 0.08572910889144829, 0.0, 0.0, 0.0, 0.0], [0.0, -0.12008711313249563, 0.9606271501976701, -0.6881395694341949, 0.13806988855540062, 0.2890616163001196, 0.0, 0.0, 0.0, 0.0], [0.0, 0.0, 0.0, 0.0, 0.0, 0.45124647403691764, -0.03641192997825425, -0.17540302925540338, -0.18345768395277545, 0.0], [0.0, 0.0, 0.0, 0.0, 0.0, 0.0, 0.0, 0.5299350149253224, 0.6198191880883231, 0.0], [0.0, 0.0, 0.0, 0.0, 0.0, 0.40352746474099027, 0.2585903105125596, 0.6466620323833432, -0.16032003351918073, 0.0], [0.0, 0.0, 0.0, 0.0, 0.0, 0.0, 0.0, 0.0, 0.3284881403606765, 0.5242283555138548]]),
     np.array([5.855894807630726, 4.069676954352242, 2.1742382190241853, 3.8782222277510816, 6.4249621089311075, 1.3594074342897575, 2.312620747572837, 2.225520725438406, 2.306198137246237, 1.7818339510835886]),
     np.array([[0.5242319605917412, 0.0, 0.2634488708843546, -0.6594373255959183, 0.4664068296872609, 0.7937565959939336, 0.0, 0.0, 0.0, 0.0], [0.0, -0.42756984359744443, 0.0, 0.0, 0.0, 0.0, 0.0, 0.0, 0.0, 0.0], [0.18516129506009563, -0.9345768264148115, 0.6074662426988796, 0.12324421286354337, -0.08921437094237314, 0.3314085244604165, 0.0, 0.0, 0.0, 0.0], [0.0, 0.0, 0.0, -0.3039654749174747, 0.0, 0.0, 0.0, 0.0, 0.0, 0.0], [1.138696046271214, 0.45915740296438945, 0.12143092901983393, -0.343143652974355, 1.046464386026326, 0.08572910889144829, 0.0, 0.0, 0.0, 0.0], [0.0, -0.12008711313249563, 0.9606271501976701, -1.1049179168733856, 0.13806988855540062, 0.2890616163001196, 0.0, 0.0, 0.0, 0.0], [0.0, 0.0, 0.0, 0.0, 0.0, 0.45124647403691764, -0.03641192997825425, -0.17540302925540338, -0.18345768395277545, 0.0], [0.0, 0.0, 0.0, 0.0, 0.0, 0.0, 0.0, 0.5299350149253224, 0.6198191880883231, 0.0], [0.0, 0.0, 0.0, 0.0, 0.0, 0.0, 0.0, 0.0, -0.16032003351918073, 0.0], [0.0, 0.0, 0.0, 0.0, 0.0, 0.0, 0.0, 0.0, 0.3284881403606765, 0.5242283555138548]])),
    (np.array([1.1323749121834088, 1.3976118146489342, 1.129786603880876, 0.7217314785668489, 0.4421113558867289, 0.23719274734460474, 1.2217937507096834, 1.0896411708398341, 0.32308815201202085, 1.4525102084046888]),
     np.array([[0.25120778626487594, 0.0, 0.044536378069507415, -0.896465040704105, 0.4843352125379134, 0.6869534532836225, 0.0, 0.0, 0.0, 0.0], [1.139576631597567, -0.552911190042853, -0.31836182398643176, 0.0, 0.28639943629851766, 0.0, 0.0, 0.0, 0.0, 0.0], [0.08814534151024017, -0.985385675661424, 0.799148607905312, 0.14335079324541986, -0.04589317334806587, 0.5918766691185423, 0.0, 0.0, 0.0, 0.0], [-0.42666991236348595, 0.0, 1.3177334158987408, -0.741469697419258, 0.2869991465621851, 0.31312390024702086, 0.0, 0.0, 0.0, 0.0], [1.2729130985055441, 0.15093189983911517, 0.14236066738958725, -0.27218186150454043, 0.8503759238528882, 0.16301266818556548, 0.0, 0.0, 0.0, 0.0], [0.0, -0.06511921813810741, 1.06386880750247, -0.9454595265627754, 0.13815203367628193, 0.2237916724118179, 0.0, 0.0, 0.0, 0.0], [0.0, 0.0, 0.0, 0.0, 0.0, 0.3734419667933395, -0.16626389918467288, -0.23382973916993097, -0.14923698235590613, 0.0], [0.0, 0.0, 0.0, 0.0, 0.0, 0.0, 0.0, 0.6089496049995634, 0.5105052010735045, 0.0], [0.0, 0.0, 0.0, 0.0, 0.0, 0.20473710976136505, 0.3344715256984204, 0.4203637305135376, -0.031389105252625074, 0.0], [0.0, 0.0, 0.0, 0.0, 0.0, 0.0, 0.0, 0.0, 0.3865207627951126, 0.5418354645325145]]),
     np.array([5.41691963469501, 4.113196083985712, 2.46912762163549, 4.0847587052797385, 5.958967971351719, 1.4700384557165005, 1.8154477964177513, 2.5748047356242605, 1.3160726607289612, 1.8502426557601084]),
     np.array([[0.25120778626487594, 0.0, 0.044536378069507415, -0.896465040704105, 0.4843352125379134, 0.6869534532836225, 0.0, 0.0, 0.0, 0.0], [0.0, -0.552911190042853, 0.0, 0.0, 0.0, 0.0, 0.0, 0.0, 0.0, 0.0], [0.08814534151024017, -0.985385675661424, 0.799148607905312, 0.14335079324541986, -0.04589317334806587, 0.5918766691185423, 0.0, 0.0, 0.0, 0.0], [0.0, 0.0, 0.0, -0.07165484090490504, 0.0, 0.0, 0.0, 0.0, 0.0, 0.0], [1.2729130985055441, 0.15093189983911517, 0.14236066738958725, -0.27218186150454043, 0.8503759238528882, 0.16301266818556548, 0.0, 0.0, 0.0, 0.0], [0.0, -0.06511921813810741, 1.06386880750247, -0.8728305244436673, 0.13815203367628193, 0.2237916724118179, 0.0, 0.0, 0.0, 0.0], [0.0, 0.0, 0.0, 0.0, 0.0, 0.3734419667933395, -0.16626389918467288, -0.23382973916993097, -0.14923698235590613, 0.0], [0.0, 0.0, 0.0, 0.0, 0.0, 0.0, 0.0, 0.6089496049995634, 0.5105052010735045, 0.0], [0.0, 0.0, 0.0, 0.0, 0.0, 0.0, 0.0, 0.0, -0.031389105252625074, 0.0], [0.0, 0.0, 0.0, 0.0, 0.0, 0.0, 0.0, 0.0, 0.3865207627951126, 0.5418354645325145]])),
    (np.array([1.0988460925180183, 1.1791361077199018, 1.2120157008343198, 0.8496740909568864, 0.3559511795878902, 0.2399953752582362, 0.9752791079803755, 0.9965152385754565, 0.29122183273202795, 1.617099105301722]),
     np.array([[0.1304701328098739, 0.0, 0.21733026786848447, -0.9523990718261427, 0.3044097153284084, 0.6015113131611771, 0.0, 0.0, 0.0, 0.0], [1.2037215538445483, -0.21229043945136486, -0.09529476953724697, 0.0, 0.2451637534720615, 0.0, 0.0, 0.0, 0.0, 0.0], [0.15521071343557505, -0.8641795256951378, 0.7583205452187699, -0.05676957225185521, -0.14634663083986849, 0.32748030686943763, 0.0, 0.0, 0.0, 0.0], [-0.46416036848524334, 0.0, 1.0864339616484786, -0.8581662162252593, 0.29421844652925805, 0.4498575298390419, 0.0, 0.0, 0.0, 0.0], [1.1697466981761608, 0.15477297582615715, 0.17439840058162137, -0.22798700907904548, 0.7433644376313455, -0.016740314132146644, 0.0, 0.0, 0.0, 0.0], [0.0, -0.06562845921323272, 1.1225571778443522, -0.8669054204003763, 0.09116031195233289, 0.22401993625821018, 0.0, 0.0, 0.0, 0.0], [0.0, 0.0, 0.0, 0.0, 0.0, 0.5007082204715896, -0.04523757316887709, -0.1372798603157309, -0.08667948503996224, 0.0], [0.0, 0.0, 0.0, 0.0, 0.0, 0.0, 0.0, 0.3719490996986601, 0.5376075800682558, 0.0], [0.0, 0.0, 0.0, 0.0, 0.0, 0.31137532156455927, 0.3479977126561271, 0.5068532446064826, -0.06465373061888842, 0.0], [0.0, 0.0, 0.0, 0.0, 0.0, 0.0, 0.0, 0.0, 0.14346683605516047, 0.5396259749049457]]),
     np.array([4.93420293581073, 3.066908762754581, 2.1820110709824743, 3.3120555559790414, 5.024949803422071, 1.3773001208702427, 2.2297708910381417, 1.9284175461747766, 1.6666066918362046, 2.2458683547366793]),
     np.array([[0.1304701328098739, 0.0, 0.21733026786848447, -0.9523990718261427, 0.3044097153284084, 0.6015113131611771, 0.0, 0.0, 0.0, 0.0], [0.0, -0.21229043945136486, 0.0, 0.0, 0.0, 0.0, 0.0, 0.0, 0.0, 0.0], [0.15521071343557505, -0.8641795256951378, 0.7583205452187699, -0.05676957225185521, -0.14634663083986849, 0.32748030686943763, 0.0, 0.0, 0.0, 0.0], [0.0, 0.0, 0.0, 0.11841974012500779, 0.0, 0.0, 0.0, 0.0, 0.0, 0.0], [1.1697466981761608, 0.15477297582615715, 0.17439840058162137, -0.22798700907904548, 0.7433644376313455, -0.016740314132146644, 0.0, 0.0, 0.0, 0.0], [0.0, -0.06562845921323272, 1.1225571778443522, -0.890833158260949, 0.09116031195233289, 0.22401993625821018, 0.0, 0.0, 0.0, 0.0], [0.0, 0.0, 0.0, 0.0, 0.0, 0.5007082204715896, -0.04523757316887709, -0.1372798603157309, -0.08667948503996224, 0.0], [0.0, 0.0, 0.0, 0.0, 0.0, 0.0, 0.0, 0.3719490996986601, 0.5376075800682558, 0.0], [0.0, 0.0, 0.0, 0.0, 0.0, 0.0, 0.0, 0.0, -0.06465373061888842, 0.0], [0.0, 0.0, 0.0, 0.0, 0.0, 0.0, 0.0, 0.0, 0.14346683605516047, 0.5396259749049457]])),
    (np.array([1.004292634751288, 1.458289891119868, 1.083774881280703, 0.7611572641320395, 0.36768966094636374, 0.23779098417592928, 1.212124690464417, 1.0414993136674784, 0.31961892620111076, 1.5539240381714765]),
     np.array([[0.8098306137446138, 0.0, 0.20030258973276688, -0.6199177944725438, 0.5748582505916978, 0.8194965383028694, 0.0, 0.0, 0.0, 0.0], [0.9944025262092762, -0.3994138134890972, -0.37385811277361053, 0.0, 0.14498807497941127, 0.0, 0.0, 0.0, 0.0, 0.0], [0.18670975682567592, -0.8374726384879313, 0.5716899069188387, 0.13797647476260522, -0.020366461681668113, 0.31505530312459484, 0.0, 0.0, 0.0, 0.0], [-0.2625378336591395, 0.0, 1.4325199520949528, -0.8810696460601003, 0.10816900548745578, 0.1951174257608133, 0.0, 0.0, 0.0, 0.0], [1.0579941077294124, 0.29091448710758866, 0.2555893863959242, -0.416221890859034, 0.7077908091496895, 0.35999756645859005, 0.0, 0.0, 0.0, 0.0], [0.0, -0.0804738021798162, 1.1712693943623291, -0.8682764488122561, 0.10216804776446885, 0.23675039153426675, 0.0, 0.0, 0.0, 0.0], [0.0, 0.0, 0.0, 0.0, 0.0, 0.5964165035568084, -0.12466779984853071, -0.30151415779447166, -0.22242504217926914, 0.0], [0.0, 0.0, 0.0, 0.0, 0.0, 0.0, 0.0, 0.36670440005829086, 0.5611357596952892, 0.0], [0.0, 0.0, 0.0, 0.0, 0.0, 0.2543150248273335, 0.357745005884235, 0.5367569946895974, -0.15083457037468545, 0.0], [0.0, 0.0, 0.0, 0.0, 0.0, 0.0, 0.0, 0.0, 0.3581216714845006, 0.8284414350716849]]),
     np.array([6.931371450005218, 2.629980173267841, 2.1647759348922615, 3.4437399078586632, 5.091327014818002, 1.635894378498967, 3.359644793370013, 1.8948436090603324, 1.8320228352581778, 3.084937126748958]),
     np.array([[0.8098306137446138, 0.0, 0.20030258973276688, -0.6199177944725438, 0.5748582505916978, 0.8194965383028694, 0.0, 0.0, 0.0, 0.0], [0.0, -0.3994138134890972, 0.0, 0.0, 0.0, 0.0, 0.0, 0.0, 0.0, 0.0], [0.18670975682567592, -0.8374726384879313, 0.5716899069188387, 0.13797647476260522, -0.020366461681668113, 0.31505530312459484, 0.0, 0.0, 0.0, 0.0], [0.0, 0.0, 0.0, 0.09231615201707194, 0.0, 0.0, 0.0, 0.0, 0.0, 0.0], [1.0579941077294124, 0.29091448710758866, 0.2555893863959242, -0.416221890859034, 0.7077908091496895, 0.35999756645859005, 0.0, 0.0, 0.0, 0.0], [0.0, -0.0804738021798162, 1.1712693943623291, -0.9098656360195966, 0.10216804776446885, 0.23675039153426675, 0.0, 0.0, 0.0, 0.0], [0.0, 0.0, 0.0, 0.0, 0.0, 0.5964165035568084, -0.12466779984853071, -0.30151415779447166, -0.22242504217926914, 0.0], [0.0, 0.0, 0.0, 0.0, 0.0, 0.0, 0.0, 0.36670440005829086, 0.5611357596952892, 0.0], [0.0, 0.0, 0.0, 0.0, 0.0, 0.0, 0.0, 0.0, -0.15083457037468545, 0.0], [0.0, 0.0, 0.0, 0.0, 0.0, 0.0, 0.0, 0.0, 0.3581216714845006, 0.8284414350716849]])),
    (np.array([0.984193403716857, 1.4605019148484715, 1.2090644925282565, 0.7815283408848303, 0.4590725168917722, 0.34818669202038094, 1.2003114162668653, 0.9400477283253998, 0.30281139415412134, 1.7030040740724042]),
     np.array([[0.5119471013578756, 0.0, 0.24280463157846613, -0.8488466974676169, 0.6777552788789925, 0.6693331232271781, 0.0, 0.0, 0.0, 0.0], [0.9810291286851922, -0.5797324919576494, -0.36030418368071526, 0.0, 0.18551937511294359, 0.0, 0.0, 0.0, 0.0, 0.0], [0.24262667669076204, -0.9173688873623916, 0.6294017999599162, 0.0026555589096317455, -0.0840265678990013, 0.3568013586783992, 0.0, 0.0, 0.0, 0.0], [-0.41491176291474136, 0.0, 1.3917152699864987, -0.8284707128694352, 0.16682353211500425, 0.17729186004472208, 0.0, 0.0, 0.0, 0.0], [1.2113729962991444, 0.26205162845893953, 0.05492396779986923, -0.012305543547192505, 0.8653974317491439, -0.015330556563228261, 0.0, 0.0, 0.0, 0.0], [0.0, -0.15557745386266403, 1.0950863940748026, -0.865566341391133, 0.15862391170766396, 0.21053459327853116, 0.0, 0.0, 0.0, 0.0], [0.0, 0.0, 0.0, 0.0, 0.0, 0.26626538599664845, -0.10204433138285886, -0.17039993636867337, -0.0766812046289177, 0.0], [0.0, 0.0, 0.0, 0.0, 0.0, 0.0, 0.0, 0.398465351240736, 0.49090624668398014, 0.0], [0.0, 0.0, 0.0, 0.0, 0.0, 0.2698619088489884, 0.24725241578279256, 0.5417428922440284, -0.04319922698040612, 0.0], [0.0, 0.0, 0.0, 0.0, 0.0, 0.0, 0.0, 0.0, 0.26256963674057104, 0.4677329389975128]]),
     np.array([6.81022810678141, 3.649141463862786, 2.166772116496889, 3.809576405684795, 6.442835946674862, 1.5496362786269597, 1.287201932413671, 1.588941410243029, 1.5384454098678444, 3.00481439738554]),
     np.array([[0.5119471013578756, 0.0, 0.24280463157846613, -0.8488466974676169, 0.6777552788789925, 0.6693331232271781, 0.0, 0.0, 0.0, 0.0], [0.0, -0.5797324919576494, 0.0, 0.0, 0.0, 0.0, 0.0, 0.0, 0.0, 0.0], [0.24262667669076204, -0.9173688873623916, 0.6294017999599162, 0.0026555589096317455, -0.0840265678990013, 0.3568013586783992, 0.0, 0.0, 0.0, 0.0], [0.0, 0.0, 0.0, 0.09624098841186868, 0.0, 0.0, 0.0, 0.0, 0.0, 0.0], [1.2113729962991444, 0.26205162845893953, 0.05492396779986923, -0.012305543547192505, 0.8653974317491439, -0.015330556563228261, 0.0, 0.0, 0.0, 0.0], [0.0, -0.15557745386266403, 1.0950863940748026, -0.9178203352488965, 0.15862391170766396, 0.21053459327853116, 0.0, 0.0, 0.0, 0.0], [0.0, 0.0, 0.0, 0.0, 0.0, 0.26626538599664845, -0.10204433138285886, -0.17039993636867337, -0.0766812046289177, 0.0], [0.0, 0.0, 0.0, 0.0, 0.0, 0.0, 0.0, 0.398465351240736, 0.49090624668398014, 0.0], [0.0, 0.0, 0.0, 0.0, 0.0, 0.0, 0.0, 0.0, -0.04319922698040612, 0.0], [0.0, 0.0, 0.0, 0.0, 0.0, 0.0, 0.0, 0.0, 0.26256963674057104, 0.4677329389975128]])),
    (np.array([1.0519753406022607, 1.3077588842157102, 1.1307258083215128, 0.8717312891755628, 0.49078010037049546, 0.23569132396006579, 1.1340132489564207, 1.0057586325748848, 0.1409613422481093, 1.3965319911518201]),
     np.array([[0.5865947620560883, 0.0, -0.04619123352493321, -0.7021733127769872, 0.5387883035464959, 0.8183461987487419, 0.0, 0.0, 0.0, 0.0], [0.9615820516867752, -0.3755746540906958, -0.2051317856910679, 0.0, 0.25128838803118314, 0.0, 0.0, 0.0, 0.0, 0.0], [0.20393456071660895, -0.9360035589543221, 0.7612709941152523, -0.0015309506582311843, -0.1646624635000675, 0.5162537511358741, 0.0, 0.0, 0.0, 0.0], [-0.43626108253173823, 0.0, 0.8710608919602375, -0.857061461138622, 0.14412227157638988, 0.23995719039771443, 0.0, 0.0, 0.0, 0.0], [0.7274070151280422, 0.13961420364470878, 0.05813815022230689, -0.3881093798214426, 0.4740109981646216, -0.03483976280983744, 0.0, 0.0, 0.0, 0.0], [0.0, -0.08006623339069166, 1.0396709323090152, -0.7672010145707362, 0.08864230590060622, 0.2160033943313129, 0.0, 0.0, 0.0, 0.0], [0.0, 0.0, 0.0, 0.0, 0.0, 0.7188045625879785, -0.22793879507876916, -0.340176747745641, -0.0038308677652314025, 0.0], [0.0, 0.0, 0.0, 0.0, 0.0, 0.0, 0.0, 0.5215553073230706, 0.3783630887521066, 0.0], [0.0, 0.0, 0.0, 0.0, 0.0, 0.3287499221108229, 0.2898026773659102, 0.5411079280648675, 0.10161535726277353, 0.0], [0.0, 0.0, 0.0, 0.0, 0.0, 0.0, 0.0, 0.0, 0.6124957074313073, 0.5853632807576056]]),
     np.array([5.887383766790093, 3.1338891854464492, 2.548960691839061, 3.7563348097889095, 3.6808243788172685, 1.4231171859275094, 4.222614171832826, 1.7472583812142863, 1.239922989985535, 2.0990072763392735]),
     np.array([[0.5865947620560883, 0.0, -0.04619123352493321, -0.7021733127769872, 0.5387883035464959, 0.8183461987487419, 0.0, 0.0, 0.0, 0.0], [0.0, -0.3755746540906958, 0.0, 0.0, 0.0, 0.0, 0.0, 0.0, 0.0, 0.0], [0.20393456071660895, -0.9360035589543221, 0.7612709941152523, -0.0015309506582311843, -0.1646624635000675, 0.5162537511358741, 0.0, 0.0, 0.0, 0.0], [0.0, 0.0, 0.0, -0.10145384093334944, 0.0, 0.0, 0.0, 0.0, 0.0, 0.0], [0.7274070151280422, 0.13961420364470878, 0.05813815022230689, -0.3881093798214426, 0.4740109981646216, -0.03483976280983744, 0.0, 0.0, 0.0, 0.0], [0.0, -0.08006623339069166, 1.0396709323090152, -0.8787311536876647, 0.08864230590060622, 0.2160033943313129, 0.0, 0.0, 0.0, 0.0], [0.0, 0.0, 0.0, 0.0, 0.0, 0.7188045625879785, -0.22793879507876916, -0.340176747745641, -0.0038308677652314025, 0.0], [0.0, 0.0, 0.0, 0.0, 0.0, 0.0, 0.0, 0.5215553073230706, 0.3783630887521066, 0.0], [0.0, 0.0, 0.0, 0.0, 0.0, 0.0, 0.0, 0.0, 0.10161535726277353, 0.0], [0.0, 0.0, 0.0, 0.0, 0.0, 0.0, 0.0, 0.0, 0.6124957074313073, 0.5853632807576056]])),
]

gvm_gvm_final_estimation = (
    np.array([1.003179025814856, 1.302549905728803, 1.1906720404783855, 0.7990435466021752, 0.4318901156187493, 0.2967740984680931, 1.0937173728740788, 0.9967442008206819, 0.2748951787527478, 1.507703513301615]),
    np.array([[0.5187714362714969, 0.0, 0.22020480126937184, -0.8000278031591733, 0.50579596213389, 0.6961353122823039, 0.0, 0.0, 0.0, 0.0], [1.0590619163625816, -0.3948853236740415, -0.219300237659768, 0.0, 0.2153624776023935, 0.0, 0.0, 0.0, 0.0, 0.0], [0.17368536210706334, -0.8890420851326593, 0.7078265109632415, 0.07212625353689514, -0.08701081325907187, 0.32314954183928973, 0.0, 0.0, 0.0, 0.0], [-0.39048444078651634, 0.0, 1.1941635798976833, -0.7997824305152095, 0.19969594680748207, 0.18759407310492185, 0.0, 0.0, 0.0, 0.0], [1.1566195757115705, 0.2617371616860137, 0.10479648571226231, -0.2428458780522504, 0.7153141504634419, 0.10719386709175019, 0.0, 0.0, 0.0, 0.0], [0.0, -0.1027583916749459, 1.0245241731236998, -0.7954127043471767, 0.10021877768942263, 0.23772187812634016, 0.0, 0.0, 0.0, 0.0], [0.0, 0.0, 0.0, 0.0, 0.0, 0.4942217615777038, -0.08706684526590805, -0.2043314174509195, -0.1059386108832193, 0.0], [0.0, 0.0, 0.0, 0.0, 0.0, 0.0, 0.0, 0.48162499581405943, 0.5402378574996549, 0.0], [0.0, 0.0, 0.0, 0.0, 0.0, 0.296974988371848, 0.3098700982800817, 0.5116909803959659, -0.04365097685215569, 0.0], [0.0, 0.0, 0.0, 0.0, 0.0, 0.0, 0.0, 0.0, 0.3857070438086432, 0.6011074518136541]]),
    np.array([5.8571074330988955, 3.2095415027552323, 2.187630562460181, 3.5496651411120483, 5.666122671894442, 1.447392324326613, 2.531692648009658, 1.9998360140492593, 1.5911551263537569, 2.3867813076322175]),
    np.array([[0.5187714362714969, 0.0, 0.22020480126937184, -0.8000278031591733, 0.50579596213389, 0.6961353122823039, 0.0, 0.0, 0.0, 0.0], [0.0, -0.3948853236740415, 0.0, 0.0, 0.0, 0.0, 0.0, 0.0, 0.0, 0.0], [0.17368536210706334, -0.8890420851326593, 0.7078265109632415, 0.07212625353689514, -0.08701081325907187, 0.32314954183928973, 0.0, 0.0, 0.0, 0.0], [0.0, 0.0, 0.0, -0.07496343483874993, 0.0, 0.0, 0.0, 0.0, 0.0, 0.0], [1.1566195757115705, 0.2617371616860137, 0.10479648571226231, -0.2428458780522504, 0.7153141504634419, 0.10719386709175019, 0.0, 0.0, 0.0, 0.0], [0.0, -0.1027583916749459, 1.0245241731236998, -0.8957513677239952, 0.10021877768942263, 0.23772187812634016, 0.0, 0.0, 0.0, 0.0], [0.0, 0.0, 0.0, 0.0, 0.0, 0.4942217615777038, -0.08706684526590805, -0.2043314174509195, -0.1059386108832193, 0.0], [0.0, 0.0, 0.0, 0.0, 0.0, 0.0, 0.0, 0.48162499581405943, 0.5402378574996549, 0.0], [0.0, 0.0, 0.0, 0.0, 0.0, 0.0, 0.0, 0.0, -0.04365097685215569, 0.0], [0.0, 0.0, 0.0, 0.0, 0.0, 0.0, 0.0, 0.0, 0.3857070438086432, 0.6011074518136541]])
)

gvm_gvm_interaction_matrix =   np.array([[False, True, False, False, False, False, True, True, True, True], [False, False, False, True, False, True, True, True, True, True], [False, False, False, False, False, False, True, True, True, True], [False, True, False, False, False, False, True, True, True, True], [False, False, False, False, False, False, True, True, True, True], [True, False, False, False, False, False, True, True, True, True], [True, True, True, True, True, False, False, False, False, True], [True, True, True, True, True, True, True, False, False, True], [True, True, True, True, True, False, False, False, False, True], [True, True, True, True, True, True, True, True, False, False]])

gvm_gvm_matrix_hp =   np.array([[True, True, True, True, True, True, True, True, True, True], [False, True, False, True, False, True, True, True, True, True], [True, True, True, True, True, True, True, True, True, True], [False, True, False, False, False, False, True, True, True, True], [True, True, True, True, True, True, True, True, True, True], [True, True, True, False, True, True, True, True, True, True], [True, True, True, True, True, True, True, True, True, True], [True, True, True, True, True, True, True, True, True, True], [True, True, True, True, True, False, False, False, True, True], [True, True, True, True, True, True, True, True, True, True]])

gvm_gvm_matrix_vm =   np.array([[False, True, False, False, False, False, True, True, True, True], [True, False, True, True, True, True, True, True, True, True], [False, False, False, False, False, False, True, True, True, True], [True, True, True, False, True, True, True, True, True, True], [False, False, False, False, False, False, True, True, True, True], [True, False, False, False, False, False, True, True, True, True], [True, True, True, True, True, False, False, False, False, True], [True, True, True, True, True, True, True, False, False, True], [True, True, True, True, True, True, True, True, False, True], [True, True, True, True, True, True, True, True, False, False]])

gvm_gvm_pvalues = np.array(
[0.06501568395193924, 0.15542511148030236, 0.09981654209453261, 0.9300710641170072, 0.991566361911325, 0.5776600480048435, 0.5399691259910664, 0.3246291362636875, 0.29482410992805463, 0.15785678847637308, 0.8279811196679138, 0.6975450219569168, 0.9936683498074217, 0.08248437081775306, 0.24171906799159704, 0.211152626402068, 0.7854908889451478, 0.5990327688877493, 0.47634807721256456, 0.8899003939448303, 0.8091164927981034, 0.6797517035490143, 0.160227708507655, 0.8311473951483569, 0.2532925161071252, 0.9683930740924286, 0.6017723737474012, 0.27613728110590663, 0.2970190488401626, 0.5600056442053145, 0.7930104434736667, 0.08618760848401408, 0.1267518770988556, 0.2206150502953036, 0.8325372323193049, 0.882565711554382, 0.27015248668399405, 0.7613616445525981, 0.8040306548849117, 0.6779157250073711, 0.1638037642386384, 0.8655147270386474, 0.04032215009251083, 0.9722185029386351, 0.20437316148827378, 0.6744557979320358, 0.9147106872723103, 0.3247522679597814, 0.9223078770277807, 0.9356325602918953]
)

